town,flat_type,block,street_name,storey_range,floor_area_sqm,flat_model,lease_commence_date,remaining_lease,resale_price,address,lat,lon,postal,dist_to_cbd,dist_to_mrt,storey_avg
ANG MO KIO,2 ROOM,314,ANG MO KIO AVE 3,04 TO 06,44.0,Improved,1978,679,198000.0,314 ANG MO KIO AVE 3,1.36622707120636,103.850085858983,560314,9.155702331568097,0.41625453848160804,5.0
ANG MO KIO,2 ROOM,314,ANG MO KIO AVE 3,04 TO 06,44.0,Improved,1978,678,207000.0,314 ANG MO KIO AVE 3,1.36622707120636,103.850085858983,560314,9.155702331568097,0.41625453848160804,5.0
ANG MO KIO,2 ROOM,510,ANG MO KIO AVE 8,01 TO 03,44.0,Improved,1980,708,198000.0,510 ANG MO KIO AVE 8,1.37340092645025,103.849073244454,560510,9.955704613824578,0.38934548595381324,2.0
ANG MO KIO,2 ROOM,508,ANG MO KIO AVE 8,01 TO 03,44.0,Improved,1980,707,208000.0,508 ANG MO KIO AVE 8,1.3737900820123,103.849028999189,560508,9.999094826781615,0.4328832896149984,2.0
ANG MO KIO,3 ROOM,218,ANG MO KIO AVE 1,10 TO 12,82.0,New Generation,1976,659,290000.0,218 ANG MO KIO AVE 1,1.36511908595886,103.841742478489,560218,9.096056464708559,0.9102377330900201,11.0
ANG MO KIO,3 ROOM,332,ANG MO KIO AVE 1,04 TO 06,68.0,New Generation,1981,715,285000.0,332 ANG MO KIO AVE 1,1.36167030761833,103.851955453764,560332,8.647811866530477,0.9566568944378818,5.0
ANG MO KIO,3 ROOM,333,ANG MO KIO AVE 1,04 TO 06,82.0,New Generation,1981,714,336000.0,333 ANG MO KIO AVE 1,1.3613425564061,103.851698621454,560333,8.611247685843722,0.9844226269130669,5.0
ANG MO KIO,3 ROOM,219,ANG MO KIO AVE 1,01 TO 03,67.0,New Generation,1977,672,236000.0,219 ANG MO KIO AVE 1,1.36598198004505,103.840654039612,560219,9.206391583966562,0.7601354642269453,2.0
ANG MO KIO,3 ROOM,440,ANG MO KIO AVE 10,10 TO 12,67.0,New Generation,1979,691,253000.0,440 ANG MO KIO AVE 10,1.36642789831215,103.854311491141,560440,9.182004305824039,0.6566012648792751,11.0
ANG MO KIO,3 ROOM,560,ANG MO KIO AVE 10,04 TO 06,67.0,New Generation,1980,704,255000.0,560 ANG MO KIO AVE 10,1.37081626777721,103.859192334256,560560,9.70240432803431,1.075460398989034,5.0
ANG MO KIO,3 ROOM,418,ANG MO KIO AVE 10,01 TO 03,89.0,New Generation,1979,698,328000.0,418 ANG MO KIO AVE 10,1.3649460137791,103.854043379775,560418,9.01633967010052,0.7457340562456705,2.0
ANG MO KIO,3 ROOM,445,ANG MO KIO AVE 10,07 TO 09,67.0,New Generation,1979,698,286000.0,445 ANG MO KIO AVE 10,1.36698004515058,103.85571808973,560445,9.249972156426661,0.7594249390917939,8.0
ANG MO KIO,3 ROOM,441,ANG MO KIO AVE 10,04 TO 06,67.0,New Generation,1979,690,230000.0,441 ANG MO KIO AVE 10,1.36605027829032,103.854168309853,560441,9.13950889539803,0.6701145821694227,5.0
ANG MO KIO,3 ROOM,560,ANG MO KIO AVE 10,10 TO 12,67.0,New Generation,1980,703,265000.0,560 ANG MO KIO AVE 10,1.37081626777721,103.859192334256,560560,9.70240432803431,1.075460398989034,11.0
ANG MO KIO,3 ROOM,466,ANG MO KIO AVE 10,10 TO 12,67.0,New Generation,1984,758,266000.0,466 ANG MO KIO AVE 10,1.36581960538764,103.857061606231,560466,9.130001843593144,0.9512952668772183,11.0
ANG MO KIO,3 ROOM,550,ANG MO KIO AVE 10,04 TO 06,68.0,New Generation,1981,714,267000.0,550 ANG MO KIO AVE 10,1.37360769512088,103.85820494173,560550,10.002849020989542,1.0444428983556937,5.0
ANG MO KIO,3 ROOM,465,ANG MO KIO AVE 10,13 TO 15,68.0,New Generation,1980,703,265000.0,465 ANG MO KIO AVE 10,1.3662010408294,103.857200967235,560465,9.173375879369168,0.9455392877059532,14.0
ANG MO KIO,3 ROOM,540,ANG MO KIO AVE 10,10 TO 12,68.0,New Generation,1981,714,272000.0,540 ANG MO KIO AVE 10,1.37529376778898,103.855452425625,560540,10.172016863246968,0.885789742183868,11.0
ANG MO KIO,3 ROOM,471,ANG MO KIO AVE 10,07 TO 09,82.0,New Generation,1979,696,315000.0,471 ANG MO KIO AVE 10,1.36346600647245,103.856702918462,560471,8.866221657830522,1.0714207894828103,8.0
ANG MO KIO,3 ROOM,416,ANG MO KIO AVE 10,07 TO 09,74.0,New Generation,1979,697,270000.0,416 ANG MO KIO AVE 10,1.3645417089084,103.855103690549,560416,8.975893108916974,0.8599015868323396,8.0
ANG MO KIO,3 ROOM,457,ANG MO KIO AVE 10,07 TO 09,75.0,New Generation,1980,702,262898.0,457 ANG MO KIO AVE 10,1.36569761910875,103.858941954115,560457,9.133025986937445,1.1445296393197957,8.0
ANG MO KIO,3 ROOM,559,ANG MO KIO AVE 10,04 TO 06,68.0,New Generation,1980,702,262000.0,559 ANG MO KIO AVE 10,1.37099810674697,103.857856391877,560559,9.710610496088655,0.9300298930000463,5.0
ANG MO KIO,3 ROOM,576,ANG MO KIO AVE 10,13 TO 15,67.0,New Generation,1980,702,268000.0,576 ANG MO KIO AVE 10,1.37140239598539,103.854845849383,560576,9.736929005757327,0.6100800322075863,14.0
ANG MO KIO,3 ROOM,550,ANG MO KIO AVE 10,04 TO 06,68.0,New Generation,1981,714,255000.0,550 ANG MO KIO AVE 10,1.37360769512088,103.85820494173,560550,10.002849020989542,1.0444428983556937,5.0
ANG MO KIO,3 ROOM,465,ANG MO KIO AVE 10,04 TO 06,68.0,New Generation,1980,703,270000.0,465 ANG MO KIO AVE 10,1.3662010408294,103.857200967235,560465,9.173375879369168,0.9455392877059532,5.0
ANG MO KIO,3 ROOM,556,ANG MO KIO AVE 10,04 TO 06,68.0,New Generation,1980,702,248000.0,556 ANG MO KIO AVE 10,1.37203236308683,103.857625375797,560556,9.823499726293202,0.926659939017858,5.0
ANG MO KIO,3 ROOM,416,ANG MO KIO AVE 10,01 TO 03,74.0,New Generation,1979,697,275000.0,416 ANG MO KIO AVE 10,1.3645417089084,103.855103690549,560416,8.975893108916974,0.8599015868323396,2.0
ANG MO KIO,3 ROOM,103,ANG MO KIO AVE 3,01 TO 03,74.0,New Generation,1978,680,285000.0,103 ANG MO KIO AVE 3,1.37101657804604,103.839304839187,560103,9.781324324021515,0.30828761424811496,2.0
ANG MO KIO,3 ROOM,570,ANG MO KIO AVE 3,10 TO 12,67.0,New Generation,1979,695,290000.0,570 ANG MO KIO AVE 3,1.3697435855576,103.856023138277,560570,9.558605252952804,0.7189796979061943,11.0
ANG MO KIO,3 ROOM,121,ANG MO KIO AVE 3,07 TO 09,82.0,New Generation,1978,687,335000.0,121 ANG MO KIO AVE 3,1.36970563478325,103.843515981311,560121,9.58234325667462,0.6721407659507671,8.0
ANG MO KIO,3 ROOM,313,ANG MO KIO AVE 3,10 TO 12,73.0,New Generation,1978,678,330000.0,313 ANG MO KIO AVE 3,1.36664972640598,103.850133665442,560313,9.202603304170436,0.3706660366371827,11.0
ANG MO KIO,3 ROOM,422,ANG MO KIO AVE 3,07 TO 09,73.0,New Generation,1979,690,295000.0,422 ANG MO KIO AVE 3,1.36799988809778,103.851873942231,560422,9.35157327971736,0.33538719554082075,8.0
ANG MO KIO,3 ROOM,122,ANG MO KIO AVE 3,10 TO 12,67.0,New Generation,1978,687,280000.0,122 ANG MO KIO AVE 3,1.37018860668947,103.843413231524,560122,9.636876495157786,0.6836765456627824,11.0
ANG MO KIO,3 ROOM,129,ANG MO KIO AVE 3,07 TO 09,88.0,New Generation,1979,690,300000.0,129 ANG MO KIO AVE 3,1.36989498895756,103.842059049722,560129,9.61962847240296,0.6348460307804131,8.0
ANG MO KIO,3 ROOM,587,ANG MO KIO AVE 3,01 TO 03,67.0,New Generation,1979,695,276000.0,587 ANG MO KIO AVE 3,1.37018880409798,103.852429487897,560587,9.595433584547617,0.32045218879373355,2.0
ANG MO KIO,3 ROOM,587,ANG MO KIO AVE 3,04 TO 06,67.0,New Generation,1979,695,290000.0,587 ANG MO KIO AVE 3,1.37018880409798,103.852429487897,560587,9.595433584547617,0.32045218879373355,5.0
ANG MO KIO,3 ROOM,130,ANG MO KIO AVE 3,07 TO 09,73.0,New Generation,1979,690,305000.0,130 ANG MO KIO AVE 3,1.37039791675237,103.841878840032,560130,9.677413126784607,0.6021609792159848,8.0
ANG MO KIO,3 ROOM,644,ANG MO KIO AVE 4,07 TO 09,89.0,New Generation,1980,712,385000.0,644 ANG MO KIO AVE 4,1.37914986228487,103.84093819913,560644,10.65618039126384,0.5315963643197184,8.0
ANG MO KIO,3 ROOM,156,ANG MO KIO AVE 4,10 TO 12,68.0,New Generation,1981,718,285000.0,156 ANG MO KIO AVE 4,1.37549519574964,103.839947470774,560156,10.265567731822154,0.5849415966115564,11.0
ANG MO KIO,3 ROOM,106,ANG MO KIO AVE 4,04 TO 06,74.0,New Generation,1978,681,338000.0,106 ANG MO KIO AVE 4,1.37193370323489,103.837486061851,560106,9.912089310820251,0.11470705274023581,5.0
ANG MO KIO,3 ROOM,631,ANG MO KIO AVE 4,04 TO 06,67.0,New Generation,1985,762,265000.0,631 ANG MO KIO AVE 4,1.3795572819161,103.840735651035,560631,10.703702522892799,0.5281720267262283,5.0
ANG MO KIO,3 ROOM,170,ANG MO KIO AVE 4,10 TO 12,69.0,Improved,1986,774,300000.0,170 ANG MO KIO AVE 4,1.37400071781295,103.83643153142,560170,10.157810781947376,0.2825665192480074,11.0
ANG MO KIO,3 ROOM,110,ANG MO KIO AVE 4,07 TO 09,67.0,New Generation,1978,685,278000.0,110 ANG MO KIO AVE 4,1.37045937010888,103.837419259859,560110,9.751411770519399,0.14635034727889681,8.0
ANG MO KIO,3 ROOM,106,ANG MO KIO AVE 4,04 TO 06,74.0,New Generation,1978,681,290000.0,106 ANG MO KIO AVE 4,1.37193370323489,103.837486061851,560106,9.912089310820251,0.11470705274023581,5.0
ANG MO KIO,3 ROOM,110,ANG MO KIO AVE 4,07 TO 09,67.0,New Generation,1978,685,274000.0,110 ANG MO KIO AVE 4,1.37045937010888,103.837419259859,560110,9.751411770519399,0.14635034727889681,8.0
ANG MO KIO,3 ROOM,631,ANG MO KIO AVE 4,01 TO 03,67.0,New Generation,1985,762,275000.0,631 ANG MO KIO AVE 4,1.3795572819161,103.840735651035,560631,10.703702522892799,0.5281720267262283,2.0
ANG MO KIO,3 ROOM,624,ANG MO KIO AVE 4,10 TO 12,68.0,New Generation,1980,710,260000.0,624 ANG MO KIO AVE 4,1.38156171229824,103.84000226873,560624,10.934445893256994,0.5501259735047691,11.0
ANG MO KIO,3 ROOM,107,ANG MO KIO AVE 4,04 TO 06,74.0,New Generation,1978,681,272000.0,107 ANG MO KIO AVE 4,1.37138400081003,103.837381409794,560107,9.853575889400975,0.09087474239929084,5.0
ANG MO KIO,3 ROOM,535,ANG MO KIO AVE 5,01 TO 03,67.0,New Generation,1980,704,245000.0,535 ANG MO KIO AVE 5,1.37458255258876,103.853049125302,560535,10.08491019428224,0.646431507761779,2.0
ANG MO KIO,3 ROOM,535,ANG MO KIO AVE 5,04 TO 06,67.0,New Generation,1980,704,255000.0,535 ANG MO KIO AVE 5,1.37458255258876,103.853049125302,560535,10.08491019428224,0.646431507761779,5.0
ANG MO KIO,3 ROOM,606,ANG MO KIO AVE 5,01 TO 03,67.0,New Generation,1980,708,250000.0,606 ANG MO KIO AVE 5,1.37932777238671,103.83673603156,560606,10.737260295868182,0.6958491607904697,2.0
ANG MO KIO,3 ROOM,180,ANG MO KIO AVE 5,07 TO 09,68.0,New Generation,1981,718,249000.0,180 ANG MO KIO AVE 5,1.37667706463381,103.838361037555,560180,10.419221531160867,0.6130711791068375,8.0
ANG MO KIO,3 ROOM,181,ANG MO KIO AVE 5,01 TO 03,68.0,New Generation,1981,717,240000.0,181 ANG MO KIO AVE 5,1.37679309896347,103.837142240849,560181,10.451827400581145,0.5960896302559214,2.0
ANG MO KIO,3 ROOM,523,ANG MO KIO AVE 5,10 TO 12,68.0,New Generation,1980,710,280000.0,523 ANG MO KIO AVE 5,1.3729419359545,103.852866402032,560523,9.902176623497816,0.497167287939918,11.0
ANG MO KIO,3 ROOM,150,ANG MO KIO AVE 5,07 TO 09,82.0,New Generation,1981,714,348000.0,150 ANG MO KIO AVE 5,1.37680678506745,103.842017962576,560150,10.38439844798752,0.6394546756026118,8.0
ANG MO KIO,3 ROOM,538,ANG MO KIO AVE 5,01 TO 03,68.0,New Generation,1980,703,250000.0,538 ANG MO KIO AVE 5,1.37559336678106,103.853347801104,560538,10.197906140184935,0.7573601071180294,2.0
ANG MO KIO,3 ROOM,507,ANG MO KIO AVE 8,10 TO 12,67.0,New Generation,1980,708,174000.0,507 ANG MO KIO AVE 8,1.37443139933504,103.850157484705,560507,10.067738515426033,0.5045976136896918,11.0
ANG MO KIO,3 ROOM,505,ANG MO KIO AVE 8,04 TO 06,68.0,New Generation,1980,710,285000.0,505 ANG MO KIO AVE 8,1.3748597302123,103.850224901404,560505,10.115253731781587,0.5527995320223941,5.0
ANG MO KIO,3 ROOM,709,ANG MO KIO AVE 8,04 TO 06,82.0,New Generation,1980,708,303000.0,709 ANG MO KIO AVE 8,1.37113720765377,103.847662320064,560709,9.70971155403836,0.24967500609278737,5.0
ANG MO KIO,3 ROOM,509,ANG MO KIO AVE 8,01 TO 03,67.0,New Generation,1980,707,290000.0,509 ANG MO KIO AVE 8,1.37400086510074,103.850139806283,560509,10.01990004191979,0.45690498661027007,2.0
ANG MO KIO,3 ROOM,650,ANG MO KIO ST 61,04 TO 06,67.0,Model A,2015,1133,420000.0,650 ANG MO KIO ST 61,1.37769118043958,103.84274515222,560650,10.474415439240504,0.514025320263265,5.0
ANG MO KIO,3 ROOM,650,ANG MO KIO ST 61,07 TO 09,67.0,Model A,2015,1133,445000.0,650 ANG MO KIO ST 61,1.37769118043958,103.84274515222,560650,10.474415439240504,0.514025320263265,8.0
ANG MO KIO,4 ROOM,303,ANG MO KIO AVE 1,07 TO 09,97.0,New Generation,1977,669,439000.0,303 ANG MO KIO AVE 1,1.36664920473672,103.84525455598,560303,9.22744758068635,0.6018374391236627,8.0
ANG MO KIO,4 ROOM,308A,ANG MO KIO AVE 1,10 TO 12,94.0,Model A,2012,1094,682888.0,308A ANG MO KIO AVE 1,1.36548342757106,103.844084739929,561308,9.10903812724442,0.7842293406863358,11.0
ANG MO KIO,4 ROOM,308A,ANG MO KIO AVE 1,01 TO 03,94.0,Model A,2012,1094,507000.0,308A ANG MO KIO AVE 1,1.36548342757106,103.844084739929,561308,9.10903812724442,0.7842293406863358,2.0
ANG MO KIO,4 ROOM,444,ANG MO KIO AVE 10,01 TO 03,92.0,New Generation,1979,699,330000.0,444 ANG MO KIO AVE 10,1.36660045321147,103.855578790668,560444,9.207042386697191,0.7650236067497667,2.0
ANG MO KIO,4 ROOM,465,ANG MO KIO AVE 10,07 TO 09,92.0,New Generation,1980,704,368000.0,465 ANG MO KIO AVE 10,1.3662010408294,103.857200967235,560465,9.173375879369168,0.9455392877059532,8.0
ANG MO KIO,4 ROOM,470,ANG MO KIO AVE 10,13 TO 15,92.0,New Generation,1979,701,345000.0,470 ANG MO KIO AVE 10,1.36408620030202,103.856692408941,560470,8.934962750354982,1.0255046368382281,14.0
ANG MO KIO,4 ROOM,536,ANG MO KIO AVE 10,10 TO 12,93.0,New Generation,1980,703,370000.0,536 ANG MO KIO AVE 10,1.37447378519738,103.854100515826,560536,10.075493491168814,0.714063363283465,11.0
ANG MO KIO,4 ROOM,465,ANG MO KIO AVE 10,07 TO 09,92.0,New Generation,1980,703,410000.0,465 ANG MO KIO AVE 10,1.3662010408294,103.857200967235,560465,9.173375879369168,0.9455392877059532,8.0
ANG MO KIO,4 ROOM,547,ANG MO KIO AVE 10,01 TO 03,92.0,New Generation,1981,714,350000.0,547 ANG MO KIO AVE 10,1.37420951743562,103.858209667888,560547,10.069622699762789,1.0728626683552613,2.0
ANG MO KIO,4 ROOM,326,ANG MO KIO AVE 3,13 TO 15,92.0,New Generation,1977,672,450000.0,326 ANG MO KIO AVE 3,1.36706933818888,103.847902498352,560326,9.256651335707012,0.3678034820622103,14.0
ANG MO KIO,4 ROOM,210,ANG MO KIO AVE 3,01 TO 03,91.0,New Generation,1977,670,340000.0,210 ANG MO KIO AVE 3,1.36856005913566,103.843235087734,560210,9.458498105127477,0.7192815960825566,2.0
ANG MO KIO,4 ROOM,423,ANG MO KIO AVE 3,04 TO 06,109.0,Model A,1993,861,580000.0,423 ANG MO KIO AVE 3,1.36876058776016,103.851771128044,560423,9.43611496632818,0.2784210947148679,5.0
ANG MO KIO,4 ROOM,585,ANG MO KIO AVE 3,01 TO 03,91.0,New Generation,1979,695,398000.0,585 ANG MO KIO AVE 3,1.37059756050933,103.852367040901,560585,9.640810699369142,0.3208676136135057,2.0
ANG MO KIO,4 ROOM,329,ANG MO KIO AVE 3,10 TO 12,98.0,New Generation,1978,678,450000.0,329 ANG MO KIO AVE 3,1.36659908629034,103.846874419073,560329,9.210084153522999,0.47586170200906736,11.0
ANG MO KIO,4 ROOM,108,ANG MO KIO AVE 4,10 TO 12,92.0,New Generation,1978,685,408000.0,108 ANG MO KIO AVE 4,1.37096635222625,103.838201940326,560108,9.793548410700083,0.18987466265822703,11.0
ANG MO KIO,4 ROOM,177,ANG MO KIO AVE 4,10 TO 12,91.0,New Generation,1981,717,395000.0,177 ANG MO KIO AVE 4,1.37583827139652,103.838123054825,560177,10.330656196719294,0.5162952329217316,11.0
ANG MO KIO,4 ROOM,700B,ANG MO KIO AVE 6,07 TO 09,90.0,Model A,2003,986,640000.0,700B ANG MO KIO AVE 6,1.36941049804616,103.846059822142,562700,9.527546339185541,0.3932020526061496,8.0
ANG MO KIO,4 ROOM,507,ANG MO KIO AVE 8,10 TO 12,91.0,New Generation,1980,707,400000.0,507 ANG MO KIO AVE 8,1.37443139933504,103.850157484705,560507,10.067738515426033,0.5045976136896918,11.0
ANG MO KIO,4 ROOM,316A,ANG MO KIO ST 31,16 TO 18,95.0,Model A,2006,1018,610000.0,316A ANG MO KIO ST 31,1.36476598625413,103.846907899709,562316,9.006366130307546,0.6456928490580165,17.0
ANG MO KIO,4 ROOM,316A,ANG MO KIO ST 31,16 TO 18,95.0,Model A,2006,1017,650000.0,316A ANG MO KIO ST 31,1.36476598625413,103.846907899709,562316,9.006366130307546,0.6456928490580165,17.0
ANG MO KIO,4 ROOM,353,ANG MO KIO ST 32,07 TO 09,95.0,Model A,2001,962,535000.0,353 ANG MO KIO ST 32,1.36406807879641,103.851612284582,560353,8.914292379998143,0.6909894825858846,8.0
ANG MO KIO,4 ROOM,588B,ANG MO KIO ST 52,22 TO 24,90.0,DBSS,2011,1082,740000.0,588B ANG MO KIO ST 52,1.37197571261128,103.853150894936,562588,9.795291760392502,0.4594453106285898,23.0
ANG MO KIO,4 ROOM,588B,ANG MO KIO ST 52,16 TO 18,90.0,DBSS,2011,1082,737000.0,588B ANG MO KIO ST 52,1.37197571261128,103.853150894936,562588,9.795291760392502,0.4594453106285898,17.0
ANG MO KIO,4 ROOM,588C,ANG MO KIO ST 52,10 TO 12,90.0,DBSS,2011,1079,732000.0,588C ANG MO KIO ST 52,1.37183157010083,103.853670978083,563588,9.780522465375947,0.5035759365248421,11.0
ANG MO KIO,4 ROOM,588D,ANG MO KIO ST 52,07 TO 09,91.0,DBSS,2011,1079,720000.0,588D ANG MO KIO ST 52,1.37175400663025,103.8538833087,564588,9.77251185972697,0.5216912642565662,8.0
ANG MO KIO,5 ROOM,306,ANG MO KIO AVE 1,13 TO 15,123.0,Standard,1977,673,545000.0,306 ANG MO KIO AVE 1,1.36572552222846,103.845750564626,560306,9.121003660705421,0.6309138267120099,14.0
ANG MO KIO,5 ROOM,402,ANG MO KIO AVE 10,13 TO 15,119.0,Improved,1979,694,560000.0,402 ANG MO KIO AVE 10,1.36147707782617,103.855300420198,560402,8.636516824089462,1.1364792669702435,14.0
ANG MO KIO,5 ROOM,423,ANG MO KIO AVE 3,01 TO 03,133.0,Improved,1993,862,650000.0,423 ANG MO KIO AVE 3,1.36876058776016,103.851771128044,560423,9.43611496632818,0.2784210947148679,2.0
ANG MO KIO,5 ROOM,101,ANG MO KIO AVE 3,01 TO 03,117.0,Standard,1978,680,420000.0,101 ANG MO KIO AVE 3,1.37026158388486,103.839467898898,560101,9.695672823248751,0.34897868922062464,2.0
ANG MO KIO,5 ROOM,617,ANG MO KIO AVE 4,07 TO 09,133.0,Model A,1996,899,730000.0,617 ANG MO KIO AVE 4,1.37751709681128,103.838053184066,560617,10.516524425097744,0.6931200365133541,8.0
ANG MO KIO,5 ROOM,725,ANG MO KIO AVE 6,10 TO 12,119.0,Improved,1980,707,615000.0,725 ANG MO KIO AVE 6,1.37279081671095,103.846911241497,560725,9.897362092399938,0.4330628570168648,11.0
ANG MO KIO,5 ROOM,627,ANG MO KIO AVE 9,07 TO 09,126.0,Improved,1993,860,580000.0,627 ANG MO KIO AVE 9,1.38183547752751,103.841369094655,560627,10.948007319657679,0.39785951719358764,8.0
ANG MO KIO,5 ROOM,353,ANG MO KIO ST 32,16 TO 18,110.0,Improved,2001,963,682000.0,353 ANG MO KIO ST 32,1.36406807879641,103.851612284582,560353,8.914292379998143,0.6909894825858846,17.0
ANG MO KIO,5 ROOM,588C,ANG MO KIO ST 52,25 TO 27,112.0,DBSS,2011,1079,875000.0,588C ANG MO KIO ST 52,1.37183157010083,103.853670978083,563588,9.780522465375947,0.5035759365248421,26.0
BEDOK,2 ROOM,114,BEDOK NTH ST 2,13 TO 15,44.0,Improved,1978,683,195000.0,114 BEDOK NTH ST 2,1.33050521254379,103.93581688525,460114,10.710376285608518,0.7867980674745843,14.0
BEDOK,2 ROOM,534,BEDOK NTH ST 3,13 TO 15,45.0,Improved,1986,775,210000.0,534 BEDOK NTH ST 3,1.33303698213001,103.924812248346,460534,9.811858129683335,0.782994029805127,14.0
BEDOK,2 ROOM,534,BEDOK NTH ST 3,07 TO 09,45.0,Improved,1986,775,210000.0,534 BEDOK NTH ST 3,1.33303698213001,103.924812248346,460534,9.811858129683335,0.782994029805127,8.0
BEDOK,2 ROOM,534,BEDOK NTH ST 3,10 TO 12,45.0,Improved,1986,775,205500.0,534 BEDOK NTH ST 3,1.33303698213001,103.924812248346,460534,9.811858129683335,0.782994029805127,11.0
BEDOK,2 ROOM,620,BEDOK RESERVOIR RD,04 TO 06,45.0,Improved,1986,781,222000.0,620 BEDOK RESERVOIR RD,1.33433432226397,103.917712559288,470620,9.253552850409799,0.0541203092659517,5.0
BEDOK,3 ROOM,220A,BEDOK CTRL,04 TO 06,69.0,Model A,2010,1066,455000.0,220A BEDOK CTRL,1.32569266983592,103.934602365058,461220,10.341157546320899,0.547533900735026,5.0
BEDOK,3 ROOM,221B,BEDOK CTRL,16 TO 18,69.0,Model A,2010,1066,510000.0,221B BEDOK CTRL,1.32500043309616,103.934497810091,462221,10.296381094147462,0.5143949521037174,17.0
BEDOK,3 ROOM,551,BEDOK NTH AVE 1,01 TO 03,83.0,New Generation,1980,705,295000.0,551 BEDOK NTH AVE 1,1.33226851755603,103.927036580009,460551,9.971844586099062,0.7528039284403639,2.0
BEDOK,3 ROOM,548,BEDOK NTH AVE 1,10 TO 12,68.0,New Generation,1980,708,250000.0,548 BEDOK NTH AVE 1,1.33131021834565,103.92685391703,460548,9.897587991652417,0.8395106803593013,11.0
BEDOK,3 ROOM,519,BEDOK NTH AVE 1,04 TO 06,67.0,New Generation,1979,696,285000.0,519 BEDOK NTH AVE 1,1.33087614142097,103.928059854349,460519,9.985971492891995,0.7883987770687786,5.0
BEDOK,3 ROOM,418,BEDOK NTH AVE 2,07 TO 09,67.0,New Generation,1978,688,298000.0,418 BEDOK NTH AVE 2,1.32856421177174,103.930036524233,460418,10.044338034147305,0.5097773631674271,8.0
BEDOK,3 ROOM,418,BEDOK NTH AVE 2,04 TO 06,67.0,New Generation,1978,688,300000.0,418 BEDOK NTH AVE 2,1.32856421177174,103.930036524233,460418,10.044338034147305,0.5097773631674271,5.0
BEDOK,3 ROOM,104,BEDOK NTH AVE 4,04 TO 06,67.0,New Generation,1977,673,260000.0,104 BEDOK NTH AVE 4,1.3332985212474,103.936601473643,460104,10.939397966004147,0.6091467645126328,5.0
BEDOK,3 ROOM,75,BEDOK NTH RD,01 TO 03,70.0,Improved,1978,679,295000.0,75 BEDOK NTH RD,1.32791477933184,103.942144427101,460075,11.202272127929763,0.47407495316280135,2.0
BEDOK,3 ROOM,115,BEDOK NTH RD,10 TO 12,73.0,New Generation,1978,682,300000.0,115 BEDOK NTH RD,1.33143368026417,103.936865404278,460115,10.862388378612435,0.772018990295335,11.0
BEDOK,3 ROOM,425,BEDOK NTH RD,04 TO 06,67.0,New Generation,1979,691,288000.0,425 BEDOK NTH RD,1.32936960154503,103.929067536324,460425,9.995847787089136,0.6079068706292043,5.0
BEDOK,3 ROOM,124,BEDOK NTH RD,10 TO 12,67.0,New Generation,1978,683,265000.0,124 BEDOK NTH RD,1.32925881944574,103.939046430321,460124,10.961482036686139,0.8435708638948134,11.0
BEDOK,3 ROOM,77,BEDOK NTH RD,07 TO 09,60.0,Improved,1986,777,240000.0,77 BEDOK NTH RD,1.32869611162886,103.941995599533,460077,11.225670898728461,0.5119417385092051,8.0
BEDOK,3 ROOM,124,BEDOK NTH RD,04 TO 06,67.0,New Generation,1978,682,280000.0,124 BEDOK NTH RD,1.32925881944574,103.939046430321,460124,10.961482036686139,0.8435708638948134,5.0
BEDOK,3 ROOM,420,BEDOK NTH ST 1,04 TO 06,68.0,New Generation,1979,691,326000.0,420 BEDOK NTH ST 1,1.32774467875638,103.928874390405,460420,9.887000370963822,0.43642716568786805,5.0
BEDOK,3 ROOM,201,BEDOK NTH ST 1,07 TO 09,73.0,New Generation,1979,696,335000.0,201 BEDOK NTH ST 1,1.3260876838722,103.928232502969,460201,9.734875153648153,0.30472882297847825,8.0
BEDOK,3 ROOM,201,BEDOK NTH ST 1,07 TO 09,88.0,New Generation,1979,696,388000.0,201 BEDOK NTH ST 1,1.3260876838722,103.928232502969,460201,9.734875153648153,0.30472882297847825,8.0
BEDOK,3 ROOM,203,BEDOK NTH ST 1,04 TO 06,68.0,New Generation,1977,672,320000.0,203 BEDOK NTH ST 1,1.32574461342215,103.929194613757,460203,9.810578003869127,0.21497028385016553,5.0
BEDOK,3 ROOM,138,BEDOK NTH ST 2,10 TO 12,67.0,New Generation,1978,682,305000.0,138 BEDOK NTH ST 2,1.33001011188999,103.936343483972,460138,10.735243301890621,0.8642033020877322,11.0
BEDOK,3 ROOM,138,BEDOK NTH ST 2,07 TO 09,67.0,New Generation,1978,682,275000.0,138 BEDOK NTH ST 2,1.33001011188999,103.936343483972,460138,10.735243301890621,0.8642033020877322,8.0
BEDOK,3 ROOM,138,BEDOK NTH ST 2,07 TO 09,67.0,New Generation,1978,682,280000.0,138 BEDOK NTH ST 2,1.33001011188999,103.936343483972,460138,10.735243301890621,0.8642033020877322,8.0
BEDOK,3 ROOM,127,BEDOK NTH ST 2,10 TO 12,67.0,New Generation,1978,682,268000.0,127 BEDOK NTH ST 2,1.32797407432231,103.937944117759,460127,10.787184656201902,0.9381369708402474,11.0
BEDOK,3 ROOM,122,BEDOK NTH ST 2,07 TO 09,67.0,New Generation,1978,680,288000.0,122 BEDOK NTH ST 2,1.32861719819893,103.937787149387,460122,10.804365527073571,0.9646924287691371,8.0
BEDOK,3 ROOM,129,BEDOK NTH ST 2,01 TO 03,82.0,New Generation,1978,682,315000.0,129 BEDOK NTH ST 2,1.32755443192195,103.938030484223,460129,10.774636799930631,0.9253480344020537,2.0
BEDOK,3 ROOM,138,BEDOK NTH ST 2,04 TO 06,67.0,New Generation,1978,681,270000.0,138 BEDOK NTH ST 2,1.33001011188999,103.936343483972,460138,10.735243301890621,0.8642033020877322,5.0
BEDOK,3 ROOM,504,BEDOK NTH ST 3,04 TO 06,59.0,Improved,1978,682,233000.0,504 BEDOK NTH ST 3,1.33188000305479,103.932389359044,460504,10.455729309431685,0.5259916811904705,5.0
BEDOK,3 ROOM,535,BEDOK NTH ST 3,07 TO 09,60.0,Improved,1986,775,261500.0,535 BEDOK NTH ST 3,1.33270278688381,103.923456730636,460535,9.666148534354583,0.6498530621767904,8.0
BEDOK,3 ROOM,530,BEDOK NTH ST 3,07 TO 09,68.0,New Generation,1979,698,241500.0,530 BEDOK NTH ST 3,1.33371332018833,103.927020293564,460530,10.057890455118546,0.6630114966672626,8.0
BEDOK,3 ROOM,534,BEDOK NTH ST 3,01 TO 03,60.0,Improved,1986,776,215000.0,534 BEDOK NTH ST 3,1.33303698213001,103.924812248346,460534,9.811858129683335,0.782994029805127,2.0
BEDOK,3 ROOM,534,BEDOK NTH ST 3,04 TO 06,60.0,Improved,1986,776,238000.0,534 BEDOK NTH ST 3,1.33303698213001,103.924812248346,460534,9.811858129683335,0.782994029805127,5.0
BEDOK,3 ROOM,542,BEDOK NTH ST 3,01 TO 03,67.0,New Generation,1985,771,240000.0,542 BEDOK NTH ST 3,1.33066590908483,103.922843972485,460542,9.483801582871392,0.7056905181032526,2.0
BEDOK,3 ROOM,545,BEDOK NTH ST 3,10 TO 12,68.0,New Generation,1980,707,260000.0,545 BEDOK NTH ST 3,1.3300514240201,103.924118031423,460545,9.565729712358642,0.858998983154451,11.0
BEDOK,3 ROOM,525,BEDOK NTH ST 3,07 TO 09,67.0,New Generation,1979,697,240000.0,525 BEDOK NTH ST 3,1.33460113941761,103.929445271638,460525,10.33748005569433,0.38201673463780944,8.0
BEDOK,3 ROOM,554,BEDOK NTH ST 3,04 TO 06,68.0,New Generation,1980,707,241000.0,554 BEDOK NTH ST 3,1.33262715051315,103.928172121608,460554,10.099710181757523,0.6323539254149537,5.0
BEDOK,3 ROOM,542,BEDOK NTH ST 3,10 TO 12,67.0,New Generation,1985,770,265000.0,542 BEDOK NTH ST 3,1.33066590908483,103.922843972485,460542,9.483801582871392,0.7056905181032526,11.0
BEDOK,3 ROOM,527,BEDOK NTH ST 3,01 TO 03,68.0,New Generation,1979,697,230000.0,527 BEDOK NTH ST 3,1.33391149180203,103.928158574193,460527,10.17577551828868,0.543325754672679,2.0
BEDOK,3 ROOM,530,BEDOK NTH ST 3,07 TO 09,68.0,New Generation,1979,697,275000.0,530 BEDOK NTH ST 3,1.33371332018833,103.927020293564,460530,10.057890455118546,0.6630114966672626,8.0
BEDOK,3 ROOM,535,BEDOK NTH ST 3,10 TO 12,60.0,Improved,1986,774,250000.0,535 BEDOK NTH ST 3,1.33270278688381,103.923456730636,460535,9.666148534354583,0.6498530621767904,11.0
BEDOK,3 ROOM,503,BEDOK NTH ST 3,13 TO 15,59.0,Improved,1978,681,242000.0,503 BEDOK NTH ST 3,1.33148387479968,103.932465913287,460503,10.440658655418266,0.5703376363473078,14.0
BEDOK,3 ROOM,546,BEDOK NTH ST 3,10 TO 12,68.0,New Generation,1980,706,256000.0,546 BEDOK NTH ST 3,1.33082005919243,103.925595840288,460546,9.75023366521512,0.9036035925665822,11.0
BEDOK,3 ROOM,748C,BEDOK RESERVOIR CRES,04 TO 06,66.0,DBSS,2014,1118,495000.0,748C BEDOK RESERVOIR CRES,1.33616175628116,103.921492598319,473748,9.711394674401447,0.4213502833871187,5.0
BEDOK,3 ROOM,712,BEDOK RESERVOIR RD,04 TO 06,68.0,New Generation,1981,721,284000.0,712 BEDOK RESERVOIR RD,1.33590729186163,103.922634043137,470712,9.796623805845941,0.5335216310649655,5.0
BEDOK,3 ROOM,610,BEDOK RESERVOIR RD,04 TO 06,67.0,New Generation,1982,733,270000.0,610 BEDOK RESERVOIR RD,1.33084879115082,103.912214924772,470610,8.532768509922542,0.6196656465180318,5.0
BEDOK,3 ROOM,150,BEDOK RESERVOIR RD,04 TO 06,63.0,Simplified,1988,805,278000.0,150 BEDOK RESERVOIR RD,1.33615375353551,103.912672307759,470150,8.944489642581667,0.48651822007318235,5.0
BEDOK,3 ROOM,105,BEDOK RESERVOIR RD,10 TO 12,67.0,New Generation,1985,770,240000.0,105 BEDOK RESERVOIR RD,1.32914437941094,103.909112780576,470105,8.144267843155449,0.6515364390030837,11.0
BEDOK,3 ROOM,713,BEDOK RESERVOIR RD,01 TO 03,68.0,New Generation,1981,721,285000.0,713 BEDOK RESERVOIR RD,1.33631180600308,103.922392167199,470713,9.801609985418079,0.5207829555746583,2.0
BEDOK,3 ROOM,116,BEDOK RESERVOIR RD,07 TO 09,67.0,New Generation,1986,776,282000.0,116 BEDOK RESERVOIR RD,1.33103784588692,103.908641634756,470116,8.235516021812234,0.4374031887752804,8.0
BEDOK,3 ROOM,609,BEDOK RESERVOIR RD,04 TO 06,67.0,New Generation,1982,732,270000.0,609 BEDOK RESERVOIR RD,1.33183921459218,103.912364855077,470609,8.613673730160546,0.5562707867974995,5.0
BEDOK,3 ROOM,617,BEDOK RESERVOIR RD,07 TO 09,60.0,Improved,1986,775,254000.0,617 BEDOK RESERVOIR RD,1.33312757781896,103.91651174393,470617,9.066087919716677,0.242508081096546,8.0
BEDOK,3 ROOM,619,BEDOK RESERVOIR RD,04 TO 06,68.0,New Generation,1981,716,270000.0,619 BEDOK RESERVOIR RD,1.33345012881091,103.917708768303,470619,9.193964405252132,0.14675442980571576,5.0
BEDOK,3 ROOM,712,BEDOK RESERVOIR RD,01 TO 03,68.0,New Generation,1981,720,272500.0,712 BEDOK RESERVOIR RD,1.33590729186163,103.922634043137,470712,9.796623805845941,0.5335216310649655,2.0
BEDOK,3 ROOM,144,BEDOK RESERVOIR RD,01 TO 03,64.0,Simplified,1987,787,260000.0,144 BEDOK RESERVOIR RD,1.33486976872987,103.912526824975,470144,8.839993683963126,0.4522471987012371,2.0
BEDOK,3 ROOM,616,BEDOK RESERVOIR RD,07 TO 09,68.0,New Generation,1982,730,302000.0,616 BEDOK RESERVOIR RD,1.33190396095581,103.915137759126,470616,8.862196957391623,0.44643901030405525,8.0
BEDOK,3 ROOM,2,BEDOK STH AVE 1,07 TO 09,73.0,Improved,1976,655,316000.0,2 BEDOK STH AVE 1,1.32130118793544,103.933299574181,460002,9.999238088789687,0.4738490887776314,8.0
BEDOK,3 ROOM,2,BEDOK STH AVE 1,04 TO 06,65.0,Improved,1976,654,257000.0,2 BEDOK STH AVE 1,1.32130118793544,103.933299574181,460002,9.999238088789687,0.4738490887776314,5.0
BEDOK,3 ROOM,3,BEDOK STH AVE 1,13 TO 15,59.0,Improved,1976,654,276388.0,3 BEDOK STH AVE 1,1.32191533930821,103.933180861675,460003,10.01586689691243,0.4230380149323454,14.0
BEDOK,3 ROOM,2,BEDOK STH AVE 1,10 TO 12,65.0,Improved,1976,655,245000.0,2 BEDOK STH AVE 1,1.32130118793544,103.933299574181,460002,9.999238088789687,0.4738490887776314,11.0
BEDOK,3 ROOM,2,BEDOK STH AVE 1,04 TO 06,65.0,Improved,1976,654,252000.0,2 BEDOK STH AVE 1,1.32130118793544,103.933299574181,460002,9.999238088789687,0.4738490887776314,5.0
BEDOK,3 ROOM,33,BEDOK STH AVE 2,01 TO 03,73.0,New Generation,1978,680,288000.0,33 BEDOK STH AVE 2,1.32283703302242,103.939124525951,460033,10.659747488952101,0.937287098446524,2.0
BEDOK,3 ROOM,39,BEDOK STH RD,04 TO 06,67.0,New Generation,1978,686,265000.0,39 BEDOK STH RD,1.32139766306096,103.93973036061,460039,10.65770035963885,0.9774241770549447,5.0
BEDOK,3 ROOM,39,BEDOK STH RD,10 TO 12,67.0,New Generation,1978,686,255000.0,39 BEDOK STH RD,1.32139766306096,103.93973036061,460039,10.65770035963885,0.9774241770549447,11.0
BEDOK,3 ROOM,40,CHAI CHEE AVE,13 TO 15,65.0,Improved,1974,631,260000.0,40 CHAI CHEE AVE,1.32604335303082,103.926488452026,461040,9.563030898121983,0.4513108147864845,14.0
BEDOK,3 ROOM,58,CHAI CHEE DR,04 TO 06,75.0,Model A,1983,750,300000.0,58 CHAI CHEE DR,1.32591889655628,103.91975686812,460058,8.910989162372807,0.9312386608362283,5.0
BEDOK,3 ROOM,55,CHAI CHEE DR,07 TO 09,75.0,Model A,1984,753,290000.0,55 CHAI CHEE DR,1.32684846948333,103.919015573079,460055,8.895981732366069,0.8852747629964381,8.0
BEDOK,3 ROOM,59,CHAI CHEE RD,10 TO 12,75.0,Model A,1984,750,318000.0,59 CHAI CHEE RD,1.32488916644196,103.920246730461,460059,8.898217555374835,0.917289992330481,11.0
BEDOK,3 ROOM,807C,CHAI CHEE RD,01 TO 03,68.0,Model A,2016,1144,433000.0,807C CHAI CHEE RD,1.3279979407231,103.92324860169,463807,9.362729023855747,0.871955843376045,2.0
BEDOK,3 ROOM,44,CHAI CHEE ST,04 TO 06,68.0,New Generation,1980,707,278000.0,44 CHAI CHEE ST,1.32901430131171,103.925667777871,461044,9.651117268495213,0.7373201648283558,5.0
BEDOK,3 ROOM,28,NEW UPP CHANGI RD,07 TO 09,65.0,Improved,1977,671,295000.0,28 NEW UPP CHANGI RD,1.32369451969703,103.934994919422,460028,10.282612672521651,0.5578887215252032,8.0
BEDOK,3 ROOM,29,NEW UPP CHANGI RD,07 TO 09,65.0,Improved,1977,671,273000.0,29 NEW UPP CHANGI RD,1.32395813360222,103.936341250384,464029,10.430394806168358,0.7066544155405785,8.0
BEDOK,3 ROOM,28,NEW UPP CHANGI RD,01 TO 03,65.0,Improved,1977,671,250000.0,28 NEW UPP CHANGI RD,1.32369451969703,103.934994919422,460028,10.282612672521651,0.5578887215252032,2.0
BEDOK,3 ROOM,57,NEW UPP CHANGI RD,01 TO 03,68.0,Improved,1985,771,278000.0,57 NEW UPP CHANGI RD,1.32424554153984,103.941568704132,461057,10.971695364059887,0.6237600432933111,2.0
BEDOK,3 ROOM,208,NEW UPP CHANGI RD,04 TO 06,68.0,New Generation,1979,695,315000.0,208 NEW UPP CHANGI RD,1.32569973464369,103.931074627428,460208,9.992740756737991,0.22639428192968195,5.0
BEDOK,3 ROOM,27,NEW UPP CHANGI RD,07 TO 09,65.0,Improved,1982,734,285000.0,27 NEW UPP CHANGI RD,1.32412432931246,103.934921045772,462027,10.295871561576522,0.5490075583877283,8.0
BEDOK,3 ROOM,29,NEW UPP CHANGI RD,07 TO 09,76.0,Improved,1977,670,280000.0,29 NEW UPP CHANGI RD,1.32395813360222,103.936341250384,464029,10.430394806168358,0.7066544155405785,8.0
BEDOK,4 ROOM,428,BEDOK NTH RD,10 TO 12,92.0,New Generation,1979,691,418000.0,428 BEDOK NTH RD,1.32953994162628,103.9276500842,460428,9.869966109727848,0.6704957175623898,11.0
BEDOK,4 ROOM,78,BEDOK NTH RD,01 TO 03,91.0,New Generation,1978,684,360000.0,78 BEDOK NTH RD,1.32726007220341,103.940848770214,460078,11.04090805930202,0.6112051296025407,2.0
BEDOK,4 ROOM,422,BEDOK NTH RD,01 TO 03,92.0,New Generation,1979,690,390000.0,422 BEDOK NTH RD,1.32868929343533,103.928893754255,460422,9.941075655974057,0.5375077600213731,2.0
BEDOK,4 ROOM,422,BEDOK NTH RD,13 TO 15,92.0,New Generation,1979,690,430000.0,422 BEDOK NTH RD,1.32868929343533,103.928893754255,460422,9.941075655974057,0.5375077600213731,14.0
BEDOK,4 ROOM,135,BEDOK NTH ST 2,10 TO 12,92.0,New Generation,1978,683,423000.0,135 BEDOK NTH ST 2,1.32873535148094,103.936506738278,460135,10.684321369340621,0.8973818335827057,11.0
BEDOK,4 ROOM,122,BEDOK NTH ST 2,07 TO 09,92.0,New Generation,1978,681,382000.0,122 BEDOK NTH ST 2,1.32861719819893,103.937787149387,460122,10.804365527073571,0.9646924287691371,8.0
BEDOK,4 ROOM,118,BEDOK NTH ST 2,04 TO 06,97.0,New Generation,1978,680,378000.0,118 BEDOK NTH ST 2,1.33043385999052,103.937481669683,460118,10.868927241336953,0.9008469231449895,5.0
BEDOK,4 ROOM,525,BEDOK NTH ST 3,10 TO 12,92.0,New Generation,1979,697,360000.0,525 BEDOK NTH ST 3,1.33460113941761,103.929445271638,460525,10.33748005569433,0.38201673463780944,11.0
BEDOK,4 ROOM,524,BEDOK NTH ST 3,04 TO 06,92.0,New Generation,1979,697,371000.0,524 BEDOK NTH ST 3,1.33484035279202,103.930637846839,460524,10.463228562681175,0.26482810004595453,5.0
BEDOK,4 ROOM,545,BEDOK NTH ST 3,01 TO 03,93.0,New Generation,1980,706,310000.0,545 BEDOK NTH ST 3,1.3300514240201,103.924118031423,460545,9.565729712358642,0.858998983154451,2.0
BEDOK,4 ROOM,530,BEDOK NTH ST 3,13 TO 15,92.0,New Generation,1979,697,405000.0,530 BEDOK NTH ST 3,1.33371332018833,103.927020293564,460530,10.057890455118546,0.6630114966672626,14.0
BEDOK,4 ROOM,547,BEDOK NTH ST 3,07 TO 09,92.0,New Generation,1980,706,332000.0,547 BEDOK NTH ST 3,1.33033113628205,103.925432072872,460547,9.705831345948466,0.8688213795775012,8.0
BEDOK,4 ROOM,747A,BEDOK RESERVOIR CRES,13 TO 15,87.0,DBSS,2014,1119,718000.0,747A BEDOK RESERVOIR CRES,1.3366395590937,103.921284387946,471747,9.724805440743584,0.42377329855213874,14.0
BEDOK,4 ROOM,748C,BEDOK RESERVOIR CRES,10 TO 12,87.0,DBSS,2014,1118,660000.0,748C BEDOK RESERVOIR CRES,1.33616175628116,103.921492598319,473748,9.711394674401447,0.4213502833871187,11.0
BEDOK,4 ROOM,748C,BEDOK RESERVOIR CRES,07 TO 09,87.0,DBSS,2014,1118,670000.0,748C BEDOK RESERVOIR CRES,1.33616175628116,103.921492598319,473748,9.711394674401447,0.4213502833871187,8.0
BEDOK,4 ROOM,748C,BEDOK RESERVOIR CRES,10 TO 12,87.0,DBSS,2014,1118,705000.0,748C BEDOK RESERVOIR CRES,1.33616175628116,103.921492598319,473748,9.711394674401447,0.4213502833871187,11.0
BEDOK,4 ROOM,748C,BEDOK RESERVOIR CRES,13 TO 15,87.0,DBSS,2014,1118,692000.0,748C BEDOK RESERVOIR CRES,1.33616175628116,103.921492598319,473748,9.711394674401447,0.4213502833871187,14.0
BEDOK,4 ROOM,748A,BEDOK RESERVOIR CRES,07 TO 09,87.0,DBSS,2014,1117,680000.0,748A BEDOK RESERVOIR CRES,1.33641902814806,103.920993282716,471748,9.684203322379014,0.3835343911710489,8.0
BEDOK,4 ROOM,747B,BEDOK RESERVOIR CRES,01 TO 03,85.0,DBSS,2014,1117,597000.0,747B BEDOK RESERVOIR CRES,1.33666009454076,103.921624733709,472747,9.756386465281777,0.458032324621906,2.0
BEDOK,4 ROOM,128,BEDOK RESERVOIR RD,07 TO 09,84.0,Simplified,1986,785,355000.0,128 BEDOK RESERVOIR RD,1.33334609718403,103.911344064946,470128,8.630589285452212,0.3678377685924369,8.0
BEDOK,4 ROOM,150,BEDOK RESERVOIR RD,01 TO 03,88.0,Simplified,1988,805,380000.0,150 BEDOK RESERVOIR RD,1.33615375353551,103.912672307759,470150,8.944489642581667,0.48651822007318235,2.0
BEDOK,4 ROOM,136,BEDOK RESERVOIR RD,07 TO 09,83.0,Simplified,1988,803,360000.0,136 BEDOK RESERVOIR RD,1.33353806122657,103.913536944229,470136,8.833183703675438,0.5115566545899538,8.0
BEDOK,4 ROOM,718,BEDOK RESERVOIR RD,04 TO 06,104.0,Model A,1984,751,400000.0,718 BEDOK RESERVOIR RD,1.3366305993765,103.92574851611,470718,10.12452573430022,0.7210304953707769,5.0
BEDOK,4 ROOM,623,BEDOK RESERVOIR RD,01 TO 03,91.0,New Generation,1981,716,350000.0,623 BEDOK RESERVOIR RD,1.33365754294799,103.916804692739,470623,9.127668297884613,0.17766771191652062,2.0
BEDOK,4 ROOM,103,BEDOK RESERVOIR RD,07 TO 09,96.0,New Generation,1985,767,378888.0,103 BEDOK RESERVOIR RD,1.32877022232019,103.909381354431,470103,8.142207484361576,0.6966583248334526,8.0
BEDOK,4 ROOM,723,BEDOK RESERVOIR RD,01 TO 03,103.0,Model A,1984,757,419000.0,723 BEDOK RESERVOIR RD,1.33695439373089,103.928960561768,470723,10.437981421673943,0.36599444825442545,2.0
BEDOK,4 ROOM,774,BEDOK RESERVOIR VIEW,16 TO 18,105.0,Premium Apartment,2000,953,550000.0,774 BEDOK RESERVOIR VIEW,1.3365822191075,103.93670727972,470774,11.137214210708931,0.4972094622511941,17.0
BEDOK,4 ROOM,5,BEDOK STH AVE 2,01 TO 03,82.0,Improved,1976,655,310000.0,5 BEDOK STH AVE 2,1.32219157915726,103.934399264462,460005,10.151663805459677,0.5295276591904791,2.0
BEDOK,4 ROOM,35,BEDOK STH AVE 2,10 TO 12,90.0,Improved,1977,675,310000.0,35 BEDOK STH AVE 2,1.32233220742919,103.939766219283,460035,10.70243537775815,0.909128213682054,11.0
BEDOK,4 ROOM,36,BEDOK STH AVE 2,10 TO 12,84.0,Improved,1977,675,300000.0,36 BEDOK STH AVE 2,1.32163299655185,103.938441289401,460036,10.536362896787734,0.9756525531748973,11.0
BEDOK,4 ROOM,171,BEDOK STH RD,10 TO 12,84.0,Simplified,1985,772,388000.0,171 BEDOK STH RD,1.32089676770365,103.945428720471,460171,11.222872132091446,0.6016887707515708,11.0
BEDOK,4 ROOM,44,BEDOK STH RD,07 TO 09,84.0,Improved,1977,674,355000.0,44 BEDOK STH RD,1.3211155478057,103.941675526083,460044,10.845023431850516,0.8517135622977131,8.0
BEDOK,4 ROOM,41,BEDOK STH RD,13 TO 15,84.0,Improved,1977,674,350000.0,41 BEDOK STH RD,1.32105071817917,103.94080318215,460041,10.752677846387217,0.919408833107353,14.0
BEDOK,4 ROOM,55,CHAI CHEE DR,10 TO 12,105.0,Model A,1984,753,415000.0,55 CHAI CHEE DR,1.32684846948333,103.919015573079,460055,8.895981732366069,0.8852747629964381,11.0
BEDOK,4 ROOM,808A,CHAI CHEE RD,13 TO 15,93.0,Model A,2016,1145,680000.0,808A CHAI CHEE RD,1.3268704456533,103.923848194061,461808,9.35492613892547,0.7540696765298786,14.0
BEDOK,4 ROOM,27,CHAI CHEE RD,04 TO 06,104.0,Model A,1993,863,530000.0,27 CHAI CHEE RD,1.32413363919193,103.923499790995,460027,9.169389205051907,0.7210761463889304,5.0
BEDOK,4 ROOM,807C,CHAI CHEE RD,07 TO 09,93.0,Model A,2016,1144,615000.0,807C CHAI CHEE RD,1.3279979407231,103.92324860169,463807,9.362729023855747,0.871955843376045,8.0
BEDOK,4 ROOM,807C,CHAI CHEE RD,10 TO 12,93.0,Model A,2016,1144,650000.0,807C CHAI CHEE RD,1.3279979407231,103.92324860169,463807,9.362729023855747,0.871955843376045,11.0
BEDOK,4 ROOM,54,CHAI CHEE ST,13 TO 15,94.0,New Generation,1981,718,355000.0,54 CHAI CHEE ST,1.32947840879761,103.921105111921,460054,9.249749317708785,0.6807282465217072,14.0
BEDOK,4 ROOM,671,JLN DAMAI,07 TO 09,108.0,Model A,1996,900,488000.0,671 JLN DAMAI,1.3324534270998,103.908872213028,410671,8.35612696156919,0.2832659182255018,8.0
BEDOK,4 ROOM,51,NEW UPP CHANGI RD,10 TO 12,84.0,Improved,1977,674,306000.0,51 NEW UPP CHANGI RD,1.32342985805207,103.942269407116,461051,11.00629261830767,0.6164111883013604,11.0
BEDOK,4 ROOM,62,NEW UPP CHANGI RD,01 TO 03,92.0,New Generation,1978,682,378000.0,62 NEW UPP CHANGI RD,1.32332667400534,103.940030188552,461062,10.773864606249855,0.8229710194874725,2.0
BEDOK,5 ROOM,552,BEDOK NTH AVE 1,04 TO 06,121.0,Improved,1980,708,450000.0,552 BEDOK NTH AVE 1,1.33190104988461,103.927743782081,460552,10.016303074561344,0.7232843532687685,5.0
BEDOK,5 ROOM,552,BEDOK NTH AVE 1,01 TO 03,121.0,Improved,1980,707,430000.0,552 BEDOK NTH AVE 1,1.33190104988461,103.927743782081,460552,10.016303074561344,0.7232843532687685,2.0
BEDOK,5 ROOM,506,BEDOK NTH AVE 3,01 TO 03,119.0,Improved,1978,688,470000.0,506 BEDOK NTH AVE 3,1.33214280816285,103.933720223574,460506,10.597996963221595,0.5232336032626853,2.0
BEDOK,5 ROOM,747B,BEDOK RESERVOIR CRES,04 TO 06,105.0,DBSS,2014,1118,780000.0,747B BEDOK RESERVOIR CRES,1.33666009454076,103.921624733709,472747,9.756386465281777,0.458032324621906,5.0
BEDOK,5 ROOM,747A,BEDOK RESERVOIR CRES,07 TO 09,105.0,DBSS,2014,1118,792000.0,747A BEDOK RESERVOIR CRES,1.3366395590937,103.921284387946,471747,9.724805440743584,0.42377329855213874,8.0
BEDOK,5 ROOM,747B,BEDOK RESERVOIR CRES,10 TO 12,105.0,DBSS,2014,1120,843000.0,747B BEDOK RESERVOIR CRES,1.33666009454076,103.921624733709,472747,9.756386465281777,0.458032324621906,11.0
BEDOK,5 ROOM,748C,BEDOK RESERVOIR CRES,13 TO 15,105.0,DBSS,2014,1118,786000.0,748C BEDOK RESERVOIR CRES,1.33616175628116,103.921492598319,473748,9.711394674401447,0.4213502833871187,14.0
BEDOK,5 ROOM,717,BEDOK RESERVOIR RD,07 TO 09,153.0,Model A-Maisonette,1984,751,740000.0,717 BEDOK RESERVOIR RD,1.33755208890136,103.925449316134,470717,10.157269306105503,0.7615591037526338,8.0
BEDOK,5 ROOM,613,BEDOK RESERVOIR RD,01 TO 03,121.0,Improved,1981,718,423000.0,613 BEDOK RESERVOIR RD,1.33189327383579,103.917026960083,470613,9.030027358517883,0.3339648625292006,2.0
BEDOK,5 ROOM,711,BEDOK RESERVOIR RD,07 TO 09,121.0,Improved,1980,713,470000.0,711 BEDOK RESERVOIR RD,1.3359734160825,103.923690295889,470711,9.89594588829172,0.6495623997861739,8.0
BEDOK,5 ROOM,602,BEDOK RESERVOIR RD,07 TO 09,121.0,Improved,1982,731,430000.0,602 BEDOK RESERVOIR RD,1.32934898685946,103.911583237057,470602,8.375664011204726,0.7147374122827489,8.0
BEDOK,5 ROOM,603,BEDOK RESERVOIR RD,01 TO 03,120.0,Improved,1982,730,410000.0,603 BEDOK RESERVOIR RD,1.33000183975836,103.912464022386,470603,8.497546522164859,0.7092237468528051,2.0
BEDOK,5 ROOM,112,BEDOK RESERVOIR RD,10 TO 12,123.0,Improved,1985,768,464000.0,112 BEDOK RESERVOIR RD,1.32969408806205,103.910490219171,470112,8.30257184070949,0.6282997642071297,11.0
BEDOK,5 ROOM,101,BEDOK RESERVOIR RD,04 TO 06,121.0,Improved,1985,768,418000.0,101 BEDOK RESERVOIR RD,1.32844913301985,103.909937396599,470101,8.169445138942159,0.7431684328245964,5.0
BEDOK,5 ROOM,613,BEDOK RESERVOIR RD,10 TO 12,121.0,Improved,1981,717,480000.0,613 BEDOK RESERVOIR RD,1.33189327383579,103.917026960083,470613,9.030027358517883,0.3339648625292006,11.0
BEDOK,5 ROOM,765,BEDOK RESERVOIR VIEW,16 TO 18,115.0,Premium Apartment,2000,954,608000.0,765 BEDOK RESERVOIR VIEW,1.33596106828604,103.935990113555,470765,11.033093771393697,0.4236268710770794,17.0
BEDOK,5 ROOM,156,BEDOK STH AVE 3,01 TO 03,122.0,Improved,1985,773,510000.0,156 BEDOK STH AVE 3,1.31828663769919,103.945481750941,460156,11.12530452200721,0.42760772731405605,2.0
BEDOK,5 ROOM,66,BEDOK STH AVE 3,07 TO 09,123.0,Standard,1977,675,560000.0,66 BEDOK STH AVE 3,1.31849377884951,103.943872460454,460066,10.965534211892619,0.604214743919555,8.0
BEDOK,5 ROOM,51,CHAI CHEE ST,04 TO 06,121.0,Improved,1981,720,455000.0,51 CHAI CHEE ST,1.32881089989839,103.922129869924,460051,9.305211316291246,0.804956862976753,5.0
BEDOK,5 ROOM,647,JLN TENAGA,07 TO 09,122.0,Improved,1993,863,580000.0,647 JLN TENAGA,1.33170961948351,103.905702136908,410647,8.035401810577087,0.4745394699251252,8.0
BEDOK,5 ROOM,655,JLN TENAGA,04 TO 06,127.0,Improved,1996,905,545000.0,655 JLN TENAGA,1.33335936154715,103.906850645103,410655,8.252674588415626,0.2529100319445068,5.0
BEDOK,5 ROOM,656,JLN TENAGA,01 TO 03,128.0,Improved,1996,904,511000.0,656 JLN TENAGA,1.33370804056258,103.907540967141,410656,8.335758087174552,0.17331480134768673,2.0
BEDOK,5 ROOM,652,JLN TENAGA,04 TO 06,126.0,Improved,1996,903,595000.0,652 JLN TENAGA,1.33269651933712,103.90774299752,410652,8.27840504332805,0.26477201926846167,5.0
BEDOK,EXECUTIVE,114,BEDOK RESERVOIR RD,10 TO 12,150.0,Maisonette,1985,773,645000.0,114 BEDOK RESERVOIR RD,1.33056065989658,103.909838947885,470114,8.305359279161197,0.5134231443010717,11.0
BEDOK,EXECUTIVE,634,BEDOK RESERVOIR RD,16 TO 18,142.0,Apartment,1993,862,788888.0,634 BEDOK RESERVOIR RD,1.33016740105574,103.904849291949,410634,7.851132233136219,0.6254076955264499,17.0
BEDOK,EXECUTIVE,643,BEDOK RESERVOIR RD,04 TO 06,142.0,Apartment,1993,862,670000.0,643 BEDOK RESERVOIR RD,1.33091027626006,103.905857348536,410643,7.989917652231445,0.5359110945207708,5.0
BEDOK,EXECUTIVE,640,BEDOK RESERVOIR RD,13 TO 15,146.0,Apartment,1993,869,745000.0,640 BEDOK RESERVOIR RD,1.33210132151895,103.904953194958,410640,8.002267457091762,0.5034932571717822,14.0
BEDOK,EXECUTIVE,716,BEDOK RESERVOIR RD,04 TO 06,148.0,Maisonette,1984,750,690000.0,716 BEDOK RESERVOIR RD,1.33783795176833,103.924973671246,470716,10.133303743596366,0.8186689939983288,5.0
BEDOK,EXECUTIVE,145,BEDOK RESERVOIR RD,04 TO 06,143.0,Maisonette,1987,787,647000.0,145 BEDOK RESERVOIR RD,1.33429019245209,103.912135405976,470145,8.76530974340859,0.4154840026953226,5.0
BEDOK,EXECUTIVE,104,LENGKONG TIGA,07 TO 09,146.0,Maisonette,1989,812,890000.0,104 LENGKONG TIGA,1.32563496745023,103.909815198327,410104,7.972533935582078,0.6185849578980064,8.0
BISHAN,3 ROOM,108,BISHAN ST 12,04 TO 06,64.0,Simplified,1985,771,330000.0,108 BISHAN ST 12,1.34671498920224,103.847398357544,570108,6.999574879063822,0.5468262937732221,5.0
BISHAN,3 ROOM,306,SHUNFU RD,01 TO 03,76.0,New Generation,1985,762,400000.0,306 SHUNFU RD,1.35029143230261,103.83930130692,570306,7.505906092408131,0.17667140677856852,2.0
BISHAN,3 ROOM,407,SIN MING AVE,01 TO 03,64.0,Simplified,1986,781,330000.0,407 SIN MING AVE,1.36345320627772,103.834214627275,570407,9.052207663604502,0.06919808090842192,2.0
BISHAN,3 ROOM,22,SIN MING RD,07 TO 09,68.0,Improved,1973,627,295000.0,22 SIN MING RD,1.3572844410824,103.839396679952,570022,8.270158622335556,0.7896294799586658,8.0
BISHAN,3 ROOM,24,SIN MING RD,10 TO 12,65.0,Improved,1973,627,264500.0,24 SIN MING RD,1.35518696986305,103.836337992513,570024,8.103964220957643,0.39183302149581944,11.0
BISHAN,4 ROOM,503,BISHAN ST 11,04 TO 06,103.0,Model A,1989,821,680000.0,503 BISHAN ST 11,1.34903237530043,103.848047514719,570503,7.25255189526947,0.28143786219217226,5.0
BISHAN,4 ROOM,506,BISHAN ST 11,10 TO 12,103.0,Model A,1989,819,610000.0,506 BISHAN ST 11,1.34917198788036,103.849165453932,570506,7.262552269239445,0.23759250355822328,11.0
BISHAN,4 ROOM,127,BISHAN ST 12,07 TO 09,84.0,Simplified,1986,786,465000.0,127 BISHAN ST 12,1.34607589409488,103.851694780512,570127,6.913677890306099,0.6467675735667251,8.0
BISHAN,4 ROOM,124,BISHAN ST 12,07 TO 09,83.0,Simplified,1987,791,485000.0,124 BISHAN ST 12,1.34647605091488,103.85127373178,570124,6.958184854766443,0.586739528199525,8.0
BISHAN,4 ROOM,175,BISHAN ST 13,07 TO 09,83.0,Simplified,1987,794,475000.0,175 BISHAN ST 13,1.34896062200566,103.853736013686,570175,7.238680111777003,0.5723324300195602,8.0
BISHAN,4 ROOM,178,BISHAN ST 13,10 TO 12,83.0,Simplified,1987,795,550000.0,178 BISHAN ST 13,1.34812743111822,103.852330274842,570178,7.142360882462563,0.49976905191793497,11.0
BISHAN,4 ROOM,181,BISHAN ST 13,10 TO 12,86.0,Simplified,1987,787,530000.0,181 BISHAN ST 13,1.34913809640172,103.852878507674,570181,7.25576377511543,0.4792045896062096,11.0
BISHAN,4 ROOM,256,BISHAN ST 22,01 TO 03,107.0,Model A,1992,853,518000.0,256 BISHAN ST 22,1.36131844778476,103.842683755643,570256,8.664147712486603,1.0397210228293747,2.0
BISHAN,4 ROOM,260,BISHAN ST 22,04 TO 06,104.0,Model A,1992,851,520000.0,260 BISHAN ST 22,1.35961376765045,103.842187438495,570260,8.482396408320845,1.052684498486863,5.0
BISHAN,5 ROOM,149,BISHAN ST 11,04 TO 06,122.0,Improved,1987,787,630000.0,149 BISHAN ST 11,1.34427940850465,103.855555665099,570149,6.729004638249343,1.0570184173605497,5.0
BISHAN,5 ROOM,141,BISHAN ST 12,07 TO 09,130.0,Improved,1988,806,688000.0,141 BISHAN ST 12,1.34515398438819,103.853367119258,570141,6.814294107299784,0.829258470708827,8.0
BISHAN,5 ROOM,125,BISHAN ST 12,07 TO 09,121.0,Improved,1987,792,688000.0,125 BISHAN ST 12,1.34711902955637,103.851553257146,570125,7.02963784712715,0.5367894739760185,8.0
BISHAN,5 ROOM,165,BISHAN ST 13,01 TO 03,121.0,Improved,1988,807,650000.0,165 BISHAN ST 13,1.3491982286049,103.856194448527,570165,7.279561558830625,0.817025492282401,2.0
BISHAN,5 ROOM,196,BISHAN ST 13,04 TO 06,123.0,Improved,1987,786,852000.0,196 BISHAN ST 13,1.34804172728486,103.850726886792,570196,7.132752452584144,0.40313741687644095,5.0
BISHAN,5 ROOM,156,BISHAN ST 13,04 TO 06,131.0,Improved,1988,806,780000.0,156 BISHAN ST 13,1.34532332600273,103.856581140233,570156,6.853279333756259,1.06044120593009,5.0
BISHAN,5 ROOM,158,BISHAN ST 13,04 TO 06,127.0,Improved,1988,799,730000.0,158 BISHAN ST 13,1.34653526211205,103.856208219158,570158,6.984361891239311,0.9468823709373714,5.0
BISHAN,5 ROOM,196,BISHAN ST 13,04 TO 06,121.0,Improved,1987,786,550000.0,196 BISHAN ST 13,1.34804172728486,103.850726886792,570196,7.132752452584144,0.40313741687644095,5.0
BISHAN,5 ROOM,242,BISHAN ST 22,01 TO 03,132.0,Improved,1992,852,875000.0,242 BISHAN ST 22,1.36134172851942,103.844874736551,570242,8.642565883507823,1.087976767867575,2.0
BISHAN,5 ROOM,275A,BISHAN ST 24,28 TO 30,120.0,DBSS,2011,1083,1060000.0,275A BISHAN ST 24,1.35673539047075,103.843519752733,571275,8.147367408417628,0.8697470775195775,29.0
BISHAN,5 ROOM,273B,BISHAN ST 24,13 TO 15,120.0,DBSS,2011,1083,1050000.0,273B BISHAN ST 24,1.35607299328811,103.843470177697,572273,8.074761496036562,0.824578021654779,14.0
BISHAN,5 ROOM,442,SIN MING AVE,07 TO 09,120.0,Improved,1990,824,600000.0,442 SIN MING AVE,1.3592357565259,103.832368846087,570442,8.64270213664265,0.5128061145473299,8.0
BISHAN,EXECUTIVE,119,BISHAN ST 12,10 TO 12,143.0,Maisonette,1987,791,930000.0,119 BISHAN ST 12,1.34734957400825,103.850535153606,570119,7.05608597311434,0.46622233540091335,11.0
BISHAN,EXECUTIVE,128,BISHAN ST 12,22 TO 24,150.0,Maisonette,1987,787,1080000.0,128 BISHAN ST 12,1.34608831988483,103.850466820468,570128,6.915979427436985,0.5985304304847817,23.0
BUKIT BATOK,3 ROOM,227,BT BATOK CTRL,04 TO 06,67.0,New Generation,1985,765,272000.0,227 BT BATOK CTRL,1.34838399787614,103.753520312233,650227,13.04024935495693,0.4453981904549115,5.0
BUKIT BATOK,3 ROOM,280,BT BATOK EAST AVE 3,04 TO 06,64.0,Simplified,1988,801,270000.0,280 BT BATOK EAST AVE 3,1.34770147739311,103.757044584552,650280,12.67219682148808,0.8443696649634942,5.0
BUKIT BATOK,3 ROOM,245,BT BATOK EAST AVE 5,01 TO 03,67.0,New Generation,1985,766,250000.0,245 BT BATOK EAST AVE 5,1.3496481268301,103.757332776738,650245,12.76835340693274,0.8659974006664993,2.0
BUKIT BATOK,3 ROOM,250,BT BATOK EAST AVE 5,07 TO 09,73.0,Model A,1985,766,273000.0,250 BT BATOK EAST AVE 5,1.35105549277865,103.757080302123,650250,12.881453829099561,0.8649501057222294,8.0
BUKIT BATOK,3 ROOM,241,BT BATOK EAST AVE 5,07 TO 09,69.0,New Generation,1985,770,268000.0,241 BT BATOK EAST AVE 5,1.3508952364452,103.75454446951,650241,13.102031091847861,0.5907747493657333,8.0
BUKIT BATOK,3 ROOM,215,BT BATOK ST 21,07 TO 09,67.0,New Generation,1984,761,265000.0,215 BT BATOK ST 21,1.34677496983575,103.753335935038,650215,12.959990238920675,0.48853054192840883,8.0
BUKIT BATOK,3 ROOM,212,BT BATOK ST 21,10 TO 12,69.0,New Generation,1985,770,278000.0,212 BT BATOK ST 21,1.34719281119437,103.752217334445,650212,13.089787704228968,0.35879987446998024,11.0
BUKIT BATOK,3 ROOM,205,BT BATOK ST 21,04 TO 06,73.0,Model A,1985,764,280000.0,205 BT BATOK ST 21,1.34712172862216,103.750057276189,650205,13.28869548482255,0.2195266706328301,5.0
BUKIT BATOK,3 ROOM,361,BT BATOK ST 31,01 TO 03,68.0,New Generation,1987,787,270000.0,361 BT BATOK ST 31,1.3607337219879,103.750944064843,650361,14.06935775622763,0.2540550823416798,2.0
BUKIT BATOK,3 ROOM,363,BT BATOK ST 31,07 TO 09,68.0,New Generation,1987,795,268000.0,363 BT BATOK ST 31,1.36101444441179,103.74944732312,650363,14.220712785672633,0.37317479891352595,8.0
BUKIT BATOK,3 ROOM,318,BT BATOK ST 32,10 TO 12,68.0,New Generation,1986,778,258000.0,318 BT BATOK ST 32,1.36094593781145,103.747282390377,650318,14.40890619003712,0.5644113206449165,11.0
BUKIT BATOK,3 ROOM,528,BT BATOK ST 51,01 TO 03,60.0,Improved,1987,793,250000.0,528 BT BATOK ST 51,1.35665146828264,103.751091825657,650528,13.785132389762802,0.23139574338413854,2.0
BUKIT BATOK,3 ROOM,533,BT BATOK ST 51,01 TO 03,60.0,Improved,1988,800,250000.0,533 BT BATOK ST 51,1.35587908699049,103.749799126312,650533,13.851945904916798,0.37595659330172626,2.0
BUKIT BATOK,3 ROOM,537,BT BATOK ST 52,04 TO 06,73.0,Model A,1987,790,270000.0,537 BT BATOK ST 52,1.35511516448647,103.750877888291,650537,13.704989550688474,0.40181455632944874,5.0
BUKIT BATOK,3 ROOM,507,BT BATOK ST 52,01 TO 03,60.0,Improved,1987,790,225000.0,507 BT BATOK ST 52,1.3522210432368,103.753979892768,650507,13.237756331974317,0.6051848391619444,2.0
BUKIT BATOK,3 ROOM,109,BT BATOK WEST AVE 6,04 TO 06,59.0,Improved,1985,762,263000.0,109 BT BATOK WEST AVE 6,1.34700376747987,103.746170410388,650109,13.65053477389206,0.4399037531688982,5.0
BUKIT BATOK,3 ROOM,109,BT BATOK WEST AVE 6,07 TO 09,59.0,Improved,1985,762,260000.0,109 BT BATOK WEST AVE 6,1.34700376747987,103.746170410388,650109,13.65053477389206,0.4399037531688982,8.0
BUKIT BATOK,3 ROOM,167,BT BATOK WEST AVE 8,04 TO 06,74.0,Model A,1984,762,255000.0,167 BT BATOK WEST AVE 8,1.34693272783596,103.742257105901,650167,14.021519030483661,0.8455007589157023,5.0
BUKIT BATOK,4 ROOM,105,BT BATOK CTRL,01 TO 03,104.0,Model A,1985,765,395000.0,105 BT BATOK CTRL,1.3485726542005,103.747156223784,650105,13.647758279816312,0.27283402916274513,2.0
BUKIT BATOK,4 ROOM,622,BT BATOK CTRL,22 TO 24,90.0,Model A,2003,988,588000.0,622 BT BATOK CTRL,1.35071643799739,103.748496406191,650622,13.649632737603971,0.22170111033777593,23.0
BUKIT BATOK,4 ROOM,106,BT BATOK CTRL,04 TO 06,104.0,Model A,1985,764,355018.0,106 BT BATOK CTRL,1.3482223088624,103.74718849849,650106,13.62421838315755,0.2793634498180441,5.0
BUKIT BATOK,4 ROOM,625,BT BATOK CTRL,01 TO 03,103.0,Model A,1997,911,475000.0,625 BT BATOK CTRL,1.35138112759435,103.748585289075,650625,13.681738709967608,0.2828650414272542,2.0
BUKIT BATOK,4 ROOM,625,BT BATOK CTRL,04 TO 06,103.0,Model A,1997,911,495000.0,625 BT BATOK CTRL,1.35138112759435,103.748585289075,650625,13.681738709967608,0.2828650414272542,5.0
BUKIT BATOK,4 ROOM,268,BT BATOK EAST AVE 4,04 TO 06,84.0,Simplified,1985,770,310000.0,268 BT BATOK EAST AVE 4,1.34926274020427,103.759190085587,650268,12.574818210406741,1.0700699330126093,5.0
BUKIT BATOK,4 ROOM,267,BT BATOK EAST AVE 4,01 TO 03,89.0,Simplified,1987,786,350000.0,267 BT BATOK EAST AVE 4,1.34880956575502,103.759892612835,650267,12.481963808348675,1.1481353286746512,2.0
BUKIT BATOK,4 ROOM,244,BT BATOK EAST AVE 5,07 TO 09,93.0,New Generation,1985,771,339000.0,244 BT BATOK EAST AVE 5,1.34918269764742,103.757239164878,650244,12.747345015745031,0.8530555828447328,8.0
BUKIT BATOK,4 ROOM,241,BT BATOK EAST AVE 5,01 TO 03,96.0,New Generation,1985,770,325000.0,241 BT BATOK EAST AVE 5,1.3508952364452,103.75454446951,650241,13.102031091847861,0.5907747493657333,2.0
BUKIT BATOK,4 ROOM,244,BT BATOK EAST AVE 5,04 TO 06,99.0,New Generation,1985,771,345000.0,244 BT BATOK EAST AVE 5,1.34918269764742,103.757239164878,650244,12.747345015745031,0.8530555828447328,5.0
BUKIT BATOK,4 ROOM,236,BT BATOK EAST AVE 5,04 TO 06,98.0,New Generation,1985,767,370000.0,236 BT BATOK EAST AVE 5,1.34933642345807,103.755963537392,650236,12.87381872360697,0.7118856830042178,5.0
BUKIT BATOK,4 ROOM,210,BT BATOK ST 21,07 TO 09,104.0,Model A,1985,768,413000.0,210 BT BATOK ST 21,1.34548008232168,103.74995609585,650210,13.202655572945487,0.39755254732174267,8.0
BUKIT BATOK,4 ROOM,210,BT BATOK ST 21,10 TO 12,116.0,Model A,1985,767,413000.0,210 BT BATOK ST 21,1.34548008232168,103.74995609585,650210,13.202655572945487,0.39755254732174267,11.0
BUKIT BATOK,4 ROOM,211,BT BATOK ST 21,01 TO 03,104.0,Model A,1985,765,360000.0,211 BT BATOK ST 21,1.34600090748097,103.750367726623,650211,13.193769954095371,0.3488313559504392,2.0
BUKIT BATOK,4 ROOM,288E,BT BATOK ST 25,04 TO 06,103.0,Model A,1998,924,395000.0,288E BT BATOK ST 25,1.34551240744243,103.758897488955,654288,12.365555177001303,1.1087013949452937,5.0
BUKIT BATOK,4 ROOM,363,BT BATOK ST 31,04 TO 06,94.0,New Generation,1987,795,335000.0,363 BT BATOK ST 31,1.36101444441179,103.74944732312,650363,14.220712785672633,0.37317479891352595,5.0
BUKIT BATOK,4 ROOM,374,BT BATOK ST 31,01 TO 03,88.0,Simplified,1988,800,328888.0,374 BT BATOK ST 31,1.35798291106742,103.750736425731,650374,13.904336885472203,0.13648256341074397,2.0
BUKIT BATOK,4 ROOM,333,BT BATOK ST 32,04 TO 06,84.0,Simplified,1987,797,300000.0,333 BT BATOK ST 32,1.36418205578453,103.747797285557,650333,14.580414450990023,0.7620716403533524,5.0
BUKIT BATOK,4 ROOM,325,BT BATOK ST 33,01 TO 03,84.0,Simplified,1986,785,306500.0,325 BT BATOK ST 33,1.36260161093367,103.747424940339,650325,14.506478166762646,0.6575674511477432,2.0
BUKIT BATOK,4 ROOM,321,BT BATOK ST 33,04 TO 06,98.0,New Generation,1986,777,330000.0,321 BT BATOK ST 33,1.36131699323376,103.747741215309,650321,14.392566715534674,0.5414404928207868,5.0
BUKIT BATOK,4 ROOM,325,BT BATOK ST 33,13 TO 15,103.0,Model A,1986,784,398000.0,325 BT BATOK ST 33,1.36260161093367,103.747424940339,650325,14.506478166762646,0.6575674511477432,14.0
BUKIT BATOK,4 ROOM,348,BT BATOK ST 34,01 TO 03,84.0,Simplified,1987,788,303000.0,348 BT BATOK ST 34,1.36213530305616,103.750617374428,650348,14.193212307359097,0.41296541216293897,2.0
BUKIT BATOK,4 ROOM,337,BT BATOK ST 34,04 TO 06,104.0,Model A,1986,784,328000.0,337 BT BATOK ST 34,1.36348296381773,103.749393361059,650337,14.392613824182144,0.6036898938807013,5.0
BUKIT BATOK,4 ROOM,337,BT BATOK ST 34,04 TO 06,104.0,Model A,1986,783,300000.0,337 BT BATOK ST 34,1.36348296381773,103.749393361059,650337,14.392613824182144,0.6036898938807013,5.0
BUKIT BATOK,4 ROOM,339,BT BATOK ST 34,10 TO 12,103.0,Model A,1987,794,360000.0,339 BT BATOK ST 34,1.36319798587253,103.75080463345,650339,14.249583664303698,0.521635915112432,11.0
BUKIT BATOK,4 ROOM,337,BT BATOK ST 34,07 TO 09,84.0,Simplified,1986,783,315000.0,337 BT BATOK ST 34,1.36348296381773,103.749393361059,650337,14.392613824182144,0.6036898938807013,8.0
BUKIT BATOK,4 ROOM,345,BT BATOK ST 34,01 TO 03,103.0,Model A,1987,788,345000.0,345 BT BATOK ST 34,1.36284881503816,103.750843242288,650345,14.22221472857966,0.4827913720469568,2.0
BUKIT BATOK,4 ROOM,337,BT BATOK ST 34,04 TO 06,84.0,Simplified,1986,783,313000.0,337 BT BATOK ST 34,1.36348296381773,103.749393361059,650337,14.392613824182144,0.6036898938807013,5.0
BUKIT BATOK,4 ROOM,532,BT BATOK ST 51,10 TO 12,83.0,Simplified,1986,786,330000.0,532 BT BATOK ST 51,1.35625515528677,103.749711847322,650532,13.884055330564648,0.34938694614117366,11.0
BUKIT BATOK,4 ROOM,511,BT BATOK ST 52,04 TO 06,84.0,Simplified,1986,784,310000.0,511 BT BATOK ST 52,1.35272298040763,103.753796440794,650511,13.286530113676486,0.623961074950839,5.0
BUKIT BATOK,4 ROOM,537,BT BATOK ST 52,01 TO 03,103.0,Model A,1987,790,330000.0,537 BT BATOK ST 52,1.35511516448647,103.750877888291,650537,13.704989550688474,0.40181455632944874,2.0
BUKIT BATOK,4 ROOM,384,BT BATOK WEST AVE 5,16 TO 18,90.0,Model A,2005,1002,425000.0,384 BT BATOK WEST AVE 5,1.36293263679642,103.752194207305,650384,14.110165714316642,0.4825653853732323,17.0
BUKIT BATOK,4 ROOM,383,BT BATOK WEST AVE 5,10 TO 12,90.0,Model A,2005,1003,410000.0,383 BT BATOK WEST AVE 5,1.36232315228541,103.752217152725,650383,14.066056024777106,0.4154178494349894,11.0
BUKIT BATOK,4 ROOM,187,BT BATOK WEST AVE 6,01 TO 03,105.0,Model A,1989,811,375000.0,187 BT BATOK WEST AVE 6,1.34651344118157,103.744614358938,650187,13.771554919240476,0.6177727466101627,2.0
BUKIT BATOK,4 ROOM,168,BT BATOK WEST AVE 8,04 TO 06,103.0,Model A,1984,761,355000.0,168 BT BATOK WEST AVE 8,1.34717025311255,103.741298523595,650168,14.127046494933563,0.9422083393240646,5.0
BUKIT BATOK,5 ROOM,286,BT BATOK EAST AVE 3,13 TO 15,130.0,Improved,1995,894,615000.0,286 BT BATOK EAST AVE 3,1.34674707293093,103.758438601357,650286,12.484380013374855,1.0184901587935207,14.0
BUKIT BATOK,5 ROOM,243,BT BATOK EAST AVE 5,04 TO 06,123.0,Improved,1985,766,440000.0,243 BT BATOK EAST AVE 5,1.34962013436358,103.75643213653,650243,12.848794424047568,0.7659597796799722,5.0
BUKIT BATOK,5 ROOM,201,BT BATOK ST 21,22 TO 24,133.0,Model A,1985,768,590000.0,201 BT BATOK ST 21,1.34586253909028,103.747905760698,650201,13.419836785819331,0.3980756538515385,23.0
BUKIT BATOK,5 ROOM,290F,BT BATOK ST 24,01 TO 03,122.0,Improved,1997,917,440000.0,290F BT BATOK ST 24,1.34351644124186,103.757696498682,655290,12.356448905683058,1.0923211158850306,2.0
BUKIT BATOK,5 ROOM,290G,BT BATOK ST 24,10 TO 12,121.0,Improved,1998,918,525000.0,290G BT BATOK ST 24,1.34337777770123,103.757174736965,656290,12.397204281421613,1.0539694527118628,11.0
BUKIT BATOK,5 ROOM,289B,BT BATOK ST 25,10 TO 12,122.0,Improved,1997,917,540000.0,289B BT BATOK ST 25,1.34386687489721,103.760535012499,651289,12.112748597365739,1.3478749516016493,11.0
BUKIT BATOK,5 ROOM,288G,BT BATOK ST 25,10 TO 12,120.0,Improved,1997,916,525000.0,288G BT BATOK ST 25,1.34501348095763,103.759596771839,656288,12.270104710928697,1.201270189297551,11.0
BUKIT BATOK,5 ROOM,374,BT BATOK ST 31,04 TO 06,128.0,Improved,1988,801,440000.0,374 BT BATOK ST 31,1.35798291106742,103.750736425731,650374,13.904336885472203,0.13648256341074397,5.0
BUKIT BATOK,5 ROOM,325,BT BATOK ST 33,04 TO 06,122.0,Improved,1986,785,388000.0,325 BT BATOK ST 33,1.36260161093367,103.747424940339,650325,14.506478166762646,0.6575674511477432,5.0
BUKIT BATOK,5 ROOM,331,BT BATOK ST 33,04 TO 06,122.0,Improved,1986,784,413000.0,331 BT BATOK ST 33,1.36361186600798,103.747645306633,650331,14.555080714438366,0.7221602252654529,5.0
BUKIT BATOK,5 ROOM,348,BT BATOK ST 34,10 TO 12,122.0,Improved,1987,788,455000.0,348 BT BATOK ST 34,1.36213530305616,103.750617374428,650348,14.193212307359097,0.41296541216293897,11.0
BUKIT BATOK,5 ROOM,426,BT BATOK WEST AVE 2,01 TO 03,127.0,Improved,1987,790,415000.0,426 BT BATOK WEST AVE 2,1.36167974405645,103.744897400512,650426,14.670882198781152,0.8388201740351491,2.0
BUKIT BATOK,5 ROOM,386,BT BATOK WEST AVE 5,16 TO 18,118.0,Improved,2004,1001,580000.0,386 BT BATOK WEST AVE 5,1.36393942184816,103.752556035691,650386,14.148867091071109,0.5985021461485247,17.0
BUKIT BATOK,5 ROOM,389,BT BATOK WEST AVE 5,07 TO 09,118.0,Improved,2005,1003,530000.0,389 BT BATOK WEST AVE 5,1.36534587041751,103.752142144334,650389,14.283305847369878,0.7498349171846301,8.0
BUKIT BATOK,5 ROOM,394,BT BATOK WEST AVE 5,04 TO 06,118.0,Improved,2004,998,515000.0,394 BT BATOK WEST AVE 5,1.36642311199961,103.752688625262,650394,14.312876972585682,0.8743152810248352,5.0
BUKIT BATOK,5 ROOM,192,BT BATOK WEST AVE 6,10 TO 12,118.0,Improved,1997,910,540000.0,192 BT BATOK WEST AVE 6,1.34559235229949,103.744789363152,650192,13.703217396814155,0.6546031922256653,11.0
BUKIT BATOK,EXECUTIVE,628,BT BATOK CTRL,13 TO 15,140.0,Apartment,1997,915,729000.0,628 BT BATOK CTRL,1.35146739480931,103.749837547956,650628,13.570856969682351,0.27223836223268844,14.0
BUKIT BATOK,EXECUTIVE,125,BT BATOK CTRL,07 TO 09,146.0,Apartment,1985,768,663000.0,125 BT BATOK CTRL,1.35153484935942,103.747158496291,650125,13.823932628288892,0.385995970439324,8.0
BUKIT BATOK,EXECUTIVE,290C,BT BATOK EAST AVE 3,04 TO 06,141.0,Apartment,1997,917,580000.0,290C BT BATOK EAST AVE 3,1.34409580185561,103.757275306688,650290,12.430557318524118,1.017756712946939,5.0
BUKIT BATOK,EXECUTIVE,366,BT BATOK ST 31,13 TO 15,146.0,Maisonette,1986,776,600000.0,366 BT BATOK ST 31,1.36036478752608,103.748916692721,650366,14.22451928180463,0.3742857961872134,14.0
BUKIT BATOK,EXECUTIVE,354,BT BATOK ST 31,01 TO 03,147.0,Maisonette,1987,790,530000.0,354 BT BATOK ST 31,1.36138748741687,103.749729241965,650354,14.22081735771549,0.3844464741444044,2.0
BUKIT BATOK,EXECUTIVE,344,BT BATOK ST 34,01 TO 03,147.0,Maisonette,1986,782,520000.0,344 BT BATOK ST 34,1.36258176240237,103.749872806023,650344,14.289044289475354,0.49025883138771925,2.0
BUKIT BATOK,EXECUTIVE,353,BT BATOK ST 34,01 TO 03,148.0,Maisonette,1986,777,580000.0,353 BT BATOK ST 34,1.36174956356313,103.749798704078,650353,14.239114606626373,0.41327316525764796,2.0
BUKIT BATOK,EXECUTIVE,526,BT BATOK ST 51,07 TO 09,146.0,Maisonette,1986,782,618000.0,526 BT BATOK ST 51,1.3571882058688,103.751123943023,650526,13.81735623461115,0.17477854451043653,8.0
BUKIT BATOK,EXECUTIVE,542,BT BATOK ST 52,01 TO 03,146.0,Maisonette,1986,786,490000.0,542 BT BATOK ST 52,1.35392240044779,103.751141377559,650542,13.604758290975912,0.5263898549655516,2.0
BUKIT BATOK,EXECUTIVE,542,BT BATOK ST 52,04 TO 06,146.0,Maisonette,1986,785,578000.0,542 BT BATOK ST 52,1.35392240044779,103.751141377559,650542,13.604758290975912,0.5263898549655516,5.0
BUKIT BATOK,EXECUTIVE,542,BT BATOK ST 52,04 TO 06,147.0,Maisonette,1986,785,490000.0,542 BT BATOK ST 52,1.35392240044779,103.751141377559,650542,13.604758290975912,0.5263898549655516,5.0
BUKIT BATOK,EXECUTIVE,404,BT BATOK WEST AVE 7,07 TO 09,148.0,Apartment,1993,861,550000.0,404 BT BATOK WEST AVE 7,1.36551707909265,103.745143912983,650404,14.904649132930915,1.065636061637123,8.0
BUKIT MERAH,1 ROOM,7,TELOK BLANGAH CRES,07 TO 09,31.0,Improved,1975,645,168000.0,7 TELOK BLANGAH CRES,1.27836137310785,103.819384010497,090007,3.622971607449016,1.2146091763494764,8.0
BUKIT MERAH,1 ROOM,7,TELOK BLANGAH CRES,10 TO 12,31.0,Improved,1975,644,205000.0,7 TELOK BLANGAH CRES,1.27836137310785,103.819384010497,090007,3.622971607449016,1.2146091763494764,11.0
BUKIT MERAH,2 ROOM,10,JLN BT HO SWEE,01 TO 03,34.0,Standard,1971,600,205000.0,10 JLN BT HO SWEE,1.28745837020188,103.832675765986,161010,2.1297105692375076,0.6465319756632031,2.0
BUKIT MERAH,2 ROOM,127A,KIM TIAN RD,07 TO 09,47.0,Model A,2013,1099,390000.0,127A KIM TIAN RD,1.28196243466081,103.829559141133,161127,2.4485974358327134,0.5499641572534034,8.0
BUKIT MERAH,2 ROOM,48,LOWER DELTA RD,10 TO 12,43.0,Standard,1970,584,180000.0,48 LOWER DELTA RD,1.28944268125333,103.826201445621,160048,2.87910155149557,0.3718941232795098,11.0
BUKIT MERAH,2 ROOM,45,TELOK BLANGAH DR,01 TO 03,45.0,Improved,1976,655,194000.0,45 TELOK BLANGAH DR,1.27175707090153,103.809560438327,100045,4.853888218676008,0.11894202581004726,2.0
BUKIT MERAH,2 ROOM,45,TELOK BLANGAH DR,04 TO 06,45.0,Improved,1976,654,206000.0,45 TELOK BLANGAH DR,1.27175707090153,103.809560438327,100045,4.853888218676008,0.11894202581004726,5.0
BUKIT MERAH,3 ROOM,40,BEO CRES,01 TO 03,59.0,Standard,1971,595,250000.0,40 BEO CRES,1.2890578915448,103.827513018252,160040,2.7275395001387093,0.32347404644015787,2.0
BUKIT MERAH,3 ROOM,10A,BOON TIONG RD,37 TO 39,62.0,Model A,2016,1135,685000.0,10A BOON TIONG RD,1.28635847107695,103.82962615571,160010,2.446966762838284,0.29262746115210947,38.0
BUKIT MERAH,3 ROOM,116,BT MERAH VIEW,01 TO 03,59.0,Improved,1974,632,225000.0,116 BT MERAH VIEW,1.28513427067055,103.821532226321,151116,3.334252841471476,0.6190489109963341,2.0
BUKIT MERAH,3 ROOM,105,BT PURMEI RD,13 TO 15,69.0,New Generation,1983,739,370500.0,105 BT PURMEI RD,1.27248301325334,103.824703021719,090105,3.238175572469314,0.8640475703025626,14.0
BUKIT MERAH,3 ROOM,13,CANTONMENT CL,25 TO 27,60.0,Model A,2003,979,550000.0,13 CANTONMENT CL,1.27469944029956,103.840485373883,080013,1.5956057924571445,0.5707703362288198,26.0
BUKIT MERAH,3 ROOM,55,HAVELOCK RD,28 TO 30,69.0,Model A,2013,1102,635000.0,55 HAVELOCK RD,1.29006686277944,103.829245853053,161055,2.567200258316728,0.4977838829369771,29.0
BUKIT MERAH,3 ROOM,136,JLN BT MERAH,01 TO 03,59.0,Improved,1975,649,240000.0,136 JLN BT MERAH,1.27828763907526,103.827537246771,160136,2.7359943018180553,0.8812458084436298,2.0
BUKIT MERAH,3 ROOM,132,JLN BT MERAH,01 TO 03,59.0,Improved,1975,646,243000.0,132 JLN BT MERAH,1.27873808127932,103.828304288385,160132,2.6417101897480486,0.8417275568193284,2.0
BUKIT MERAH,3 ROOM,108,JLN BT MERAH,01 TO 03,74.0,Model A,1984,756,380000.0,108 JLN BT MERAH,1.27922008833835,103.825441382185,160108,2.943230065268677,0.7946221246010802,2.0
BUKIT MERAH,3 ROOM,138,JLN BT MERAH,01 TO 03,59.0,Improved,1983,745,272000.0,138 JLN BT MERAH,1.27842357024921,103.826237590943,160138,2.8736124439635615,0.868231919958494,2.0
BUKIT MERAH,3 ROOM,138,JLN BT MERAH,04 TO 06,59.0,Improved,1983,745,255000.0,138 JLN BT MERAH,1.27842357024921,103.826237590943,160138,2.8736124439635615,0.868231919958494,5.0
BUKIT MERAH,3 ROOM,2,JLN BT MERAH,13 TO 15,63.0,Improved,1975,647,290000.0,2 JLN BT MERAH,1.2866292132996,103.80686187976,150002,4.971554761192325,0.8851551599486599,14.0
BUKIT MERAH,3 ROOM,26D,JLN MEMBINA,19 TO 21,60.0,Model A,2009,1051,550000.0,26D JLN MEMBINA,1.28209883987158,103.825202810934,167026,2.9302334476474026,0.4972731239658049,20.0
BUKIT MERAH,3 ROOM,26D,JLN MEMBINA,25 TO 27,60.0,Model A,2009,1050,540000.0,26D JLN MEMBINA,1.28209883987158,103.825202810934,167026,2.9302334476474026,0.4972731239658049,26.0
BUKIT MERAH,3 ROOM,50,MOH GUAN TER,01 TO 03,75.0,Standard,1973,619,723000.0,50 MOH GUAN TER,1.28407984956888,103.830525506982,161050,2.3317573652863834,0.45715182234404167,2.0
BUKIT MERAH,3 ROOM,12,TAMAN HO SWEE,01 TO 03,54.0,Standard,1970,582,230000.0,12 TAMAN HO SWEE,1.28780753147299,103.832780576669,162012,2.125857255192806,0.6672814305885858,2.0
BUKIT MERAH,3 ROOM,14,TAMAN HO SWEE,07 TO 09,54.0,Standard,1970,582,260000.0,14 TAMAN HO SWEE,1.28790461781044,103.83219770269,161014,2.1914937791555325,0.6084072816552748,8.0
BUKIT MERAH,3 ROOM,1,TELOK BLANGAH CRES,10 TO 12,66.0,Improved,1983,742,270000.0,1 TELOK BLANGAH CRES,1.27945660077329,103.817897561986,090001,3.768019746197926,1.1390146616219532,11.0
BUKIT MERAH,3 ROOM,20,TELOK BLANGAH CRES,04 TO 06,65.0,Improved,1975,644,262888.0,20 TELOK BLANGAH CRES,1.27691594809877,103.821818722889,090020,3.389741001035675,1.1815695740203143,5.0
BUKIT MERAH,3 ROOM,44,TELOK BLANGAH DR,07 TO 09,65.0,Improved,1976,655,290000.0,44 TELOK BLANGAH DR,1.27140883340015,103.810887524155,100044,4.723602369046609,0.14753183907910775,8.0
BUKIT MERAH,3 ROOM,55,TELOK BLANGAH DR,07 TO 09,73.0,New Generation,1978,678,368000.0,55 TELOK BLANGAH DR,1.27396036035569,103.812149525435,100055,4.511945519366285,0.44875215261665574,8.0
BUKIT MERAH,3 ROOM,63,TELOK BLANGAH HTS,07 TO 09,73.0,New Generation,1976,663,330000.0,63 TELOK BLANGAH HTS,1.27483128151468,103.810941362052,100063,4.620178930072787,0.47703962282906115,8.0
BUKIT MERAH,3 ROOM,30,TELOK BLANGAH RISE,07 TO 09,59.0,Improved,1976,659,253000.0,30 TELOK BLANGAH RISE,1.27298528304053,103.820252009798,090030,3.679664884158175,0.8564935634398444,8.0
BUKIT MERAH,3 ROOM,80C,TELOK BLANGAH ST 31,13 TO 15,68.0,Premium Apartment,2013,1106,580000.0,80C TELOK BLANGAH ST 31,1.27349435644809,103.807229362471,103080,5.0556296268469145,0.4187399357819333,14.0
BUKIT MERAH,3 ROOM,33,TELOK BLANGAH WAY,07 TO 09,59.0,Improved,1976,657,243800.0,33 TELOK BLANGAH WAY,1.27436196353296,103.822184004574,090033,3.4272099248750303,1.0003495245561487,8.0
BUKIT MERAH,4 ROOM,10A,BOON TIONG RD,28 TO 30,92.0,Model A,2016,1134,975000.0,10A BOON TIONG RD,1.28635847107695,103.82962615571,160010,2.446966762838284,0.29262746115210947,29.0
BUKIT MERAH,4 ROOM,9B,BOON TIONG RD,34 TO 36,92.0,Model A,2016,1134,950000.0,9B BOON TIONG RD,1.28681417822795,103.828928312802,163009,2.5300624527174578,0.22527624947806338,35.0
BUKIT MERAH,4 ROOM,114,BT PURMEI RD,10 TO 12,103.0,Model A,1985,765,508000.0,114 BT PURMEI RD,1.27507181850164,103.825887190072,090114,3.0117730980778075,1.1805735498738354,11.0
BUKIT MERAH,4 ROOM,113,BT PURMEI RD,01 TO 03,103.0,Model A,1984,760,528000.0,113 BT PURMEI RD,1.27477013494182,103.826932277494,090113,2.91370292293793,1.203615350167198,2.0
BUKIT MERAH,4 ROOM,113,BT PURMEI RD,10 TO 12,106.0,Model A,1984,760,537000.0,113 BT PURMEI RD,1.27477013494182,103.826932277494,090113,2.91370292293793,1.203615350167198,11.0
BUKIT MERAH,4 ROOM,8,CANTONMENT CL,04 TO 06,90.0,Model A,2002,978,820000.0,8 CANTONMENT CL,1.275801012778,103.839032638772,081008,1.6528487029822956,0.44121332832603555,5.0
BUKIT MERAH,4 ROOM,4,DELTA AVE,07 TO 09,91.0,New Generation,1985,770,636000.0,4 DELTA AVE,1.29182862424357,103.826545813025,161004,2.9108019193365506,0.6284990864431282,8.0
BUKIT MERAH,4 ROOM,52,HAVELOCK RD,07 TO 09,89.0,Model A,2013,1102,778000.0,52 HAVELOCK RD,1.28951776036854,103.828467082634,161052,2.635594223639381,0.40395888264005364,8.0
BUKIT MERAH,4 ROOM,102,HENDERSON CRES,01 TO 03,80.0,Standard,1970,589,365000.0,102 HENDERSON CRES,1.290366187147,103.82157708445,150102,3.4032563111120475,0.5437359886084235,2.0
BUKIT MERAH,4 ROOM,135,JLN BT MERAH,07 TO 09,107.0,Model A,1997,906,553000.0,135 JLN BT MERAH,1.27860068677354,103.82708537661,160135,2.7773334972154933,0.8444569964251394,8.0
BUKIT MERAH,4 ROOM,14,JLN BT MERAH,10 TO 12,100.0,Model A,1996,904,645000.0,14 JLN BT MERAH,1.28786130507779,103.807648167533,150014,4.894732896617369,0.7640706482278351,11.0
BUKIT MERAH,4 ROOM,27A,JLN MEMBINA,04 TO 06,90.0,Model A,2008,1050,680000.0,27A JLN MEMBINA,1.2822186913861,103.824536254761,163027,3.0033044131472266,0.5200007561251176,5.0
BUKIT MERAH,4 ROOM,26C,JLN MEMBINA,10 TO 12,85.0,Model A,2009,1050,730000.0,26C JLN MEMBINA,1.28275797395281,103.825205576961,166026,2.9258301256382775,0.43101183771522944,11.0
BUKIT MERAH,4 ROOM,38,JLN RUMAH TINGGI,13 TO 15,99.0,Model A,1997,911,630000.0,38 JLN RUMAH TINGGI,1.28863365915922,103.809643901495,150038,4.682689820761344,0.7681982422917162,14.0
BUKIT MERAH,4 ROOM,149,SILAT AVE,04 TO 06,93.0,New Generation,1982,738,480000.0,149 SILAT AVE,1.27736066510423,103.831600213349,160149,2.3286421492821114,0.9186147987842775,5.0
BUKIT MERAH,4 ROOM,69,TELOK BLANGAH HTS,07 TO 09,91.0,New Generation,1978,679,442000.0,69 TELOK BLANGAH HTS,1.27558342805007,103.810314018607,100069,4.670986819820556,0.5457581235717449,8.0
BUKIT MERAH,5 ROOM,9B,BOON TIONG RD,10 TO 12,112.0,Improved,2016,1134,1050000.0,9B BOON TIONG RD,1.28681417822795,103.828928312802,163009,2.5300624527174578,0.22527624947806338,11.0
BUKIT MERAH,5 ROOM,8B,BOON TIONG RD,04 TO 06,115.0,Improved,2005,1011,920000.0,8B BOON TIONG RD,1.2870169493471,103.830303346649,165008,2.3817199769819597,0.37855121387216173,5.0
BUKIT MERAH,5 ROOM,115,BT PURMEI RD,07 TO 09,157.0,Model A,1985,765,795000.0,115 BT PURMEI RD,1.27535201369639,103.826950180582,090115,2.8899155680674515,1.205650475132954,8.0
BUKIT MERAH,5 ROOM,114,BT PURMEI RD,04 TO 06,135.0,Model A,1985,764,695000.0,114 BT PURMEI RD,1.27507181850164,103.825887190072,090114,3.0117730980778075,1.1805735498738354,5.0
BUKIT MERAH,5 ROOM,114,DEPOT RD,10 TO 12,117.0,Standard,1976,664,550000.0,114 DEPOT RD,1.28175927117793,103.806862236642,100114,4.967954832477344,1.1568355309603746,11.0
BUKIT MERAH,5 ROOM,112A,DEPOT RD,10 TO 12,115.0,Improved,2006,1015,710000.0,112A DEPOT RD,1.28147636173322,103.808148105183,101112,4.826832092070769,1.1948444235285502,11.0
BUKIT MERAH,5 ROOM,4,EVERTON PK,04 TO 06,133.0,Improved,1980,712,698000.0,4 EVERTON PK,1.27688307363768,103.840085627903,080004,1.4895974349141212,0.32394760188193206,5.0
BUKIT MERAH,5 ROOM,135,JLN BT MERAH,10 TO 12,120.0,Improved,1997,907,713000.0,135 JLN BT MERAH,1.27860068677354,103.82708537661,160135,2.7773334972154933,0.8444569964251394,11.0
BUKIT MERAH,5 ROOM,121,KIM TIAN PL,16 TO 18,115.0,Improved,2001,955,828000.0,121 KIM TIAN PL,1.28270270194687,103.828491163221,160121,2.561286622537442,0.42223070902758436,17.0
BUKIT MERAH,5 ROOM,123,KIM TIAN RD,01 TO 03,138.0,Model A,1995,890,900000.0,123 KIM TIAN RD,1.28385157947843,103.828964702534,160123,2.5051874616584153,0.3400443255581082,2.0
BUKIT MERAH,5 ROOM,119C,KIM TIAN RD,25 TO 27,110.0,Improved,2003,983,840000.0,119C KIM TIAN RD,1.28148915140735,103.827671951512,163119,2.6624244680880613,0.5285417706191026,26.0
BUKIT MERAH,5 ROOM,131C,KIM TIAN RD,13 TO 15,110.0,Improved,2002,966,770000.0,131C KIM TIAN RD,1.28031242686461,103.828822266209,163131,2.552384581627615,0.684752846174924,14.0
BUKIT MERAH,5 ROOM,44,LENGKOK BAHRU,01 TO 03,139.0,Model A-Maisonette,1984,756,816000.0,44 LENGKOK BAHRU,1.28685098221519,103.811712481804,150044,4.43521188285607,0.6389701108428534,2.0
BUKIT MERAH,5 ROOM,48,LENGKOK BAHRU,04 TO 06,122.0,Improved,1986,780,638088.0,48 LENGKOK BAHRU,1.28727739643389,103.810963565072,151048,4.521933099085982,0.6936783507741484,5.0
BUKIT MERAH,5 ROOM,75B,REDHILL RD,16 TO 18,115.0,Improved,2005,1014,863000.0,75B REDHILL RD,1.28848093779845,103.815878776808,152075,3.992528475162388,0.16012778488374987,17.0
BUKIT MERAH,5 ROOM,110,SPOTTISWOODE PK RD,13 TO 15,121.0,Standard,1979,700,718000.0,110 SPOTTISWOODE PK RD,1.2736382341353,103.836420334733,081110,2.0278579764088454,0.7606173504340058,14.0
BUKIT MERAH,5 ROOM,103,SPOTTISWOODE PK RD,10 TO 12,118.0,Standard,1979,700,710000.0,103 SPOTTISWOODE PK RD,1.27466096925721,103.835279824837,080103,2.0752757939167563,0.7351393603329146,11.0
BUKIT MERAH,5 ROOM,14,TELOK BLANGAH CRES,07 TO 09,119.0,Improved,1999,940,675000.0,14 TELOK BLANGAH CRES,1.27739544173264,103.820469653072,090014,3.524564764759678,1.2182574075044499,8.0
BUKIT MERAH,5 ROOM,26,TELOK BLANGAH CRES,22 TO 24,117.0,Standard,1975,649,672500.0,26 TELOK BLANGAH CRES,1.27669324661085,103.818866609662,090026,3.7152150388585006,1.2114708531648493,23.0
BUKIT MERAH,5 ROOM,67,TELOK BLANGAH DR,16 TO 18,120.0,Standard,1978,684,633000.0,67 TELOK BLANGAH DR,1.274636588887,103.809632802144,100067,4.766877813994377,0.4372429707118333,17.0
BUKIT MERAH,5 ROOM,72,TELOK BLANGAH HTS,07 TO 09,117.0,Standard,1978,678,595000.0,72 TELOK BLANGAH HTS,1.27611797685125,103.809589962738,100072,4.7386975580472805,0.6020337371643577,8.0
BUKIT MERAH,5 ROOM,86,TELOK BLANGAH HTS,07 TO 09,110.0,Improved,2003,981,710000.0,86 TELOK BLANGAH HTS,1.27675646378157,103.808525245963,100086,4.842966769646654,0.6866246270084646,8.0
BUKIT MERAH,5 ROOM,37,TELOK BLANGAH RISE,22 TO 24,117.0,Standard,1976,662,620000.0,37 TELOK BLANGAH RISE,1.27267256466786,103.822875659974,090037,3.4182275007545226,0.8235499298135585,23.0
BUKIT PANJANG,2 ROOM,547C,SEGAR RD,13 TO 15,47.0,Model A,2015,1129,245000.0,547C SEGAR RD,1.38853827277489,103.768773256544,673547,14.830735114172677,0.12518349474146076,14.0
BUKIT PANJANG,2 ROOM,547C,SEGAR RD,13 TO 15,47.0,Model A,2015,1129,225000.0,547C SEGAR RD,1.38853827277489,103.768773256544,673547,14.830735114172677,0.12518349474146076,14.0
BUKIT PANJANG,2 ROOM,633A,SENJA RD,22 TO 24,47.0,Model A,2013,1109,240000.0,633A SENJA RD,1.38558640738414,103.758340839001,671633,15.33282625040356,0.5512646437476844,23.0
BUKIT PANJANG,3 ROOM,443A,FAJAR RD,07 TO 09,68.0,Model A,2016,1145,332000.0,443A FAJAR RD,1.38146636369732,103.769766736479,671443,14.15101541756757,0.35822648592694567,8.0
BUKIT PANJANG,3 ROOM,454,FAJAR RD,13 TO 15,68.0,Model A,2015,1133,328000.0,454 FAJAR RD,1.38450243119902,103.771537431563,670454,14.28817743072512,0.08104633577223486,14.0
BUKIT PANJANG,3 ROOM,143,PETIR RD,10 TO 12,73.0,Model A,1988,809,300000.0,143 PETIR RD,1.37637448213033,103.76732428038,670143,13.903040120886114,0.16944606107683005,11.0
BUKIT PANJANG,3 ROOM,205,PETIR RD,07 TO 09,73.0,Model A,1988,809,275000.0,205 PETIR RD,1.37343025396585,103.773924079454,670205,13.171062738744393,0.4220524490006807,8.0
BUKIT PANJANG,3 ROOM,205,PETIR RD,07 TO 09,73.0,Model A,1988,809,281500.0,205 PETIR RD,1.37343025396585,103.773924079454,670205,13.171062738744393,0.4220524490006807,8.0
BUKIT PANJANG,3 ROOM,206,PETIR RD,10 TO 12,73.0,Model A,1989,813,280000.0,206 PETIR RD,1.37373382715048,103.774113802084,670206,13.182822526450593,0.41459446373629943,11.0
BUKIT PANJANG,3 ROOM,139,PETIR RD,10 TO 12,73.0,Model A,1988,804,308800.0,139 PETIR RD,1.37534822344466,103.76965777289,670139,13.644537185609122,0.1985882688047733,11.0
BUKIT PANJANG,3 ROOM,547C,SEGAR RD,04 TO 06,67.0,Model A,2015,1129,305000.0,547C SEGAR RD,1.38853827277489,103.768773256544,673547,14.830735114172677,0.12518349474146076,5.0
BUKIT PANJANG,3 ROOM,486,SEGAR RD,04 TO 06,67.0,Model A,2014,1122,304000.0,486 SEGAR RD,1.38924060817621,103.77162077126,670486,14.69871663827374,0.2778543344278728,5.0
BUKIT PANJANG,3 ROOM,547C,SEGAR RD,04 TO 06,67.0,Model A,2015,1129,298000.0,547C SEGAR RD,1.38853827277489,103.768773256544,673547,14.830735114172677,0.12518349474146076,5.0
BUKIT PANJANG,3 ROOM,548A,SEGAR RD,16 TO 18,67.0,Model A,2015,1133,327000.0,548A SEGAR RD,1.38903884910542,103.768351041202,671548,14.903507065109865,0.19765060556915973,17.0
BUKIT PANJANG,3 ROOM,548A,SEGAR RD,10 TO 12,67.0,Model A,2015,1133,322000.0,548A SEGAR RD,1.38903884910542,103.768351041202,671548,14.903507065109865,0.19765060556915973,11.0
BUKIT PANJANG,3 ROOM,547D,SEGAR RD,13 TO 15,67.0,Model A,2015,1128,340000.0,547D SEGAR RD,1.38890112645022,103.7690032304,674547,14.846604761319446,0.14190522039410214,14.0
BUKIT PANJANG,3 ROOM,488,SEGAR RD,10 TO 12,67.0,Model A,2014,1121,320000.0,488 SEGAR RD,1.38952670931463,103.771409031633,670488,14.738287648499723,0.2803130800148189,11.0
BUKIT PANJANG,3 ROOM,486,SEGAR RD,13 TO 15,67.0,Model A,2014,1121,340000.0,486 SEGAR RD,1.38924060817621,103.77162077126,670486,14.69871663827374,0.2778543344278728,14.0
BUKIT PANJANG,3 ROOM,550A,SEGAR RD,04 TO 06,67.0,Model A,2015,1133,310000.0,550A SEGAR RD,1.38911206246444,103.767301515652,671550,14.982501988332036,0.2956192608608558,5.0
BUKIT PANJANG,3 ROOM,636A,SENJA RD,22 TO 24,67.0,Model A,2015,1134,338000.0,636A SENJA RD,1.38691566473158,103.758538070592,671636,15.42745015790415,0.6338180321675995,23.0
BUKIT PANJANG,3 ROOM,636A,SENJA RD,25 TO 27,67.0,Model A,2015,1133,340000.0,636A SENJA RD,1.38691566473158,103.758538070592,671636,15.42745015790415,0.6338180321675995,26.0
BUKIT PANJANG,3 ROOM,636A,SENJA RD,01 TO 03,67.0,Model A,2015,1133,308000.0,636A SENJA RD,1.38691566473158,103.758538070592,671636,15.42745015790415,0.6338180321675995,2.0
BUKIT PANJANG,3 ROOM,636A,SENJA RD,19 TO 21,67.0,Model A,2015,1133,337000.0,636A SENJA RD,1.38691566473158,103.758538070592,671636,15.42745015790415,0.6338180321675995,20.0
BUKIT PANJANG,3 ROOM,636A,SENJA RD,13 TO 15,67.0,Model A,2015,1132,340000.0,636A SENJA RD,1.38691566473158,103.758538070592,671636,15.42745015790415,0.6338180321675995,14.0
BUKIT PANJANG,4 ROOM,234,BT PANJANG RING RD,04 TO 06,104.0,Model A,1988,806,352000.0,234 BT PANJANG RING RD,1.37853337682238,103.771789071508,670234,13.756694318059173,0.19107854013010342,5.0
BUKIT PANJANG,4 ROOM,435,BT PANJANG RING RD,10 TO 12,84.0,Simplified,1988,810,285000.0,435 BT PANJANG RING RD,1.38603975530039,103.770196329443,670435,14.514761852889801,0.18209741723287712,11.0
BUKIT PANJANG,4 ROOM,613,BT PANJANG RING RD,04 TO 06,90.0,Model A,2002,971,347000.0,613 BT PANJANG RING RD,1.38436672930183,103.762046231912,670613,14.956110507699366,0.18957690259612095,5.0
BUKIT PANJANG,4 ROOM,236,BT PANJANG RING RD,01 TO 03,84.0,Simplified,1988,799,285000.0,236 BT PANJANG RING RD,1.37902490874965,103.771215066012,670236,13.83960897214531,0.19403301883097865,2.0
BUKIT PANJANG,4 ROOM,435,BT PANJANG RING RD,04 TO 06,84.0,Simplified,1988,809,300000.0,435 BT PANJANG RING RD,1.38603975530039,103.770196329443,670435,14.514761852889801,0.18209741723287712,5.0
BUKIT PANJANG,4 ROOM,449,BT PANJANG RING RD,04 TO 06,101.0,Model A,1997,911,345000.0,449 BT PANJANG RING RD,1.38417096583004,103.772386971275,670449,14.200660461777806,0.17971788212640202,5.0
BUKIT PANJANG,4 ROOM,243,BT PANJANG RING RD,13 TO 15,108.0,Model A,1988,807,360000.0,243 BT PANJANG RING RD,1.3805207559387,103.771291134609,670243,13.961741234013617,0.1606309917537674,14.0
BUKIT PANJANG,4 ROOM,443A,FAJAR RD,04 TO 06,93.0,Model A,2016,1146,430000.0,443A FAJAR RD,1.38146636369732,103.769766736479,671443,14.15101541756757,0.35822648592694567,5.0
BUKIT PANJANG,4 ROOM,443A,FAJAR RD,13 TO 15,93.0,Model A,2016,1145,440000.0,443A FAJAR RD,1.38146636369732,103.769766736479,671443,14.15101541756757,0.35822648592694567,14.0
BUKIT PANJANG,4 ROOM,502,JELAPANG RD,13 TO 15,101.0,Model A,1998,919,410000.0,502 JELAPANG RD,1.38371721293326,103.766750828138,670502,14.558471379994257,0.4155081367885039,14.0
BUKIT PANJANG,4 ROOM,182,JELEBU RD,16 TO 18,91.0,Premium Apartment,2003,983,590000.0,182 JELEBU RD,1.37984403992366,103.763409218035,670182,14.481426543228329,0.21596107698495007,17.0
BUKIT PANJANG,4 ROOM,205,PETIR RD,10 TO 12,103.0,Model A,1988,809,392000.0,205 PETIR RD,1.37343025396585,103.773924079454,670205,13.171062738744393,0.4220524490006807,11.0
BUKIT PANJANG,4 ROOM,204,PETIR RD,04 TO 06,106.0,Model A,1988,807,325000.0,204 PETIR RD,1.37317516532605,103.774810614456,670204,13.085216708698642,0.513863575888276,5.0
BUKIT PANJANG,4 ROOM,167,PETIR RD,16 TO 18,100.0,Model A,1998,925,520000.0,167 PETIR RD,1.37768707307101,103.765102401589,670167,14.177476185588498,0.17428500315528714,17.0
BUKIT PANJANG,4 ROOM,212,PETIR RD,04 TO 06,104.0,Model A,1988,801,330000.0,212 PETIR RD,1.37450314600347,103.775760431174,670212,13.129632313282723,0.5320768456444567,5.0
BUKIT PANJANG,4 ROOM,209,PETIR RD,01 TO 03,108.0,Model A,1989,818,315000.0,209 PETIR RD,1.37416176660147,103.775840374119,670209,13.094818426260357,0.5543439418778511,2.0
BUKIT PANJANG,4 ROOM,416,SAUJANA RD,10 TO 12,84.0,Simplified,1988,809,280000.0,416 SAUJANA RD,1.38319686732574,103.76845411079,670416,14.392228086206366,0.30029004937825304,11.0
BUKIT PANJANG,4 ROOM,471,SEGAR RD,04 TO 06,90.0,Premium Apartment,2002,970,325000.0,471 SEGAR RD,1.3882916461168,103.772894835446,670471,14.529150803352296,0.3709651136003501,5.0
BUKIT PANJANG,4 ROOM,485,SEGAR RD,10 TO 12,92.0,Model A,2014,1122,415000.0,485 SEGAR RD,1.38868132378093,103.771312569429,670485,14.6699998472788,0.21570939487541788,11.0
BUKIT PANJANG,4 ROOM,547B,SEGAR RD,10 TO 12,92.0,Model A,2015,1129,438000.0,547B SEGAR RD,1.38843774527561,103.769252590551,672547,14.788965542598207,0.08340023316916241,11.0
BUKIT PANJANG,4 ROOM,548A,SEGAR RD,13 TO 15,92.0,Model A,2015,1134,410000.0,548A SEGAR RD,1.38903884910542,103.768351041202,671548,14.903507065109865,0.19765060556915973,14.0
BUKIT PANJANG,4 ROOM,547B,SEGAR RD,04 TO 06,92.0,Model A,2015,1129,405888.0,547B SEGAR RD,1.38843774527561,103.769252590551,672547,14.788965542598207,0.08340023316916241,5.0
BUKIT PANJANG,4 ROOM,456,SEGAR RD,07 TO 09,93.0,Premium Apartment,2012,1097,395000.0,456 SEGAR RD,1.38754537018879,103.770442353455,670456,14.629269064409918,0.09714550284208576,8.0
BUKIT PANJANG,4 ROOM,547A,SEGAR RD,16 TO 18,92.0,Model A,2015,1129,450000.0,547A SEGAR RD,1.38806381747058,103.77000953634,671547,14.704319241320098,0.0560424048346697,17.0
BUKIT PANJANG,4 ROOM,550B,SEGAR RD,10 TO 12,92.0,Model A,2015,1134,425000.0,550B SEGAR RD,1.38959118621,103.76744702208,672550,15.014067158503183,0.3132197079655921,11.0
BUKIT PANJANG,4 ROOM,459,SEGAR RD,10 TO 12,93.0,Premium Apartment,2015,1130,442000.0,459 SEGAR RD,1.38761161193831,103.771717424957,670459,14.54823063678939,0.2362313208426935,11.0
BUKIT PANJANG,4 ROOM,458,SEGAR RD,13 TO 15,93.0,Premium Apartment,2012,1097,430000.0,458 SEGAR RD,1.38804394182061,103.771067583616,670458,14.630402808322925,0.16609128485644753,14.0
BUKIT PANJANG,4 ROOM,549A,SEGAR RD,13 TO 15,92.0,Model A,2015,1134,425000.0,549A SEGAR RD,1.38969403291015,103.768385840702,671549,14.958333659348236,0.25266307839980223,14.0
BUKIT PANJANG,4 ROOM,459,SEGAR RD,16 TO 18,93.0,Premium Apartment,2015,1130,450000.0,459 SEGAR RD,1.38761161193831,103.771717424957,670459,14.54823063678939,0.2362313208426935,17.0
BUKIT PANJANG,4 ROOM,458,SEGAR RD,04 TO 06,93.0,Premium Apartment,2012,1096,400000.0,458 SEGAR RD,1.38804394182061,103.771067583616,670458,14.630402808322925,0.16609128485644753,5.0
BUKIT PANJANG,4 ROOM,461,SEGAR RD,13 TO 15,93.0,Premium Apartment,2015,1129,445000.0,461 SEGAR RD,1.3869743448416,103.771280059955,670461,14.521930678045056,0.20691804411377482,14.0
BUKIT PANJANG,4 ROOM,485,SEGAR RD,01 TO 03,93.0,Model A,2014,1121,400000.0,485 SEGAR RD,1.38868132378093,103.771312569429,670485,14.6699998472788,0.21570939487541788,2.0
BUKIT PANJANG,4 ROOM,480,SEGAR RD,01 TO 03,90.0,Premium Apartment,2002,976,355000.0,480 SEGAR RD,1.38969248582467,103.772378752183,670480,14.68817764643025,0.37566112177890104,2.0
BUKIT PANJANG,4 ROOM,487,SEGAR RD,10 TO 12,93.0,Model A,2014,1121,400000.0,487 SEGAR RD,1.38917306201936,103.771106197699,670487,14.727373637335226,0.22882219852688357,11.0
BUKIT PANJANG,4 ROOM,548A,SEGAR RD,16 TO 18,92.0,Model A,2015,1133,433000.0,548A SEGAR RD,1.38903884910542,103.768351041202,671548,14.903507065109865,0.19765060556915973,17.0
BUKIT PANJANG,4 ROOM,550B,SEGAR RD,04 TO 06,92.0,Model A,2015,1133,418000.0,550B SEGAR RD,1.38959118621,103.76744702208,672550,15.014067158503183,0.3132197079655921,5.0
BUKIT PANJANG,4 ROOM,485,SEGAR RD,10 TO 12,93.0,Model A,2014,1121,415000.0,485 SEGAR RD,1.38868132378093,103.771312569429,670485,14.6699998472788,0.21570939487541788,11.0
BUKIT PANJANG,4 ROOM,550B,SEGAR RD,13 TO 15,92.0,Model A,2015,1133,428888.0,550B SEGAR RD,1.38959118621,103.76744702208,672550,15.014067158503183,0.3132197079655921,14.0
BUKIT PANJANG,4 ROOM,549A,SEGAR RD,04 TO 06,92.0,Model A,2015,1133,375000.0,549A SEGAR RD,1.38969403291015,103.768385840702,671549,14.958333659348236,0.25266307839980223,5.0
BUKIT PANJANG,4 ROOM,651,SENJA LINK,04 TO 06,91.0,Premium Apartment,2001,964,372000.0,651 SENJA LINK,1.38661244316801,103.763652921172,670651,15.026858988805941,0.09506940799755395,5.0
BUKIT PANJANG,4 ROOM,635A,SENJA RD,04 TO 06,92.0,Model A,2015,1132,405000.0,635A SENJA RD,1.38656225824527,103.757208072494,671635,15.497907058770084,0.7169954801403841,5.0
BUKIT PANJANG,4 ROOM,636B,SENJA RD,25 TO 27,92.0,Model A,2015,1133,460000.0,636B SENJA RD,1.38762470759976,103.758331445094,672636,15.501416339664654,0.6936944968488818,26.0
BUKIT PANJANG,4 ROOM,601,SENJA RD,10 TO 12,91.0,Model A2,1999,933,460000.0,601 SENJA RD,1.38191601013855,103.762499853661,670601,14.719737393699285,0.08756904537169316,11.0
BUKIT PANJANG,4 ROOM,633D,SENJA RD,19 TO 21,93.0,Model A,2013,1110,450000.0,633D SENJA RD,1.38461189714551,103.759602675107,674633,15.15820703723398,0.3741697649827185,20.0
BUKIT PANJANG,4 ROOM,633A,SENJA RD,16 TO 18,93.0,Model A,2013,1109,455000.0,633A SENJA RD,1.38558640738414,103.758340839001,671633,15.33282625040356,0.5512646437476844,17.0
BUKIT PANJANG,4 ROOM,636C,SENJA RD,25 TO 27,92.0,Model A,2015,1132,485000.0,636C SENJA RD,1.38743454593269,103.759118571415,673636,15.427305772570243,0.6040847328114003,26.0
BUKIT PANJANG,4 ROOM,633C,SENJA RD,10 TO 12,93.0,Model A,2013,1110,450000.0,633C SENJA RD,1.38473473131824,103.759217747785,673633,15.197152295356068,0.4173140061761523,11.0
BUKIT PANJANG,4 ROOM,631,SENJA RD,10 TO 12,93.0,Premium Apartment,2004,999,400000.0,631 SENJA RD,1.38647806662619,103.760256469034,670631,15.26375442698995,0.4727542414863482,11.0
BUKIT PANJANG,4 ROOM,635B,SENJA RD,10 TO 12,93.0,Model A,2015,1131,450000.0,635B SENJA RD,1.38660275237577,103.757710467868,672635,15.463513809101741,0.6760469050412842,11.0
BUKIT PANJANG,4 ROOM,635B,SENJA RD,10 TO 12,93.0,Model A,2015,1131,447000.0,635B SENJA RD,1.38660275237577,103.757710467868,672635,15.463513809101741,0.6760469050412842,11.0
BUKIT PANJANG,4 ROOM,603,SENJA RD,25 TO 27,99.0,Model A,1999,935,538000.0,603 SENJA RD,1.38153645835758,103.762138791815,670603,14.715581257316083,0.1310078248582909,26.0
BUKIT PANJANG,4 ROOM,625,SENJA RD,01 TO 03,95.0,Premium Apartment,2004,1000,380000.0,625 SENJA RD,1.38563406119189,103.760361050815,670625,15.18599416849042,0.3958972575066901,2.0
BUKIT PANJANG,4 ROOM,635B,SENJA RD,10 TO 12,93.0,Model A,2015,1131,435000.0,635B SENJA RD,1.38660275237577,103.757710467868,672635,15.463513809101741,0.6760469050412842,11.0
BUKIT PANJANG,4 ROOM,636B,SENJA RD,19 TO 21,92.0,Model A,2015,1132,455000.0,636B SENJA RD,1.38762470759976,103.758331445094,672636,15.501416339664654,0.6936944968488818,20.0
BUKIT PANJANG,4 ROOM,636C,SENJA RD,13 TO 15,92.0,Model A,2015,1132,448888.0,636C SENJA RD,1.38743454593269,103.759118571415,673636,15.427305772570243,0.6040847328114003,14.0
BUKIT PANJANG,4 ROOM,636C,SENJA RD,25 TO 27,92.0,Model A,2015,1132,485000.0,636C SENJA RD,1.38743454593269,103.759118571415,673636,15.427305772570243,0.6040847328114003,26.0
BUKIT PANJANG,4 ROOM,636B,SENJA RD,10 TO 12,92.0,Model A,2015,1132,412000.0,636B SENJA RD,1.38762470759976,103.758331445094,672636,15.501416339664654,0.6936944968488818,11.0
BUKIT PANJANG,4 ROOM,634B,SENJA RD,22 TO 24,93.0,Model A,2015,1131,460000.0,634B SENJA RD,1.38611988630201,103.758328624429,672634,15.37753714784448,0.5889045262328879,23.0
BUKIT PANJANG,4 ROOM,636B,SENJA RD,07 TO 09,92.0,Model A,2015,1132,448000.0,636B SENJA RD,1.38762470759976,103.758331445094,672636,15.501416339664654,0.6936944968488818,8.0
BUKIT PANJANG,4 ROOM,616,SENJA RD,04 TO 06,90.0,Model A2,2002,969,380000.0,616 SENJA RD,1.38482207165437,103.761181895733,670616,15.057861950523685,0.2710086039372883,5.0
BUKIT PANJANG,4 ROOM,636B,SENJA RD,19 TO 21,92.0,Model A,2015,1132,445000.0,636B SENJA RD,1.38762470759976,103.758331445094,672636,15.501416339664654,0.6936944968488818,20.0
BUKIT PANJANG,4 ROOM,636C,SENJA RD,16 TO 18,92.0,Model A,2015,1132,450000.0,636C SENJA RD,1.38743454593269,103.759118571415,673636,15.427305772570243,0.6040847328114003,17.0
BUKIT PANJANG,5 ROOM,615,BT PANJANG RING RD,10 TO 12,110.0,Improved,2002,971,452500.0,615 BT PANJANG RING RD,1.38514726798653,103.762438315763,670615,14.992230320937207,0.2730948110333197,11.0
BUKIT PANJANG,5 ROOM,447,BT PANJANG RING RD,04 TO 06,121.0,Improved,1997,912,425000.0,447 BT PANJANG RING RD,1.38318021667687,103.771603761569,670447,14.168743350846563,0.1733034908280912,5.0
BUKIT PANJANG,5 ROOM,611,BT PANJANG RING RD,13 TO 15,111.0,Improved,2002,970,520000.0,611 BT PANJANG RING RD,1.38387209680691,103.761859831513,670611,14.928896680291887,0.14279911642009005,14.0
BUKIT PANJANG,5 ROOM,443B,FAJAR RD,04 TO 06,113.0,Improved,2016,1146,535000.0,443B FAJAR RD,1.38101722786729,103.769595216738,672443,14.125047546885776,0.3568691860324714,5.0
BUKIT PANJANG,5 ROOM,443C,FAJAR RD,13 TO 15,113.0,Improved,2016,1146,558888.0,443C FAJAR RD,1.38057053056182,103.76973269177,673443,14.077237532882647,0.3296898464110798,14.0
BUKIT PANJANG,5 ROOM,443B,FAJAR RD,07 TO 09,113.0,Improved,2016,1146,518888.0,443B FAJAR RD,1.38101722786729,103.769595216738,672443,14.125047546885776,0.3568691860324714,8.0
BUKIT PANJANG,5 ROOM,443D,FAJAR RD,10 TO 12,113.0,Improved,2016,1145,538000.0,443D FAJAR RD,1.38061381455692,103.770645093029,674443,14.015652896581077,0.23209561767213224,11.0
BUKIT PANJANG,5 ROOM,443B,FAJAR RD,13 TO 15,113.0,Improved,2016,1145,560000.0,443B FAJAR RD,1.38101722786729,103.769595216738,672443,14.125047546885776,0.3568691860324714,14.0
BUKIT PANJANG,5 ROOM,443C,FAJAR RD,04 TO 06,113.0,Improved,2016,1145,530000.0,443C FAJAR RD,1.38057053056182,103.76973269177,673443,14.077237532882647,0.3296898464110798,5.0
BUKIT PANJANG,5 ROOM,443D,FAJAR RD,04 TO 06,113.0,Improved,2016,1145,546500.0,443D FAJAR RD,1.38061381455692,103.770645093029,674443,14.015652896581077,0.23209561767213224,5.0
BUKIT PANJANG,5 ROOM,442D,FAJAR RD,13 TO 15,113.0,Improved,2016,1145,550000.0,442D FAJAR RD,1.38092147169303,103.770840739111,674442,14.028007083864454,0.2243455137134542,14.0
BUKIT PANJANG,5 ROOM,111,GANGSA RD,01 TO 03,121.0,Improved,1987,794,405000.0,111 GANGSA RD,1.37816747421231,103.768365653762,670111,13.97430730971541,0.19422895864874443,2.0
BUKIT PANJANG,5 ROOM,516,JELAPANG RD,04 TO 06,121.0,Improved,1998,926,440000.0,516 JELAPANG RD,1.3873519377776,103.767041821055,670516,14.848420250929607,0.28801010494107954,5.0
BUKIT PANJANG,5 ROOM,506,JELAPANG RD,07 TO 09,121.0,Improved,1998,922,428000.0,506 JELAPANG RD,1.3870334545891,103.768120654409,670506,14.745322135784653,0.18365974220274786,8.0
BUKIT PANJANG,5 ROOM,507,JELAPANG RD,01 TO 03,123.0,Improved,1998,921,441000.0,507 JELAPANG RD,1.38655566901666,103.767999747519,670507,14.712517885618725,0.22333195428512506,2.0
BUKIT PANJANG,5 ROOM,534,JELAPANG RD,10 TO 12,120.0,Improved,1999,934,565000.0,534 JELAPANG RD,1.38442024544603,103.764216360638,670534,14.801302586484782,0.25583027344929465,11.0
BUKIT PANJANG,5 ROOM,183,JELEBU RD,19 TO 21,110.0,Premium Apartment,2003,982,694333.0,183 JELEBU RD,1.3799638356862,103.763048292356,670183,14.51838568155042,0.19932390925024207,20.0
BUKIT PANJANG,5 ROOM,176,LOMPANG RD,16 TO 18,121.0,Improved,1997,916,662000.0,176 LOMPANG RD,1.37924529892586,103.765881569885,670176,14.24739918880793,0.18786826453539307,17.0
BUKIT PANJANG,5 ROOM,168,PETIR RD,19 TO 21,120.0,Improved,1998,926,645888.0,168 PETIR RD,1.37758285592609,103.764402344565,670168,14.221820657815204,0.1493946211119331,20.0
BUKIT PANJANG,5 ROOM,481,SEGAR RD,07 TO 09,111.0,Premium Apartment,2002,975,395000.0,481 SEGAR RD,1.38945648052361,103.772225899084,670481,14.677364777073414,0.34696998539033574,8.0
BUKIT PANJANG,5 ROOM,547B,SEGAR RD,13 TO 15,112.0,Improved,2015,1129,528000.0,547B SEGAR RD,1.38843774527561,103.769252590551,672547,14.788965542598207,0.08340023316916241,14.0
BUKIT PANJANG,5 ROOM,546C,SEGAR RD,04 TO 06,112.0,Improved,2015,1129,480000.0,546C SEGAR RD,1.38899257137165,103.769500699103,673546,14.82052534926446,0.1361406636114052,5.0
BUKIT PANJANG,5 ROOM,550B,SEGAR RD,13 TO 15,113.0,Improved,2015,1134,531000.0,550B SEGAR RD,1.38959118621,103.76744702208,672550,15.014067158503183,0.3132197079655921,14.0
BUKIT PANJANG,5 ROOM,549A,SEGAR RD,13 TO 15,112.0,Improved,2015,1133,550000.0,549A SEGAR RD,1.38969403291015,103.768385840702,671549,14.958333659348236,0.25266307839980223,14.0
BUKIT PANJANG,5 ROOM,549B,SEGAR RD,13 TO 15,112.0,Improved,2015,1133,515000.0,549B SEGAR RD,1.38973728584298,103.767840228613,672549,14.999646234670731,0.2931663149184948,14.0
BUKIT PANJANG,5 ROOM,549B,SEGAR RD,07 TO 09,112.0,Improved,2015,1133,535000.0,549B SEGAR RD,1.38973728584298,103.767840228613,672549,14.999646234670731,0.2931663149184948,8.0
BUKIT PANJANG,5 ROOM,547A,SEGAR RD,10 TO 12,112.0,Improved,2015,1128,510888.0,547A SEGAR RD,1.38806381747058,103.77000953634,671547,14.704319241320098,0.0560424048346697,11.0
BUKIT PANJANG,5 ROOM,547B,SEGAR RD,07 TO 09,112.0,Improved,2015,1128,505000.0,547B SEGAR RD,1.38843774527561,103.769252590551,672547,14.788965542598207,0.08340023316916241,8.0
BUKIT PANJANG,5 ROOM,549B,SEGAR RD,07 TO 09,113.0,Improved,2015,1133,520888.0,549B SEGAR RD,1.38973728584298,103.767840228613,672549,14.999646234670731,0.2931663149184948,8.0
BUKIT PANJANG,5 ROOM,550B,SEGAR RD,13 TO 15,113.0,Improved,2015,1133,520000.0,550B SEGAR RD,1.38959118621,103.76744702208,672550,15.014067158503183,0.3132197079655921,14.0
BUKIT PANJANG,5 ROOM,635B,SENJA RD,19 TO 21,112.0,Improved,2015,1132,588000.0,635B SENJA RD,1.38660275237577,103.757710467868,672635,15.463513809101741,0.6760469050412842,20.0
BUKIT PANJANG,5 ROOM,635A,SENJA RD,16 TO 18,112.0,Improved,2015,1131,570000.0,635A SENJA RD,1.38656225824527,103.757208072494,671635,15.497907058770084,0.7169954801403841,17.0
BUKIT PANJANG,5 ROOM,635B,SENJA RD,10 TO 12,112.0,Improved,2015,1131,562000.0,635B SENJA RD,1.38660275237577,103.757710467868,672635,15.463513809101741,0.6760469050412842,11.0
BUKIT PANJANG,5 ROOM,635A,SENJA RD,22 TO 24,112.0,Improved,2015,1131,585000.0,635A SENJA RD,1.38656225824527,103.757208072494,671635,15.497907058770084,0.7169954801403841,23.0
BUKIT PANJANG,EXECUTIVE,135,CASHEW RD,10 TO 12,146.0,Maisonette,1988,804,690000.0,135 CASHEW RD,1.37404915665664,103.768885136299,670135,13.595103628305733,0.3515616801607091,11.0
BUKIT PANJANG,EXECUTIVE,408,FAJAR RD,01 TO 03,142.0,Apartment,1989,811,500000.0,408 FAJAR RD,1.38180582760627,103.76886288818,670408,14.244563511768588,0.3713741052386597,2.0
BUKIT PANJANG,EXECUTIVE,503,JELAPANG RD,01 TO 03,144.0,Maisonette,1998,920,620000.0,503 JELAPANG RD,1.3841841461098,103.766434636885,670503,14.620801833563858,0.35290133844486593,2.0
BUKIT PANJANG,EXECUTIVE,542,JELAPANG RD,10 TO 12,140.0,Apartment,1999,936,712888.0,542 JELAPANG RD,1.38295895175771,103.763951611228,670542,14.698456809585657,0.17860273005249294,11.0
BUKIT PANJANG,EXECUTIVE,528,JELAPANG RD,19 TO 21,140.0,Apartment,1999,931,690000.0,528 JELAPANG RD,1.38479071750353,103.765616956874,670528,14.731054346378441,0.2460485625014654,20.0
BUKIT PANJANG,EXECUTIVE,228,PENDING RD,04 TO 06,144.0,Apartment,1988,800,540000.0,228 PENDING RD,1.3753466349656,103.770955400333,670228,13.548646728919534,0.09409858052024331,5.0
BUKIT PANJANG,EXECUTIVE,124,PENDING RD,13 TO 15,144.0,Apartment,1988,799,520000.0,124 PENDING RD,1.37699935766576,103.771170930202,670124,13.671446624738097,0.09655210055462789,14.0
BUKIT PANJANG,EXECUTIVE,228,PENDING RD,07 TO 09,144.0,Apartment,1988,799,536000.0,228 PENDING RD,1.3753466349656,103.770955400333,670228,13.548646728919534,0.09409858052024331,8.0
BUKIT PANJANG,EXECUTIVE,467,SEGAR RD,04 TO 06,132.0,Premium Apartment,2002,970,470000.0,467 SEGAR RD,1.38698243415701,103.773788455756,670467,14.353103213758196,0.4297091293430444,5.0
BUKIT PANJANG,EXECUTIVE,478,SEGAR RD,10 TO 12,128.0,Premium Apartment,2003,979,460000.0,478 SEGAR RD,1.38953127642948,103.772874923486,670478,14.64083094904661,0.41342856863289235,11.0
BUKIT PANJANG,EXECUTIVE,474,SEGAR RD,10 TO 12,128.0,Premium Apartment,2003,978,480000.0,474 SEGAR RD,1.38863382045337,103.772388280701,670474,14.593431567768848,0.324593814358025,11.0
BUKIT PANJANG,EXECUTIVE,653,SENJA LINK,01 TO 03,130.0,Premium Apartment,2001,963,550000.0,653 SENJA LINK,1.38692590741026,103.763946218351,670653,15.032236761378885,0.06670556342556554,2.0
BUKIT PANJANG,EXECUTIVE,651,SENJA LINK,13 TO 15,130.0,Premium Apartment,2001,963,635000.0,651 SENJA LINK,1.38661244316801,103.763652921172,670651,15.026858988805941,0.09506940799755395,14.0
BUKIT TIMAH,3 ROOM,4,QUEEN'S RD,07 TO 09,73.0,Improved,1974,634,388000.0,4 QUEEN'S RD,1.31883225284458,103.808061967625,260004,6.197211243926392,0.17250048379346755,8.0
BUKIT TIMAH,4 ROOM,5,TOH YI DR,07 TO 09,104.0,Model A,1989,815,718000.0,5 TOH YI DR,1.33820236785945,103.774522626293,590005,10.473098720777763,0.36443298717750283,8.0
BUKIT TIMAH,EXECUTIVE,2,TOH YI DR,04 TO 06,146.0,Maisonette,1988,806,962000.0,2 TOH YI DR,1.33917480423577,103.775341419034,590002,10.462015256030588,0.23326567783096044,5.0
BUKIT TIMAH,EXECUTIVE,10,TOH YI DR,04 TO 06,146.0,Maisonette,1989,816,998000.0,10 TOH YI DR,1.33753956576433,103.773161066389,590010,10.555309817895626,0.5034445818100308,5.0
BUKIT TIMAH,EXECUTIVE,2,TOH YI DR,07 TO 09,146.0,Maisonette,1988,806,920000.0,2 TOH YI DR,1.33917480423577,103.775341419034,590002,10.462015256030588,0.23326567783096044,8.0
BUKIT TIMAH,EXECUTIVE,7,TOH YI DR,10 TO 12,146.0,Maisonette,1989,818,990000.0,7 TOH YI DR,1.33737314445096,103.775043151688,590007,10.372745369173037,0.4361709935001028,11.0
CENTRAL AREA,3 ROOM,4,SAGO LANE,07 TO 09,57.0,Improved,1974,636,350000.0,4 SAGO LANE,1.28180062242257,103.842908159495,050004,0.9832430427614639,0.17555592894558517,8.0
CENTRAL AREA,3 ROOM,9,SELEGIE RD,04 TO 06,56.0,Standard,1974,631,300000.0,9 SELEGIE RD,1.30346096156272,103.850709313633,180009,2.1768549978947243,0.23311015078368913,5.0
CENTRAL AREA,3 ROOM,1,TG PAGAR PLAZA,07 TO 09,70.0,Improved,1977,668,496000.0,1 TG PAGAR PLAZA,1.27568847511494,103.842433449984,082001,1.3599937964529187,0.4042130966568094,8.0
CENTRAL AREA,3 ROOM,5,TG PAGAR PLAZA,19 TO 21,59.0,Improved,1977,668,465000.0,5 TG PAGAR PLAZA,1.27624052001347,103.843006115698,081005,1.2716038048581277,0.32999889520986603,20.0
CENTRAL AREA,3 ROOM,538,UPP CROSS ST,13 TO 15,60.0,Improved,1978,687,423000.0,538 UPP CROSS ST,1.28521219232764,103.845766165764,050538,0.653899738028248,0.27680488802416775,14.0
CENTRAL AREA,3 ROOM,637,VEERASAMY RD,07 TO 09,73.0,Model A,1985,766,408888.0,637 VEERASAMY RD,1.30702756018287,103.855527541511,200637,2.6103511458607067,0.20799969632420168,8.0
CENTRAL AREA,3 ROOM,263,WATERLOO ST,13 TO 15,60.0,Improved,1978,685,412000.0,263 WATERLOO ST,1.29860886084679,103.852267043086,180263,1.637771966214112,0.21546005972986293,14.0
CENTRAL AREA,4 ROOM,663,BUFFALO RD,01 TO 03,82.0,Improved,1982,731,423800.0,663 BUFFALO RD,1.30568031708633,103.850857724971,210663,2.4229130053113317,0.18335094519309614,2.0
CENTRAL AREA,4 ROOM,1E,CANTONMENT RD,07 TO 09,93.0,Type S1,2011,1075,920000.0,1E CANTONMENT RD,1.27662168427368,103.841156142262,085501,1.40614705460752,0.39185644726684576,8.0
CENTRAL AREA,4 ROOM,1E,CANTONMENT RD,16 TO 18,93.0,Type S1,2011,1074,928000.0,1E CANTONMENT RD,1.27662168427368,103.841156142262,085501,1.40614705460752,0.39185644726684576,17.0
CENTRAL AREA,4 ROOM,1B,CANTONMENT RD,16 TO 18,94.0,Type S1,2011,1074,950000.0,1B CANTONMENT RD,1.27779940676005,103.841403430465,085201,1.3114734200416371,0.3011462245968146,17.0
CENTRAL AREA,4 ROOM,1D,CANTONMENT RD,49 TO 51,94.0,Type S1,2011,1074,1085000.0,1D CANTONMENT RD,1.27692024304713,103.841485788369,085401,1.3570855301058278,0.38256999071030395,50.0
CENTRAL AREA,4 ROOM,1A,CANTONMENT RD,40 TO 42,95.0,Type S1,2011,1075,1020000.0,1A CANTONMENT RD,1.27784271048219,103.840965923691,085101,1.3509248777468008,0.2656376237315936,41.0
CENTRAL AREA,4 ROOM,672B,KLANG LANE,01 TO 03,85.0,Model A,2002,972,510000.0,672B KLANG LANE,1.30903703924735,103.852847667323,212672,2.7991233400686744,0.32656576337273946,2.0
CENTRAL AREA,4 ROOM,269B,QUEEN ST,04 TO 06,92.0,New Generation,1984,756,710000.0,269B QUEEN ST,1.30035670883376,103.853466360307,182269,1.842912498360443,0.23904882220874613,5.0
CENTRAL AREA,4 ROOM,639,ROWELL RD,07 TO 09,101.0,Model A,1983,747,560000.0,639 ROWELL RD,1.30775082189872,103.855203622089,200639,2.6838583610668216,0.2870026544185428,8.0
CENTRAL AREA,4 ROOM,262,WATERLOO ST,10 TO 12,82.0,Improved,1978,687,500000.0,262 WATERLOO ST,1.29853916273521,103.851856012904,180262,1.6282816712126218,0.17224252424690242,11.0
CENTRAL AREA,5 ROOM,1E,CANTONMENT RD,16 TO 18,107.0,Type S2,2011,1075,1050000.0,1E CANTONMENT RD,1.27662168427368,103.841156142262,085501,1.40614705460752,0.39185644726684576,17.0
CENTRAL AREA,5 ROOM,672B,KLANG LANE,01 TO 03,105.0,Improved,2002,972,600000.0,672B KLANG LANE,1.30903703924735,103.852847667323,212672,2.7991233400686744,0.32656576337273946,2.0
CHOA CHU KANG,2 ROOM,807A,CHOA CHU KANG AVE 1,04 TO 06,47.0,Model A,2017,1150,230000.0,807A CHOA CHU KANG AVE 1,1.37580545998649,103.744793478077,681807,15.65708279059898,0.5026413831769909,5.0
CHOA CHU KANG,2 ROOM,166A,TECK WHYE CRES,07 TO 09,47.0,Model A,2015,1124,218000.0,166A TECK WHYE CRES,1.38329360087486,103.753025884378,681166,15.555762635724001,0.6832706812121395,8.0
CHOA CHU KANG,2 ROOM,166B,TECK WHYE CRES,01 TO 03,47.0,Model A,2015,1123,210000.0,166B TECK WHYE CRES,1.38315989308266,103.753400918803,682166,15.51587311406942,0.7000772975091316,2.0
CHOA CHU KANG,3 ROOM,490A,CHOA CHU KANG AVE 5,07 TO 09,68.0,Model A,2016,1139,315000.0,490A CHOA CHU KANG AVE 5,1.37519738080978,103.741426402066,681490,15.899273795372794,0.7115772455030445,8.0
CHOA CHU KANG,3 ROOM,490B,CHOA CHU KANG AVE 5,07 TO 09,68.0,Model A,2016,1139,330000.0,490B CHOA CHU KANG AVE 5,1.37562311961725,103.741340715793,682490,15.936859648228962,0.6805568354299423,8.0
CHOA CHU KANG,3 ROOM,535,CHOA CHU KANG ST 51,04 TO 06,69.0,Model A,2011,1082,308000.0,535 CHOA CHU KANG ST 51,1.39133994451668,103.743931875351,680535,16.903067878590115,0.6663760217480494,5.0
CHOA CHU KANG,3 ROOM,10,TECK WHYE AVE,10 TO 12,67.0,New Generation,1978,683,246000.0,10 TECK WHYE AVE,1.38047054647235,103.755211077169,680010,15.161873108974135,0.3753324323973542,11.0
CHOA CHU KANG,3 ROOM,5,TECK WHYE AVE,01 TO 03,74.0,Model A,1984,752,250000.0,5 TECK WHYE AVE,1.38211439144289,103.75356509712,680005,15.42050302611572,0.6039779300691166,2.0
CHOA CHU KANG,3 ROOM,26,TECK WHYE LANE,10 TO 12,74.0,New Generation,1979,692,256000.0,26 TECK WHYE LANE,1.37762112372223,103.755740001262,680026,14.897082101850707,0.24830106039109773,11.0
CHOA CHU KANG,4 ROOM,409,CHOA CHU KANG AVE 3,13 TO 15,104.0,Model A,1992,851,370000.0,409 CHOA CHU KANG AVE 3,1.38112967018954,103.741877152961,680409,16.29082554609724,0.3906764135529056,14.0
CHOA CHU KANG,4 ROOM,288,CHOA CHU KANG AVE 3,04 TO 06,105.0,Model A,1990,829,310000.0,288 CHOA CHU KANG AVE 3,1.37893889552044,103.74102712594,680288,16.201698288574804,0.49758763968423103,5.0
CHOA CHU KANG,4 ROOM,286,CHOA CHU KANG AVE 3,04 TO 06,104.0,Model A,1993,863,350000.0,286 CHOA CHU KANG AVE 3,1.37961096389848,103.741537948984,680286,16.207669285762503,0.42422924132652995,5.0
CHOA CHU KANG,4 ROOM,407,CHOA CHU KANG AVE 3,04 TO 06,104.0,Model A,1993,863,325000.0,407 CHOA CHU KANG AVE 3,1.38041759813853,103.740828418583,680407,16.32605958587522,0.4963386820058017,5.0
CHOA CHU KANG,4 ROOM,472,CHOA CHU KANG AVE 3,01 TO 03,100.0,Model A,1999,933,315000.0,472 CHOA CHU KANG AVE 3,1.37908544061279,103.737542449427,680472,16.507701035087347,0.8719314297037315,2.0
CHOA CHU KANG,4 ROOM,406,CHOA CHU KANG AVE 3,04 TO 06,104.0,Model A,1993,863,345000.0,406 CHOA CHU KANG AVE 3,1.38037389462046,103.740209588608,680406,16.374777612539503,0.565014686084784,5.0
CHOA CHU KANG,4 ROOM,418,CHOA CHU KANG AVE 4,01 TO 03,104.0,Model A,1993,862,330000.0,418 CHOA CHU KANG AVE 4,1.38237300282948,103.741352257872,680418,16.426350182284114,0.44222844591102883,2.0
CHOA CHU KANG,4 ROOM,432,CHOA CHU KANG AVE 4,01 TO 03,104.0,Model A,1993,863,385000.0,432 CHOA CHU KANG AVE 4,1.38464414439202,103.741833630214,680432,16.55631266581396,0.2931491284834494,2.0
CHOA CHU KANG,4 ROOM,442,CHOA CHU KANG AVE 4,01 TO 03,91.0,Model A2,1997,908,320000.0,442 CHOA CHU KANG AVE 4,1.38093969896375,103.737733890511,680442,16.624452074201532,0.8431790700834974,2.0
CHOA CHU KANG,4 ROOM,484D,CHOA CHU KANG AVE 5,13 TO 15,101.0,Model A,1999,934,339000.0,484D CHOA CHU KANG AVE 5,1.37534797754277,103.737317097286,684484,16.26392399904292,1.0434841406758122,14.0
CHOA CHU KANG,4 ROOM,488A,CHOA CHU KANG AVE 5,13 TO 15,93.0,Model A,2016,1140,425000.0,488A CHOA CHU KANG AVE 5,1.37705950007098,103.738981398036,681488,16.240665153592094,0.7885269896298072,14.0
CHOA CHU KANG,4 ROOM,489A,CHOA CHU KANG AVE 5,04 TO 06,93.0,Model A,2016,1140,373000.0,489A CHOA CHU KANG AVE 5,1.37560094818422,103.740360009689,681489,16.019213128014883,0.757216096506371,5.0
CHOA CHU KANG,4 ROOM,488A,CHOA CHU KANG AVE 5,04 TO 06,93.0,Model A,2016,1140,388000.0,488A CHOA CHU KANG AVE 5,1.37705950007098,103.738981398036,681488,16.240665153592094,0.7885269896298072,5.0
CHOA CHU KANG,4 ROOM,489D,CHOA CHU KANG AVE 5,10 TO 12,93.0,Model A,2016,1140,425000.0,489D CHOA CHU KANG AVE 5,1.3758879374176,103.740225214266,684489,16.05108924085277,0.7468014576913935,11.0
CHOA CHU KANG,4 ROOM,484,CHOA CHU KANG AVE 5,04 TO 06,102.0,Model A,1999,935,345000.0,484 CHOA CHU KANG AVE 5,1.37647656461683,103.737135249373,680484,16.358381951827937,1.0013495793945468,5.0
CHOA CHU KANG,4 ROOM,490C,CHOA CHU KANG AVE 5,01 TO 03,93.0,Model A,2016,1140,390000.0,490C CHOA CHU KANG AVE 5,1.37575014356152,103.741751767068,683490,15.910837590478167,0.6407973298140952,2.0
CHOA CHU KANG,4 ROOM,487C,CHOA CHU KANG AVE 5,04 TO 06,93.0,Model A,2016,1140,403000.0,487C CHOA CHU KANG AVE 5,1.37651280702577,103.739137682367,683487,16.188551539584743,0.8032331475343063,5.0
CHOA CHU KANG,4 ROOM,488C,CHOA CHU KANG AVE 5,07 TO 09,93.0,Model A,2016,1140,410000.0,488C CHOA CHU KANG AVE 5,1.37659678332207,103.73994960705,683488,16.124980034598618,0.7225415288022602,8.0
CHOA CHU KANG,4 ROOM,488D,CHOA CHU KANG AVE 5,10 TO 12,93.0,Model A,2016,1140,425000.0,488D CHOA CHU KANG AVE 5,1.37642221610651,103.740504704448,684488,16.065136748192007,0.6847924113647275,11.0
CHOA CHU KANG,4 ROOM,487C,CHOA CHU KANG AVE 5,01 TO 03,93.0,Model A,2016,1140,395000.0,487C CHOA CHU KANG AVE 5,1.37651280702577,103.739137682367,683487,16.188551539584743,0.8032331475343063,2.0
CHOA CHU KANG,4 ROOM,488C,CHOA CHU KANG AVE 5,04 TO 06,93.0,Model A,2016,1140,390000.0,488C CHOA CHU KANG AVE 5,1.37659678332207,103.73994960705,683488,16.124980034598618,0.7225415288022602,5.0
CHOA CHU KANG,4 ROOM,489B,CHOA CHU KANG AVE 5,04 TO 06,93.0,Model A,2016,1140,400000.0,489B CHOA CHU KANG AVE 5,1.37573636567496,103.73958458863,682489,16.095337443195376,0.8122905614058203,5.0
CHOA CHU KANG,4 ROOM,489A,CHOA CHU KANG AVE 5,01 TO 03,93.0,Model A,2016,1140,378000.0,489A CHOA CHU KANG AVE 5,1.37560094818422,103.740360009689,681489,16.019213128014883,0.757216096506371,2.0
CHOA CHU KANG,4 ROOM,490A,CHOA CHU KANG AVE 5,04 TO 06,93.0,Model A,2016,1140,415000.0,490A CHOA CHU KANG AVE 5,1.37519738080978,103.741426402066,681490,15.899273795372794,0.7115772455030445,5.0
CHOA CHU KANG,4 ROOM,490A,CHOA CHU KANG AVE 5,07 TO 09,93.0,Model A,2016,1139,478000.0,490A CHOA CHU KANG AVE 5,1.37519738080978,103.741426402066,681490,15.899273795372794,0.7115772455030445,8.0
CHOA CHU KANG,4 ROOM,490C,CHOA CHU KANG AVE 5,10 TO 12,93.0,Model A,2016,1140,420000.0,490C CHOA CHU KANG AVE 5,1.37575014356152,103.741751767068,683490,15.910837590478167,0.6407973298140952,11.0
CHOA CHU KANG,4 ROOM,483,CHOA CHU KANG AVE 5,04 TO 06,102.0,Model A,1999,934,356000.0,483 CHOA CHU KANG AVE 5,1.37584148701172,103.737757429932,680483,16.260195732626354,0.973174590680386,5.0
CHOA CHU KANG,4 ROOM,476A,CHOA CHU KANG AVE 5,16 TO 18,92.0,Model A,2013,1104,420000.0,476A CHOA CHU KANG AVE 5,1.37652018482202,103.738025725932,681476,16.284635558207587,0.910436864317721,17.0
CHOA CHU KANG,4 ROOM,484A,CHOA CHU KANG AVE 5,01 TO 03,92.0,Model A2,1999,933,320000.0,484A CHOA CHU KANG AVE 5,1.37668464228405,103.736817870853,681484,16.400361749360087,1.0241067681649134,2.0
CHOA CHU KANG,4 ROOM,487B,CHOA CHU KANG AVE 5,07 TO 09,93.0,Model A,2016,1139,420000.0,487B CHOA CHU KANG AVE 5,1.37635512444695,103.738360161731,682487,16.244232634543454,0.8865544485822615,8.0
CHOA CHU KANG,4 ROOM,489B,CHOA CHU KANG AVE 5,07 TO 09,93.0,Model A,2016,1139,415000.0,489B CHOA CHU KANG AVE 5,1.37573636567496,103.73958458863,682489,16.095337443195376,0.8122905614058203,8.0
CHOA CHU KANG,4 ROOM,490A,CHOA CHU KANG AVE 5,07 TO 09,93.0,Model A,2016,1139,430000.0,490A CHOA CHU KANG AVE 5,1.37519738080978,103.741426402066,681490,15.899273795372794,0.7115772455030445,8.0
CHOA CHU KANG,4 ROOM,484B,CHOA CHU KANG AVE 5,04 TO 06,101.0,Model A,1999,933,335000.0,484B CHOA CHU KANG AVE 5,1.37623030762822,103.736338345807,682484,16.410180212838846,1.0932583252333,5.0
CHOA CHU KANG,4 ROOM,490A,CHOA CHU KANG AVE 5,07 TO 09,93.0,Model A,2016,1139,425000.0,490A CHOA CHU KANG AVE 5,1.37519738080978,103.741426402066,681490,15.899273795372794,0.7115772455030445,8.0
CHOA CHU KANG,4 ROOM,488C,CHOA CHU KANG AVE 5,01 TO 03,93.0,Model A,2016,1139,370000.0,488C CHOA CHU KANG AVE 5,1.37659678332207,103.73994960705,683488,16.124980034598618,0.7225415288022602,2.0
CHOA CHU KANG,4 ROOM,488B,CHOA CHU KANG AVE 5,13 TO 15,93.0,Model A,2016,1139,430000.0,488B CHOA CHU KANG AVE 5,1.3769739817533,103.739293156619,682488,16.20791516195029,0.762426726074785,14.0
CHOA CHU KANG,4 ROOM,488B,CHOA CHU KANG AVE 5,13 TO 15,93.0,Model A,2016,1139,420000.0,488B CHOA CHU KANG AVE 5,1.3769739817533,103.739293156619,682488,16.20791516195029,0.762426726074785,14.0
CHOA CHU KANG,4 ROOM,488A,CHOA CHU KANG AVE 5,04 TO 06,93.0,Model A,2016,1139,378000.0,488A CHOA CHU KANG AVE 5,1.37705950007098,103.738981398036,681488,16.240665153592094,0.7885269896298072,5.0
CHOA CHU KANG,4 ROOM,488D,CHOA CHU KANG AVE 5,04 TO 06,93.0,Model A,2016,1139,400000.0,488D CHOA CHU KANG AVE 5,1.37642221610651,103.740504704448,684488,16.065136748192007,0.6847924113647275,5.0
CHOA CHU KANG,4 ROOM,678,CHOA CHU KANG CRES,04 TO 06,106.0,Premium Apartment,1999,941,300000.0,678 CHOA CHU KANG CRES,1.40171070184602,103.744092652395,680678,17.72482023075549,0.5925989935902269,5.0
CHOA CHU KANG,4 ROOM,660,CHOA CHU KANG CRES,10 TO 12,103.0,Premium Apartment,1999,933,380000.0,660 CHOA CHU KANG CRES,1.40102235751598,103.749862447053,680660,17.241369552666985,0.47432715404306147,11.0
CHOA CHU KANG,4 ROOM,689A,CHOA CHU KANG DR,19 TO 21,90.0,Model A,2002,970,329000.0,689A CHOA CHU KANG DR,1.40298901385209,103.750320068403,681689,17.374163964607654,0.6875943822713504,20.0
CHOA CHU KANG,4 ROOM,687C,CHOA CHU KANG DR,19 TO 21,90.0,Model A,2003,981,323000.0,687C CHOA CHU KANG DR,1.40368559369126,103.751204967067,683687,17.36996667108601,0.803838889564191,20.0
CHOA CHU KANG,4 ROOM,688A,CHOA CHU KANG DR,19 TO 21,91.0,Model A,2002,968,335000.0,688A CHOA CHU KANG DR,1.40396387456119,103.750566306243,681688,17.4392986832876,0.7965575225836823,20.0
CHOA CHU KANG,4 ROOM,635,CHOA CHU KANG NTH 6,01 TO 03,113.0,Premium Apartment,1998,918,388000.0,635 CHOA CHU KANG NTH 6,1.39737094150025,103.749602912203,680635,16.956035613651917,0.24499159789328845,2.0
CHOA CHU KANG,4 ROOM,634,CHOA CHU KANG NTH 6,07 TO 09,113.0,Premium Apartment,1998,918,450000.0,634 CHOA CHU KANG NTH 6,1.39660911377874,103.749729373216,680634,16.88367275028093,0.2781266730077646,8.0
CHOA CHU KANG,4 ROOM,706,CHOA CHU KANG ST 53,10 TO 12,109.0,Model A,1995,888,340000.0,706 CHOA CHU KANG ST 53,1.39036832173941,103.746864334257,680706,16.596810752298666,0.6217552171164937,11.0
CHOA CHU KANG,4 ROOM,704,CHOA CHU KANG ST 53,10 TO 12,109.0,Model A,1995,887,380000.0,704 CHOA CHU KANG ST 53,1.39045874428793,103.745719464356,680704,16.69338847084271,0.5861017718710642,11.0
CHOA CHU KANG,4 ROOM,141,TECK WHYE LANE,01 TO 03,113.0,Model A,1989,817,315000.0,141 TECK WHYE LANE,1.38041161319004,103.75257991701,680141,15.365184862260191,0.43311002502825835,2.0
CHOA CHU KANG,5 ROOM,297B,CHOA CHU KANG AVE 2,13 TO 15,122.0,Premium Apartment,1999,937,387000.0,297B CHOA CHU KANG AVE 2,1.37735120606849,103.74310501791,682297,15.911470100270183,0.40801923970899145,14.0
CHOA CHU KANG,5 ROOM,296D,CHOA CHU KANG AVE 2,04 TO 06,123.0,Premium Apartment,1999,937,365000.0,296D CHOA CHU KANG AVE 2,1.37662308147899,103.74306824591,684296,15.86182118117863,0.4776008989009148,5.0
CHOA CHU KANG,5 ROOM,276,CHOA CHU KANG AVE 2,01 TO 03,125.0,Improved,1993,863,420000.0,276 CHOA CHU KANG AVE 2,1.37956864583538,103.744327184637,680276,15.971979556639493,0.13446403546694535,2.0
CHOA CHU KANG,5 ROOM,454,CHOA CHU KANG AVE 4,07 TO 09,123.0,Premium Apartment,2000,945,420000.0,454 CHOA CHU KANG AVE 4,1.37893713397214,103.73503881658,680454,16.711801525426342,1.149754837560613,8.0
CHOA CHU KANG,5 ROOM,483,CHOA CHU KANG AVE 5,01 TO 03,116.0,Improved,1999,935,382000.0,483 CHOA CHU KANG AVE 5,1.37584148701172,103.737757429932,680483,16.260195732626354,0.973174590680386,2.0
CHOA CHU KANG,5 ROOM,487A,CHOA CHU KANG AVE 5,07 TO 09,113.0,Improved,2016,1140,515000.0,487A CHOA CHU KANG AVE 5,1.37587750919484,103.739113762764,681487,16.145764593769,0.8445644191537933,8.0
CHOA CHU KANG,5 ROOM,487C,CHOA CHU KANG AVE 5,10 TO 12,113.0,Improved,2016,1140,520000.0,487C CHOA CHU KANG AVE 5,1.37651280702577,103.739137682367,683487,16.188551539584743,0.8032331475343063,11.0
CHOA CHU KANG,5 ROOM,489A,CHOA CHU KANG AVE 5,10 TO 12,113.0,Improved,2016,1140,495000.0,489A CHOA CHU KANG AVE 5,1.37560094818422,103.740360009689,681489,16.019213128014883,0.757216096506371,11.0
CHOA CHU KANG,5 ROOM,488C,CHOA CHU KANG AVE 5,04 TO 06,113.0,Improved,2016,1139,510000.0,488C CHOA CHU KANG AVE 5,1.37659678332207,103.73994960705,683488,16.124980034598618,0.7225415288022602,5.0
CHOA CHU KANG,5 ROOM,487A,CHOA CHU KANG AVE 5,04 TO 06,113.0,Improved,2016,1139,490000.0,487A CHOA CHU KANG AVE 5,1.37587750919484,103.739113762764,681487,16.145764593769,0.8445644191537933,5.0
CHOA CHU KANG,5 ROOM,490D,CHOA CHU KANG AVE 5,10 TO 12,113.0,Improved,2016,1139,520000.0,490D CHOA CHU KANG AVE 5,1.37602869228672,103.741368197927,684490,15.96341456914258,0.6446926975779775,11.0
CHOA CHU KANG,5 ROOM,488D,CHOA CHU KANG AVE 5,04 TO 06,113.0,Improved,2016,1139,485000.0,488D CHOA CHU KANG AVE 5,1.37642221610651,103.740504704448,684488,16.065136748192007,0.6847924113647275,5.0
CHOA CHU KANG,5 ROOM,489A,CHOA CHU KANG AVE 5,01 TO 03,113.0,Improved,2016,1139,495000.0,489A CHOA CHU KANG AVE 5,1.37560094818422,103.740360009689,681489,16.019213128014883,0.757216096506371,2.0
CHOA CHU KANG,5 ROOM,487A,CHOA CHU KANG AVE 5,10 TO 12,113.0,Improved,2016,1139,508000.0,487A CHOA CHU KANG AVE 5,1.37587750919484,103.739113762764,681487,16.145764593769,0.8445644191537933,11.0
CHOA CHU KANG,5 ROOM,487A,CHOA CHU KANG AVE 5,10 TO 12,113.0,Improved,2016,1139,483000.0,487A CHOA CHU KANG AVE 5,1.37587750919484,103.739113762764,681487,16.145764593769,0.8445644191537933,11.0
CHOA CHU KANG,5 ROOM,487B,CHOA CHU KANG AVE 5,13 TO 15,113.0,Improved,2016,1139,535000.0,487B CHOA CHU KANG AVE 5,1.37635512444695,103.738360161731,682487,16.244232634543454,0.8865544485822615,14.0
CHOA CHU KANG,5 ROOM,490D,CHOA CHU KANG AVE 5,13 TO 15,113.0,Improved,2016,1139,518000.0,490D CHOA CHU KANG AVE 5,1.37602869228672,103.741368197927,684490,15.96341456914258,0.6446926975779775,14.0
CHOA CHU KANG,5 ROOM,692B,CHOA CHU KANG CRES,01 TO 03,110.0,Improved,2003,980,359000.0,692B CHOA CHU KANG CRES,1.40067815960728,103.751377169268,682692,17.102421506322198,0.5631247210081172,2.0
CHOA CHU KANG,5 ROOM,690C,CHOA CHU KANG CRES,07 TO 09,110.0,Improved,2003,984,370000.0,690C CHOA CHU KANG CRES,1.4026489125138,103.751931750242,683690,17.229720769796327,0.7593084764714259,8.0
CHOA CHU KANG,5 ROOM,661,CHOA CHU KANG CRES,07 TO 09,121.0,Premium Apartment,1999,934,400000.0,661 CHOA CHU KANG CRES,1.40082816093623,103.75056549927,680661,17.17390204362412,0.5074543652454523,8.0
CHOA CHU KANG,5 ROOM,691B,CHOA CHU KANG CRES,22 TO 24,110.0,Improved,2003,982,408000.0,691B CHOA CHU KANG CRES,1.40162672032469,103.751577560463,682691,17.168218796219488,0.6497148506197862,23.0
CHOA CHU KANG,5 ROOM,661,CHOA CHU KANG CRES,04 TO 06,122.0,Premium Apartment,1999,933,425000.0,661 CHOA CHU KANG CRES,1.40082816093623,103.75056549927,680661,17.17390204362412,0.5074543652454523,5.0
CHOA CHU KANG,5 ROOM,692B,CHOA CHU KANG CRES,01 TO 03,110.0,Improved,2003,979,340000.0,692B CHOA CHU KANG CRES,1.40067815960728,103.751377169268,682692,17.102421506322198,0.5631247210081172,2.0
CHOA CHU KANG,5 ROOM,671A,CHOA CHU KANG CRES,16 TO 18,124.0,Premium Apartment,2000,943,435000.0,671A CHOA CHU KANG CRES,1.40209862661951,103.747897404358,681671,17.475128498703075,0.5103923529492301,17.0
CHOA CHU KANG,5 ROOM,680,CHOA CHU KANG CRES,01 TO 03,125.0,Premium Apartment,1999,939,388000.0,680 CHOA CHU KANG CRES,1.40333610825505,103.745131655848,680680,17.781798018832326,0.6927914691690471,2.0
CHOA CHU KANG,5 ROOM,671,CHOA CHU KANG CRES,16 TO 18,124.0,Premium Apartment,2000,943,413000.0,671 CHOA CHU KANG CRES,1.4025550181861,103.748021726542,680671,17.504242552004097,0.5623912261873498,17.0
CHOA CHU KANG,5 ROOM,688A,CHOA CHU KANG DR,07 TO 09,110.0,Improved,2002,969,368000.0,688A CHOA CHU KANG DR,1.40396387456119,103.750566306243,681688,17.4392986832876,0.7965575225836823,8.0
CHOA CHU KANG,5 ROOM,687C,CHOA CHU KANG DR,16 TO 18,110.0,Improved,2003,980,390000.0,687C CHOA CHU KANG DR,1.40368559369126,103.751204967067,683687,17.36996667108601,0.803838889564191,17.0
CHOA CHU KANG,5 ROOM,518,CHOA CHU KANG ST 51,04 TO 06,133.0,Model A,1995,890,440000.0,518 CHOA CHU KANG ST 51,1.39076886489636,103.742553977401,680518,16.96723874874537,0.6341077504857119,5.0
CHOA CHU KANG,5 ROOM,549,CHOA CHU KANG ST 52,07 TO 09,124.0,Improved,1995,887,435000.0,549 CHOA CHU KANG ST 52,1.39339017198123,103.742747108286,680549,17.157499953078247,0.6931993411602597,8.0
CHOA CHU KANG,5 ROOM,550,CHOA CHU KANG ST 52,01 TO 03,124.0,Improved,1994,874,420000.0,550 CHOA CHU KANG ST 52,1.39401069858338,103.742692606674,680550,17.210786087291137,0.6542134830783071,2.0
CHOA CHU KANG,5 ROOM,706,CHOA CHU KANG ST 53,10 TO 12,128.0,Improved,1995,886,420000.0,706 CHOA CHU KANG ST 53,1.39036832173941,103.746864334257,680706,16.596810752298666,0.6217552171164937,11.0
CHOA CHU KANG,5 ROOM,613,CHOA CHU KANG ST 62,10 TO 12,131.0,Model A,1996,900,510000.0,613 CHOA CHU KANG ST 62,1.40063924818019,103.744405825635,680613,17.61340163503728,0.4799013063040493,11.0
CHOA CHU KANG,5 ROOM,612,CHOA CHU KANG ST 62,04 TO 06,133.0,Model A,1996,899,465000.0,612 CHOA CHU KANG ST 62,1.40000866051722,103.744352713589,680612,17.56579356576781,0.43679236432011964,5.0
CHOA CHU KANG,5 ROOM,643,CHOA CHU KANG ST 64,07 TO 09,123.0,Premium Apartment,1998,918,570000.0,643 CHOA CHU KANG ST 64,1.39856129024064,103.748604386179,680643,17.12868054500376,0.17548492740042848,8.0
CHOA CHU KANG,5 ROOM,159,JLN TECK WHYE,01 TO 03,120.0,Improved,1998,918,440000.0,159 JLN TECK WHYE,1.38021644657731,103.756463742103,680159,15.043759311038297,0.2490598628670146,2.0
CHOA CHU KANG,5 ROOM,14,TECK WHYE LANE,22 TO 24,119.0,Improved,1979,690,355000.0,14 TECK WHYE LANE,1.37848150958552,103.755675386906,680014,14.969274199068568,0.26264523031336756,23.0
CHOA CHU KANG,EXECUTIVE,275,CHOA CHU KANG AVE 2,01 TO 03,143.0,Apartment,1993,864,450000.0,275 CHOA CHU KANG AVE 2,1.37927559119004,103.742229694175,680275,16.12520150640881,0.3588851795682055,2.0
CHOA CHU KANG,EXECUTIVE,282,CHOA CHU KANG AVE 3,07 TO 09,146.0,Maisonette,1992,852,550000.0,282 CHOA CHU KANG AVE 3,1.38025443409642,103.743214351168,680282,16.115064160413542,0.2309862190992095,8.0
CHOA CHU KANG,EXECUTIVE,437,CHOA CHU KANG AVE 4,10 TO 12,144.0,Apartment,1993,864,545000.0,437 CHOA CHU KANG AVE 4,1.38410980069154,103.740645540511,680437,16.61389586239214,0.4369299617523512,11.0
CHOA CHU KANG,EXECUTIVE,437,CHOA CHU KANG AVE 4,04 TO 06,148.0,Apartment,1993,863,538888.0,437 CHOA CHU KANG AVE 4,1.38410980069154,103.740645540511,680437,16.61389586239214,0.4369299617523512,5.0
CHOA CHU KANG,EXECUTIVE,448,CHOA CHU KANG AVE 4,04 TO 06,139.0,Apartment,1997,909,536000.0,448 CHOA CHU KANG AVE 4,1.38022306846711,103.737346540576,680448,16.605725637871988,0.8832557991114665,5.0
CHOA CHU KANG,EXECUTIVE,419,CHOA CHU KANG AVE 4,07 TO 09,143.0,Apartment,1993,863,515000.0,419 CHOA CHU KANG AVE 4,1.38192576906172,103.74156049873,680419,16.375959735886745,0.45254037646120365,8.0
CHOA CHU KANG,EXECUTIVE,679,CHOA CHU KANG CRES,04 TO 06,144.0,Premium Apartment,1999,941,465000.0,679 CHOA CHU KANG CRES,1.40262029061291,103.744715544736,680679,17.753326724328858,0.6396314928875942,5.0
CHOA CHU KANG,EXECUTIVE,663,CHOA CHU KANG CRES,01 TO 03,141.0,Apartment,1999,936,450000.0,663 CHOA CHU KANG CRES,1.40198475097106,103.750788391041,680663,17.255382557346294,0.6214976650167442,2.0
CHOA CHU KANG,EXECUTIVE,351,CHOA CHU KANG CTRL,10 TO 12,143.0,Apartment,1993,864,622000.0,351 CHOA CHU KANG CTRL,1.38350488400214,103.743079424598,680351,16.368627022555923,0.2135734331165233,11.0
CHOA CHU KANG,EXECUTIVE,764,CHOA CHU KANG NTH 5,01 TO 03,144.0,Maisonette,1996,902,570000.0,764 CHOA CHU KANG NTH 5,1.39318129660748,103.74913495353,680764,16.647809186097213,0.5209035322760953,2.0
CHOA CHU KANG,EXECUTIVE,757,CHOA CHU KANG NTH 5,07 TO 09,146.0,Maisonette,1995,889,600000.0,757 CHOA CHU KANG NTH 5,1.39284801770148,103.74591415814,680757,16.86792778925953,0.5468891764562662,8.0
CHOA CHU KANG,EXECUTIVE,753,CHOA CHU KANG NTH 5,01 TO 03,147.0,Apartment,1995,889,460000.0,753 CHOA CHU KANG NTH 5,1.39234090627859,103.746943594779,680753,16.747856013689052,0.5798329595917531,2.0
CHOA CHU KANG,EXECUTIVE,557,CHOA CHU KANG NTH 6,04 TO 06,146.0,Apartment,1996,895,555000.0,557 CHOA CHU KANG NTH 6,1.39556990952056,103.744332777955,680557,17.207823674178417,0.4054468395022962,5.0
CHOA CHU KANG,EXECUTIVE,529,CHOA CHU KANG ST 51,01 TO 03,143.0,Apartment,1995,885,450000.0,529 CHOA CHU KANG ST 51,1.39219218072532,103.742143506429,680529,17.11084159541861,0.7986960955249157,2.0
CHOA CHU KANG,EXECUTIVE,526,CHOA CHU KANG ST 51,04 TO 06,142.0,Apartment,1995,884,470000.0,526 CHOA CHU KANG ST 51,1.39135405427241,103.74189333792,680526,17.065231409409574,0.7208387790452214,5.0
CHOA CHU KANG,EXECUTIVE,768,CHOA CHU KANG ST 54,04 TO 06,144.0,Maisonette,1996,900,580000.0,768 CHOA CHU KANG ST 54,1.39412652775516,103.749961592812,680768,16.662292583463113,0.47371531610168605,5.0
CHOA CHU KANG,EXECUTIVE,101,TECK WHYE LANE,04 TO 06,142.0,Apartment,1989,814,500000.0,101 TECK WHYE LANE,1.37788964623982,103.754239909547,680101,15.037432894128257,0.14626371678435923,5.0
CHOA CHU KANG,EXECUTIVE,120,TECK WHYE LANE,04 TO 06,146.0,Maisonette,1989,815,560000.0,120 TECK WHYE LANE,1.37884184875046,103.750340641074,680120,15.424321102594504,0.1453102514536062,5.0
CHOA CHU KANG,EXECUTIVE,101,TECK WHYE LANE,13 TO 15,142.0,Apartment,1989,814,548000.0,101 TECK WHYE LANE,1.37788964623982,103.754239909547,680101,15.037432894128257,0.14626371678435923,14.0
CLEMENTI,2 ROOM,418,CLEMENTI AVE 1,07 TO 09,49.0,Model A,2013,1106,295000.0,418 CLEMENTI AVE 1,1.31017571904177,103.77000324485,120418,9.519176380652317,0.7742552877040978,8.0
CLEMENTI,3 ROOM,421,CLEMENTI AVE 1,13 TO 15,74.0,Model A,2013,1106,515000.0,421 CLEMENTI AVE 1,1.30909798702908,103.768355913054,120421,9.658185843395854,0.7648691164744128,14.0
CLEMENTI,3 ROOM,421,CLEMENTI AVE 1,13 TO 15,74.0,Model A,2013,1106,500000.0,421 CLEMENTI AVE 1,1.30909798702908,103.768355913054,120421,9.658185843395854,0.7648691164744128,14.0
CLEMENTI,3 ROOM,352,CLEMENTI AVE 2,04 TO 06,67.0,New Generation,1978,687,310000.0,352 CLEMENTI AVE 2,1.31427860227337,103.771350557894,120352,9.52875678979195,0.6933150129004739,5.0
CLEMENTI,3 ROOM,329,CLEMENTI AVE 2,01 TO 03,67.0,New Generation,1978,684,290000.0,329 CLEMENTI AVE 2,1.31306718149221,103.767339299757,120329,9.902038109203465,0.3373419315990903,2.0
CLEMENTI,3 ROOM,367,CLEMENTI AVE 2,16 TO 18,61.0,Model A,2003,980,400000.0,367 CLEMENTI AVE 2,1.31294067164982,103.77164865498,120367,9.445892062329541,0.7615036914105922,17.0
CLEMENTI,3 ROOM,351,CLEMENTI AVE 2,01 TO 03,67.0,New Generation,1978,686,276000.0,351 CLEMENTI AVE 2,1.31535006995344,103.770861377512,120351,9.62228053850428,0.6315186906219683,2.0
CLEMENTI,3 ROOM,329,CLEMENTI AVE 2,01 TO 03,67.0,New Generation,1978,684,310000.0,329 CLEMENTI AVE 2,1.31306718149221,103.767339299757,120329,9.902038109203465,0.3373419315990903,2.0
CLEMENTI,3 ROOM,435,CLEMENTI AVE 3,10 TO 12,81.0,New Generation,1978,690,408800.0,435 CLEMENTI AVE 3,1.31456210565181,103.76253024021,120435,10.461612754603497,0.30327935122739125,11.0
CLEMENTI,3 ROOM,311B,CLEMENTI AVE 4,04 TO 06,60.0,DBSS,2014,1122,500000.0,311B CLEMENTI AVE 4,1.31944669077178,103.765649446368,122311,10.329811885029626,0.4749158884226911,5.0
CLEMENTI,3 ROOM,311B,CLEMENTI AVE 4,34 TO 36,60.0,DBSS,2014,1122,520000.0,311B CLEMENTI AVE 4,1.31944669077178,103.765649446368,122311,10.329811885029626,0.4749158884226911,35.0
CLEMENTI,3 ROOM,311C,CLEMENTI AVE 4,04 TO 06,60.0,DBSS,2014,1122,445000.0,311C CLEMENTI AVE 4,1.32010579446331,103.765573473984,123311,10.365857493810266,0.547088540360916,5.0
CLEMENTI,3 ROOM,374,CLEMENTI AVE 4,04 TO 06,68.0,New Generation,1981,721,312888.0,374 CLEMENTI AVE 4,1.31912618587195,103.766983653394,120374,10.179172292283662,0.4801721168119414,5.0
CLEMENTI,3 ROOM,320,CLEMENTI AVE 4,01 TO 03,67.0,New Generation,1979,694,330000.0,320 CLEMENTI AVE 4,1.316901343761,103.765310715228,120320,10.260017599137496,0.18957725483146262,2.0
CLEMENTI,3 ROOM,311C,CLEMENTI AVE 4,31 TO 33,60.0,DBSS,2014,1121,550000.0,311C CLEMENTI AVE 4,1.32010579446331,103.765573473984,123311,10.365857493810266,0.547088540360916,32.0
CLEMENTI,3 ROOM,309,CLEMENTI AVE 4,07 TO 09,67.0,New Generation,1980,702,315000.0,309 CLEMENTI AVE 4,1.32091981411778,103.766377598785,120309,10.319312276079703,0.6496053678857078,8.0
CLEMENTI,3 ROOM,375,CLEMENTI AVE 4,04 TO 06,67.0,New Generation,1980,711,300000.0,375 CLEMENTI AVE 4,1.31849298732441,103.766701647482,120375,10.181307165279067,0.4031056716617053,5.0
CLEMENTI,3 ROOM,306,CLEMENTI AVE 4,01 TO 03,67.0,New Generation,1979,693,272000.0,306 CLEMENTI AVE 4,1.32143826057396,103.765901268051,120306,10.39091260307251,0.6981107350743401,2.0
CLEMENTI,3 ROOM,307,CLEMENTI AVE 4,04 TO 06,67.0,New Generation,1979,700,294000.0,307 CLEMENTI AVE 4,1.321415896635,103.76710548935,120307,10.267449941647948,0.7233466623743946,5.0
CLEMENTI,3 ROOM,311A,CLEMENTI AVE 4,07 TO 09,60.0,DBSS,2014,1121,515000.0,311A CLEMENTI AVE 4,1.31911656776897,103.765492195959,121311,10.331996839365175,0.4367214925666275,8.0
CLEMENTI,3 ROOM,311C,CLEMENTI AVE 4,22 TO 24,60.0,DBSS,2014,1121,525000.0,311C CLEMENTI AVE 4,1.32010579446331,103.765573473984,123311,10.365857493810266,0.547088540360916,23.0
CLEMENTI,3 ROOM,305,CLEMENTI AVE 4,01 TO 03,67.0,New Generation,1979,692,290000.0,305 CLEMENTI AVE 4,1.32206108860648,103.76601401343,120305,10.407478983005305,0.7683588004698094,2.0
CLEMENTI,3 ROOM,311B,CLEMENTI AVE 4,10 TO 12,60.0,DBSS,2014,1121,515000.0,311B CLEMENTI AVE 4,1.31944669077178,103.765649446368,122311,10.329811885029626,0.4749158884226911,11.0
CLEMENTI,3 ROOM,308,CLEMENTI AVE 4,04 TO 06,67.0,New Generation,1980,702,298000.0,308 CLEMENTI AVE 4,1.32105185036523,103.766910446634,120308,10.27091788237211,0.6783233585125706,5.0
CLEMENTI,3 ROOM,379,CLEMENTI AVE 5,10 TO 12,67.0,New Generation,1980,711,325000.0,379 CLEMENTI AVE 5,1.31797801720797,103.767831518404,120379,10.043381251629778,0.42667904599724665,11.0
CLEMENTI,3 ROOM,602,CLEMENTI WEST ST 1,01 TO 03,67.0,New Generation,1979,701,280000.0,602 CLEMENTI WEST ST 1,1.305104400087,103.766311863504,120602,9.759178634494422,1.1297184270058331,2.0
CLEMENTI,3 ROOM,729,CLEMENTI WEST ST 2,04 TO 06,68.0,New Generation,1983,748,260000.0,729 CLEMENTI WEST ST 2,1.30492724290307,103.763519401903,120729,10.05609223690013,1.1572811008754191,5.0
CLEMENTI,3 ROOM,713,CLEMENTI WEST ST 2,07 TO 09,67.0,New Generation,1985,768,273000.0,713 CLEMENTI WEST ST 2,1.3041278418713,103.762206285308,120713,10.17811247939013,1.2749825180039576,8.0
CLEMENTI,3 ROOM,714,CLEMENTI WEST ST 2,04 TO 06,67.0,New Generation,1980,711,255000.0,714 CLEMENTI WEST ST 2,1.30430341306691,103.761682084014,120714,10.239261189177919,1.2727292484851305,5.0
CLEMENTI,3 ROOM,705,CLEMENTI WEST ST 2,01 TO 03,67.0,New Generation,1980,709,250000.0,705 CLEMENTI WEST ST 2,1.30566420848829,103.760650698612,120705,10.385309711083917,1.1740490377923847,2.0
CLEMENTI,3 ROOM,711,CLEMENTI WEST ST 2,04 TO 06,67.0,New Generation,1980,712,260000.0,711 CLEMENTI WEST ST 2,1.30484423498146,103.76110706384,120711,10.31501488381522,1.2375556534068177,5.0
CLEMENTI,3 ROOM,715,CLEMENTI WEST ST 2,10 TO 12,68.0,New Generation,1981,722,280000.0,715 CLEMENTI WEST ST 2,1.30315360303876,103.761943675943,120715,10.18326340424852,1.3871775256507706,11.0
CLEMENTI,3 ROOM,713,CLEMENTI WEST ST 2,07 TO 09,67.0,New Generation,1985,768,260000.0,713 CLEMENTI WEST ST 2,1.3041278418713,103.762206285308,120713,10.17811247939013,1.2749825180039576,8.0
CLEMENTI,3 ROOM,722,CLEMENTI WEST ST 2,01 TO 03,84.0,New Generation,1985,771,290000.0,722 CLEMENTI WEST ST 2,1.30297959881951,103.76371403028,120722,9.986815481868863,1.3687558941236193,2.0
CLEMENTI,3 ROOM,507,WEST COAST DR,07 TO 09,67.0,New Generation,1978,686,279800.0,507 WEST COAST DR,1.31207968902337,103.760802118745,120507,10.558237499154448,0.5979911945822247,8.0
CLEMENTI,3 ROOM,506,WEST COAST DR,04 TO 06,67.0,New Generation,1978,686,250000.0,506 WEST COAST DR,1.31251696940456,103.760867377122,120506,10.565850952724496,0.564969549290946,5.0
CLEMENTI,3 ROOM,701,WEST COAST RD,10 TO 12,67.0,New Generation,1980,710,260000.0,701 WEST COAST RD,1.30761194155051,103.761376368247,120701,10.359865869449724,0.9440211048291751,11.0
CLEMENTI,4 ROOM,365,CLEMENTI AVE 2,07 TO 09,90.0,New Generation,1978,679,365000.0,365 CLEMENTI AVE 2,1.3122997890586,103.769943830728,120365,9.600536125240012,0.6198796974596118,8.0
CLEMENTI,4 ROOM,358,CLEMENTI AVE 2,10 TO 12,92.0,New Generation,1978,679,482000.0,358 CLEMENTI AVE 2,1.31358574940402,103.769084332627,120358,9.738350122709823,0.46948214970088364,11.0
CLEMENTI,4 ROOM,456,CLEMENTI AVE 3,07 TO 09,90.0,Model A,2002,978,610888.0,456 CLEMENTI AVE 3,1.31192806813885,103.766985274381,120456,9.89862621735927,0.4154925968533587,8.0
CLEMENTI,4 ROOM,301,CLEMENTI AVE 4,01 TO 03,92.0,New Generation,1979,693,365000.0,301 CLEMENTI AVE 4,1.32217649495476,103.764912144396,120301,10.524627364161859,0.776192140342279,2.0
CLEMENTI,4 ROOM,302,CLEMENTI AVE 4,13 TO 15,92.0,New Generation,1979,693,468800.0,302 CLEMENTI AVE 4,1.32173863747461,103.764910229993,120302,10.505228307438172,0.7275523687023288,14.0
CLEMENTI,4 ROOM,303,CLEMENTI AVE 4,07 TO 09,92.0,New Generation,1979,693,369000.0,303 CLEMENTI AVE 4,1.3213294766669,103.764815932724,120303,10.49671259521683,0.6826431489336287,8.0
CLEMENTI,4 ROOM,311A,CLEMENTI AVE 4,25 TO 27,80.0,DBSS,2014,1122,745000.0,311A CLEMENTI AVE 4,1.31911656776897,103.765492195959,121311,10.331996839365175,0.4367214925666275,26.0
CLEMENTI,4 ROOM,311B,CLEMENTI AVE 4,25 TO 27,81.0,DBSS,2014,1121,773000.0,311B CLEMENTI AVE 4,1.31944669077178,103.765649446368,122311,10.329811885029626,0.4749158884226911,26.0
CLEMENTI,4 ROOM,311C,CLEMENTI AVE 4,34 TO 36,80.0,DBSS,2014,1121,760000.0,311C CLEMENTI AVE 4,1.32010579446331,103.765573473984,123311,10.365857493810266,0.547088540360916,35.0
CLEMENTI,4 ROOM,311C,CLEMENTI AVE 4,19 TO 21,82.0,DBSS,2014,1122,735000.0,311C CLEMENTI AVE 4,1.32010579446331,103.765573473984,123311,10.365857493810266,0.547088540360916,20.0
CLEMENTI,4 ROOM,311B,CLEMENTI AVE 4,37 TO 39,80.0,DBSS,2014,1122,776000.0,311B CLEMENTI AVE 4,1.31944669077178,103.765649446368,122311,10.329811885029626,0.4749158884226911,38.0
CLEMENTI,4 ROOM,307,CLEMENTI AVE 4,07 TO 09,92.0,New Generation,1979,700,430000.0,307 CLEMENTI AVE 4,1.321415896635,103.76710548935,120307,10.267449941647948,0.7233466623743946,8.0
CLEMENTI,4 ROOM,311B,CLEMENTI AVE 4,31 TO 33,80.0,DBSS,2014,1121,790000.0,311B CLEMENTI AVE 4,1.31944669077178,103.765649446368,122311,10.329811885029626,0.4749158884226911,32.0
CLEMENTI,4 ROOM,311C,CLEMENTI AVE 4,10 TO 12,80.0,DBSS,2014,1121,710000.0,311C CLEMENTI AVE 4,1.32010579446331,103.765573473984,123311,10.365857493810266,0.547088540360916,11.0
CLEMENTI,4 ROOM,311B,CLEMENTI AVE 4,10 TO 12,80.0,DBSS,2014,1121,720000.0,311B CLEMENTI AVE 4,1.31944669077178,103.765649446368,122311,10.329811885029626,0.4749158884226911,11.0
CLEMENTI,4 ROOM,348,CLEMENTI AVE 5,01 TO 03,92.0,New Generation,1979,692,435000.0,348 CLEMENTI AVE 5,1.31677716280701,103.770897098036,120348,9.67740230189735,0.6589973546442228,2.0
CLEMENTI,4 ROOM,610,CLEMENTI WEST ST 1,10 TO 12,104.0,Model A,1983,745,400000.0,610 CLEMENTI WEST ST 1,1.30454704525517,103.768773617907,120610,9.47865066607278,1.2501502007366465,11.0
CLEMENTI,4 ROOM,601,CLEMENTI WEST ST 1,01 TO 03,92.0,New Generation,1979,700,345000.0,601 CLEMENTI WEST ST 1,1.30477461299303,103.765253754328,120601,9.864668987208924,1.1594177868769926,2.0
CLEMENTI,4 ROOM,707,CLEMENTI WEST ST 2,04 TO 06,91.0,New Generation,1980,708,390000.0,707 CLEMENTI WEST ST 2,1.30628748271347,103.762394965532,120707,10.213513107045127,1.0384765790348918,5.0
CLEMENTI,4 ROOM,709,CLEMENTI WEST ST 2,07 TO 09,92.0,New Generation,1980,708,400000.0,709 CLEMENTI WEST ST 2,1.30533046157853,103.762003588469,120709,10.230406832064652,1.153068320499862,8.0
CLEMENTI,4 ROOM,712,CLEMENTI WEST ST 2,10 TO 12,91.0,New Generation,1980,706,420000.0,712 CLEMENTI WEST ST 2,1.304974887429,103.761861975982,120712,10.236594152417048,1.195531846276754,11.0
CLEMENTI,4 ROOM,716,CLEMENTI WEST ST 2,04 TO 06,91.0,New Generation,1981,722,406000.0,716 CLEMENTI WEST ST 2,1.30240953060904,103.762804760851,120716,10.072469195878266,1.4467262650182036,5.0
CLEMENTI,4 ROOM,512,WEST COAST DR,10 TO 12,91.0,New Generation,1978,678,416000.0,512 WEST COAST DR,1.30995900089387,103.760210268491,120512,10.553925839226682,0.8033085720051127,11.0
CLEMENTI,5 ROOM,416,CLEMENTI AVE 1,13 TO 15,117.0,Improved,2013,1106,845000.0,416 CLEMENTI AVE 1,1.31033592235344,103.771355673383,120416,9.381768101176792,0.8182147005418555,14.0
CLEMENTI,5 ROOM,441A,CLEMENTI AVE 3,37 TO 39,116.0,Improved,2012,1092,1040000.0,441A CLEMENTI AVE 3,1.31463913092205,103.764797687774,121441,10.226500146377326,0.07573960181039666,38.0
CLEMENTI,5 ROOM,440C,CLEMENTI AVE 3,31 TO 33,112.0,Improved,2018,1165,957888.0,440C CLEMENTI AVE 3,1.31663371565974,103.763934137674,123440,10.392608731118397,0.21125199064587152,32.0
CLEMENTI,5 ROOM,458,CLEMENTI AVE 3,13 TO 15,110.0,Improved,2002,977,770000.0,458 CLEMENTI AVE 3,1.31156993573207,103.76686707803,120458,9.898648784732071,0.44509976816912233,14.0
CLEMENTI,5 ROOM,311A,CLEMENTI AVE 4,16 TO 18,105.0,DBSS,2014,1122,910000.0,311A CLEMENTI AVE 4,1.31911656776897,103.765492195959,121311,10.331996839365175,0.4367214925666275,17.0
CLEMENTI,5 ROOM,311C,CLEMENTI AVE 4,07 TO 09,105.0,DBSS,2014,1122,890000.0,311C CLEMENTI AVE 4,1.32010579446331,103.765573473984,123311,10.365857493810266,0.547088540360916,8.0
CLEMENTI,5 ROOM,311A,CLEMENTI AVE 4,04 TO 06,105.0,DBSS,2014,1121,840000.0,311A CLEMENTI AVE 4,1.31911656776897,103.765492195959,121311,10.331996839365175,0.4367214925666275,5.0
CLEMENTI,5 ROOM,340,CLEMENTI AVE 5,04 TO 06,121.0,Improved,1979,701,510000.0,340 CLEMENTI AVE 5,1.31872875423273,103.77007125633,120340,9.845783281889961,0.6702298467807178,5.0
CLEMENTI,5 ROOM,340,CLEMENTI AVE 5,01 TO 03,121.0,Improved,1979,700,480000.0,340 CLEMENTI AVE 5,1.31872875423273,103.77007125633,120340,9.845783281889961,0.6702298467807178,2.0
CLEMENTI,5 ROOM,114,CLEMENTI ST 13,04 TO 06,142.0,Model A-Maisonette,1984,759,785500.0,114 CLEMENTI ST 13,1.32391547713763,103.770629507887,120114,10.030921461607168,1.142617819217174,5.0
CLEMENTI,5 ROOM,103,CLEMENTI ST 14,10 TO 12,121.0,Improved,1984,761,760000.0,103 CLEMENTI ST 14,1.32258854750628,103.769176205799,120103,10.11232412072707,0.9337303397683622,11.0
CLEMENTI,5 ROOM,717,CLEMENTI WEST ST 2,01 TO 03,118.0,Improved,1981,716,585000.0,717 CLEMENTI WEST ST 2,1.30323440870789,103.762464847394,120717,10.128531983156146,1.3645167820898056,2.0
CLEMENTI,EXECUTIVE,206,CLEMENTI AVE 6,04 TO 06,148.0,Maisonette,1985,763,728000.0,206 CLEMENTI AVE 6,1.32150115847495,103.762228657544,120206,10.768756703506483,0.773655630370799,5.0
CLEMENTI,EXECUTIVE,111,CLEMENTI ST 13,04 TO 06,146.0,Maisonette,1985,762,720000.0,111 CLEMENTI ST 13,1.32321605375506,103.771126100117,120111,9.94705112756949,1.1094174966777008,5.0
GEYLANG,2 ROOM,72,CIRCUIT RD,10 TO 12,42.0,Standard,1969,571,160000.0,72 CIRCUIT RD,1.32454761102539,103.887943886744,370072,6.0697531218946414,0.23331554882953826,11.0
GEYLANG,3 ROOM,109,ALJUNIED CRES,07 TO 09,60.0,Improved,1986,775,300000.0,109 ALJUNIED CRES,1.31939291785822,103.884439876207,380109,5.383744100122223,0.3707113853767676,8.0
GEYLANG,3 ROOM,98,ALJUNIED CRES,01 TO 03,65.0,Improved,1975,650,250000.0,98 ALJUNIED CRES,1.32086525583011,103.885697365861,380098,5.598844854022274,0.5824287959752635,2.0
GEYLANG,3 ROOM,99,ALJUNIED CRES,10 TO 12,67.0,New Generation,1978,679,288000.0,99 ALJUNIED CRES,1.32138118291427,103.884306283099,380099,5.538059977506085,0.571848875284936,11.0
GEYLANG,3 ROOM,102,ALJUNIED CRES,10 TO 12,67.0,New Generation,1978,679,272000.0,102 ALJUNIED CRES,1.3204390302197,103.882420433245,380102,5.321905982211226,0.44875224631899757,11.0
GEYLANG,3 ROOM,106,ALJUNIED CRES,07 TO 09,67.0,New Generation,1979,690,315000.0,106 ALJUNIED CRES,1.31905494962151,103.882900918125,380106,5.240785037596393,0.29159123424993183,8.0
GEYLANG,3 ROOM,112,ALJUNIED CRES,10 TO 12,67.0,New Generation,1980,709,305000.0,112 ALJUNIED CRES,1.32041804730607,103.885098713079,380112,5.517171665445115,0.5057712614026509,11.0
GEYLANG,3 ROOM,20,BALAM RD,01 TO 03,60.3,Standard,1967,547,202000.0,20 BALAM RD,1.33083095249698,103.887507765547,370020,6.576875333735047,0.4859383114031062,2.0
GEYLANG,3 ROOM,24,BALAM RD,01 TO 03,60.0,Standard,1967,547,207000.0,24 BALAM RD,1.33018852048052,103.887508672167,370024,6.52040155646275,0.4911468078964286,2.0
GEYLANG,3 ROOM,19,BALAM RD,01 TO 03,60.3,Standard,1967,546,200000.0,19 BALAM RD,1.33142362640009,103.887410301919,370019,6.622750769239201,0.42453215320227616,2.0
GEYLANG,3 ROOM,24,BALAM RD,04 TO 06,60.0,Standard,1967,546,220000.0,24 BALAM RD,1.33018852048052,103.887508672167,370024,6.52040155646275,0.4911468078964286,5.0
GEYLANG,3 ROOM,24,BALAM RD,07 TO 09,60.0,Standard,1967,546,220000.0,24 BALAM RD,1.33018852048052,103.887508672167,370024,6.52040155646275,0.4911468078964286,8.0
GEYLANG,3 ROOM,19,BALAM RD,07 TO 09,60.3,Standard,1967,546,208000.0,19 BALAM RD,1.33142362640009,103.887410301919,370019,6.622750769239201,0.42453215320227616,8.0
GEYLANG,3 ROOM,38,CIRCUIT RD,07 TO 09,60.0,Standard,1971,595,218000.0,38 CIRCUIT RD,1.3279573571198,103.886080437213,370038,6.227150359713283,0.33706855049413875,8.0
GEYLANG,3 ROOM,49,CIRCUIT RD,07 TO 09,56.0,Standard,1969,571,220000.0,49 CIRCUIT RD,1.32513240286821,103.885610754075,370049,5.949761417597379,0.32655283181646444,8.0
GEYLANG,3 ROOM,35,CIRCUIT RD,13 TO 15,63.1,Standard,1971,595,205000.0,35 CIRCUIT RD,1.32915899694507,103.886010316123,370035,6.328075318294011,0.3984102797863865,14.0
GEYLANG,3 ROOM,57,CIRCUIT RD,04 TO 06,56.0,Standard,1969,571,192000.0,57 CIRCUIT RD,1.32472311721669,103.886685702383,370057,5.99207477316463,0.3309846713069407,5.0
GEYLANG,3 ROOM,67,CIRCUIT RD,04 TO 06,61.0,Standard,1969,571,228000.0,67 CIRCUIT RD,1.32584857614009,103.887926514332,370067,6.176961571882551,0.15617257403378634,5.0
GEYLANG,3 ROOM,35,CIRCUIT RD,10 TO 12,63.1,Standard,1971,594,222888.0,35 CIRCUIT RD,1.32915899694507,103.886010316123,370035,6.328075318294011,0.3984102797863865,11.0
GEYLANG,3 ROOM,43,CIRCUIT RD,04 TO 06,52.0,Standard,1971,594,210000.0,43 CIRCUIT RD,1.32648228290473,103.885544901533,370043,6.0616073420801015,0.25912854816617475,5.0
GEYLANG,3 ROOM,36,CIRCUIT RD,07 TO 09,63.1,Standard,1971,594,230000.0,36 CIRCUIT RD,1.32902607919001,103.88693079734,370036,6.378996003369516,0.41417531880813824,8.0
GEYLANG,3 ROOM,18D,CIRCUIT RD,04 TO 06,67.0,Model A,2016,1144,453000.0,18D CIRCUIT RD,1.32940434763773,103.889196979567,374018,6.569887950185489,0.3620162647123152,5.0
GEYLANG,3 ROOM,35,CIRCUIT RD,04 TO 06,72.0,Standard,1971,594,235000.0,35 CIRCUIT RD,1.32915899694507,103.886010316123,370035,6.328075318294011,0.3984102797863865,5.0
GEYLANG,3 ROOM,68,CIRCUIT RD,07 TO 09,56.0,Standard,1969,570,212000.0,68 CIRCUIT RD,1.32546801109536,103.888077424417,370068,6.156137027825916,0.15551004616215958,8.0
GEYLANG,3 ROOM,50,CIRCUIT RD,07 TO 09,56.0,Standard,1969,570,245000.0,50 CIRCUIT RD,1.32488448306596,103.885571385532,370050,5.9257460888748925,0.34030911885199144,8.0
GEYLANG,3 ROOM,38,CIRCUIT RD,10 TO 12,60.0,Standard,1971,594,226000.0,38 CIRCUIT RD,1.3279573571198,103.886080437213,370038,6.227150359713283,0.33706855049413875,11.0
GEYLANG,3 ROOM,21,EUNOS CRES,10 TO 12,66.0,Improved,1982,727,250000.0,21 EUNOS CRES,1.32503135532498,103.903282423724,400021,7.35217795794481,0.5787042204558052,11.0
GEYLANG,3 ROOM,19,EUNOS CRES,04 TO 06,65.0,Improved,1977,670,250000.0,19 EUNOS CRES,1.32427583956643,103.903205459225,400019,7.293470187176527,0.49564531306097853,5.0
GEYLANG,3 ROOM,33,EUNOS CRES,04 TO 06,60.0,Model A,2007,1027,433000.0,33 EUNOS CRES,1.32018325530871,103.90080491512,400033,6.805814449136523,0.3160374930945064,5.0
GEYLANG,3 ROOM,20,EUNOS CRES,10 TO 12,66.0,Improved,1982,726,257000.0,20 EUNOS CRES,1.32465648439267,103.903243112164,400020,7.322887424904169,0.5374480878428656,11.0
GEYLANG,3 ROOM,93,JLN DUA,04 TO 06,62.0,Standard,1969,570,290000.0,93 JLN DUA,1.30868190843585,103.887123739313,390093,4.824558468462016,0.21628396597906796,5.0
GEYLANG,3 ROOM,93,JLN DUA,04 TO 06,62.0,Standard,1969,571,292000.0,93 JLN DUA,1.30868190843585,103.887123739313,390093,4.824558468462016,0.21628396597906796,5.0
GEYLANG,3 ROOM,41,SIMS DR,13 TO 15,66.0,Improved,1981,716,220000.0,41 SIMS DR,1.31685532892182,103.875551269808,380041,4.5361797594275135,0.657343285191337,14.0
GEYLANG,3 ROOM,41,SIMS DR,01 TO 03,66.0,Improved,1981,717,240000.0,41 SIMS DR,1.31685532892182,103.875551269808,380041,4.5361797594275135,0.657343285191337,2.0
GEYLANG,3 ROOM,350,UBI AVE 1,01 TO 03,64.0,Simplified,1985,773,267000.0,350 UBI AVE 1,1.32580408523453,103.901292368319,400350,7.235318557266782,0.5174844342521124,2.0
GEYLANG,4 ROOM,104,ALJUNIED CRES,04 TO 06,92.0,New Generation,1978,679,500000.0,104 ALJUNIED CRES,1.32006886595229,103.882818111651,380104,5.319378136216206,0.40445117408747266,5.0
GEYLANG,4 ROOM,28,BALAM RD,13 TO 15,107.0,Model A,1997,913,576000.0,28 BALAM RD,1.33048096275076,103.886579205764,370028,6.4834330936686,0.5457036347066007,14.0
GEYLANG,4 ROOM,17B,CIRCUIT RD,07 TO 09,93.0,Model A,2016,1145,720000.0,17B CIRCUIT RD,1.32994002346249,103.889189084492,372017,6.615314897994638,0.4215802221297099,8.0
GEYLANG,4 ROOM,17A,CIRCUIT RD,16 TO 18,93.0,Model A,2016,1144,700000.0,17A CIRCUIT RD,1.32989202076676,103.888112904804,371017,6.536023585129731,0.4364455829066583,17.0
GEYLANG,4 ROOM,17A,CIRCUIT RD,07 TO 09,93.0,Model A,2016,1144,735000.0,17A CIRCUIT RD,1.32989202076676,103.888112904804,371017,6.536023585129731,0.4364455829066583,8.0
GEYLANG,4 ROOM,2C,GEYLANG SERAI,07 TO 09,93.0,Model A,2011,1086,660000.0,2C GEYLANG SERAI,1.31750146062242,103.898206520651,405002,6.396785323900168,0.6561958220099433,8.0
GEYLANG,4 ROOM,2B,GEYLANG SERAI,07 TO 09,95.0,Model A,2011,1086,620000.0,2B GEYLANG SERAI,1.31740511166912,103.89777455271,404002,6.3515797620738,0.6131952643939099,8.0
GEYLANG,4 ROOM,2A,GEYLANG SERAI,07 TO 09,93.0,Model A,2011,1085,640000.0,2A GEYLANG SERAI,1.31699648623217,103.897748935672,403002,6.322719603881442,0.6107342675243632,8.0
GEYLANG,4 ROOM,2B,GEYLANG SERAI,10 TO 12,95.0,Model A,2011,1085,675000.0,2B GEYLANG SERAI,1.31740511166912,103.89777455271,404002,6.3515797620738,0.6131952643939099,11.0
GEYLANG,4 ROOM,121,PAYA LEBAR WAY,07 TO 09,91.0,New Generation,1980,710,360000.0,121 PAYA LEBAR WAY,1.32192501630432,103.882860355973,381121,5.480077316444545,0.5522832107751217,8.0
GEYLANG,4 ROOM,121,PAYA LEBAR WAY,07 TO 09,91.0,New Generation,1980,709,400000.0,121 PAYA LEBAR WAY,1.32192501630432,103.882860355973,381121,5.480077316444545,0.5522832107751217,8.0
GEYLANG,4 ROOM,121,PAYA LEBAR WAY,10 TO 12,93.0,New Generation,1980,709,392000.0,121 PAYA LEBAR WAY,1.32192501630432,103.882860355973,381121,5.480077316444545,0.5522832107751217,11.0
GEYLANG,4 ROOM,122,PAYA LEBAR WAY,10 TO 12,94.0,New Generation,1980,709,375000.0,122 PAYA LEBAR WAY,1.32260037517198,103.882463203575,381122,5.510539473553735,0.4834343918285619,11.0
GEYLANG,4 ROOM,11,PINE CL,01 TO 03,95.0,Model A,2000,948,668000.0,11 PINE CL,1.30811264174982,103.882693800726,391011,4.390168680553842,0.21326144271792138,2.0
GEYLANG,4 ROOM,92,PIPIT RD,16 TO 18,102.0,Model A,1997,909,617500.0,92 PIPIT RD,1.32319473990265,103.887350625629,370092,5.913938243984285,0.3935665263871095,17.0
GEYLANG,4 ROOM,327,UBI AVE 1,10 TO 12,104.0,Model A,1985,772,420000.0,327 UBI AVE 1,1.32690473046022,103.903997715045,400327,7.5448739731214625,0.63073164751744,11.0
GEYLANG,4 ROOM,323,UBI AVE 1,07 TO 09,104.0,Model A,1985,767,438888.0,323 UBI AVE 1,1.32803365560415,103.904398329853,400323,7.659191119138258,0.6140861010693014,8.0
GEYLANG,4 ROOM,338,UBI AVE 1,04 TO 06,84.0,Simplified,1986,776,366888.0,338 UBI AVE 1,1.32613973623742,103.902073613523,400338,7.325846263820843,0.5310325571545456,5.0
GEYLANG,4 ROOM,319,UBI AVE 1,01 TO 03,104.0,Model A,1985,767,415000.0,319 UBI AVE 1,1.32827325782622,103.90359427022,400319,7.608032057506106,0.5210815695472086,2.0
GEYLANG,4 ROOM,304,UBI AVE 1,01 TO 03,83.0,Simplified,2000,946,395000.0,304 UBI AVE 1,1.32955256858874,103.90122860971,400304,7.5052913797174154,0.22744185160725697,2.0
GEYLANG,5 ROOM,28,BALAM RD,16 TO 18,127.0,Improved,1997,912,700000.0,28 BALAM RD,1.33048096275076,103.886579205764,370028,6.4834330936686,0.5457036347066007,17.0
GEYLANG,5 ROOM,28,CASSIA CRES,01 TO 03,120.0,Improved,1998,923,740000.0,28 CASSIA CRES,1.30894452962256,103.883530101124,391028,4.520358472041114,0.32467228234200834,2.0
GEYLANG,5 ROOM,36,EUNOS CRES,04 TO 06,110.0,Improved,2006,1025,730000.0,36 EUNOS CRES,1.32117164370394,103.901772831996,400036,6.957663928550794,0.2538861748393052,5.0
GEYLANG,5 ROOM,15,EUNOS CRES,04 TO 06,117.0,Standard,1977,670,478000.0,15 EUNOS CRES,1.32385970958716,103.90336356772,400015,7.278992792470441,0.44811197280362625,5.0
GEYLANG,5 ROOM,53,SIMS PL,07 TO 09,150.0,Adjoined flat,1981,714,645000.0,53 SIMS PL,1.31782374680828,103.88007758537,380053,4.931689985151478,0.35041778469024304,8.0
GEYLANG,EXECUTIVE,331,UBI AVE 1,01 TO 03,152.0,Maisonette,1986,776,630000.0,331 UBI AVE 1,1.32658760601792,103.90351569256,400331,7.48108027022298,0.6075953868099687,2.0
HOUGANG,2 ROOM,986A,BUANGKOK CRES,04 TO 06,47.0,Model A,2012,1091,225000.0,986A BUANGKOK CRES,1.3819169455989,103.87980371499,531986,11.34405619005821,1.064719167843716,5.0
HOUGANG,2 ROOM,987B,BUANGKOK GREEN,16 TO 18,47.0,Model A,2015,1124,226500.0,987B BUANGKOK GREEN,1.37939224749513,103.878283914186,532987,11.027801227781756,1.3898916291628498,17.0
HOUGANG,3 ROOM,986A,BUANGKOK CRES,01 TO 03,67.0,Model A,2012,1091,300000.0,986A BUANGKOK CRES,1.3819169455989,103.87980371499,531986,11.34405619005821,1.064719167843716,2.0
HOUGANG,3 ROOM,986B,BUANGKOK CRES,13 TO 15,67.0,Model A,2012,1090,325000.0,986B BUANGKOK CRES,1.38227273503528,103.880129232731,532986,11.392127342083757,1.0112009279581686,14.0
HOUGANG,3 ROOM,987B,BUANGKOK GREEN,01 TO 03,68.0,Model A,2015,1124,300000.0,987B BUANGKOK GREEN,1.37939224749513,103.878283914186,532987,11.027801227781756,1.3898916291628498,2.0
HOUGANG,3 ROOM,117,HOUGANG AVE 1,01 TO 03,80.0,New Generation,1982,732,281500.0,117 HOUGANG AVE 1,1.35361343990292,103.888145554328,530117,8.757014457240663,0.8064062425276511,2.0
HOUGANG,3 ROOM,126,HOUGANG AVE 1,01 TO 03,67.0,New Generation,1983,740,283000.0,126 HOUGANG AVE 1,1.35223030818128,103.885711060613,530126,8.496637302817835,0.8867874176339079,2.0
HOUGANG,3 ROOM,119,HOUGANG AVE 1,10 TO 12,67.0,New Generation,1981,723,265000.0,119 HOUGANG AVE 1,1.35400776886424,103.887748411693,530119,8.775492248531332,0.7482652475647961,11.0
HOUGANG,3 ROOM,114,HOUGANG AVE 1,04 TO 06,66.0,New Generation,1982,728,265000.0,114 HOUGANG AVE 1,1.35290845840879,103.888972338303,530114,8.731174010109557,0.9177665209067895,5.0
HOUGANG,3 ROOM,123,HOUGANG AVE 1,04 TO 06,82.0,New Generation,1981,722,295000.0,123 HOUGANG AVE 1,1.35338313924634,103.88625894527,530123,8.638529777021905,0.767253756060805,5.0
HOUGANG,3 ROOM,113,HOUGANG AVE 1,13 TO 15,66.0,New Generation,1982,726,261000.0,113 HOUGANG AVE 1,1.35356905255693,103.888705665044,530113,8.78179843804146,0.8390739540737528,14.0
HOUGANG,3 ROOM,415,HOUGANG AVE 10,04 TO 06,71.0,New Generation,1985,771,296000.0,415 HOUGANG AVE 10,1.37517507468581,103.896537715818,530415,11.317023187874728,0.6324279909197106,5.0
HOUGANG,3 ROOM,415,HOUGANG AVE 10,01 TO 03,67.0,New Generation,1985,771,295000.0,415 HOUGANG AVE 10,1.37517507468581,103.896537715818,530415,11.317023187874728,0.6324279909197106,2.0
HOUGANG,3 ROOM,702,HOUGANG AVE 2,10 TO 12,82.0,New Generation,1985,770,322000.0,702 HOUGANG AVE 2,1.36575849509964,103.889720136349,530702,10.045039074874891,0.6827088993452669,11.0
HOUGANG,3 ROOM,248,HOUGANG AVE 3,01 TO 03,72.0,New Generation,1984,760,290000.0,248 HOUGANG AVE 3,1.35937034964577,103.892587549209,530248,9.554395869190914,0.8410721037946167,2.0
HOUGANG,3 ROOM,662,HOUGANG AVE 4,04 TO 06,74.0,Model A,1987,793,286000.0,662 HOUGANG AVE 4,1.37437689393173,103.882874917484,530662,10.647995018460652,1.1109445083052774,5.0
HOUGANG,3 ROOM,311,HOUGANG AVE 5,07 TO 09,68.0,New Generation,1983,742,276000.0,311 HOUGANG AVE 5,1.36566733064792,103.894853675162,530311,10.290447680115847,0.6832221093498912,8.0
HOUGANG,3 ROOM,322,HOUGANG AVE 5,10 TO 12,67.0,New Generation,1983,740,280288.0,322 HOUGANG AVE 5,1.36709855359263,103.89697867894,530322,10.5425471771146,0.6919009912049393,11.0
HOUGANG,3 ROOM,304,HOUGANG AVE 5,10 TO 12,74.0,Model A,1983,745,318000.0,304 HOUGANG AVE 5,1.36778671687043,103.895530258805,530304,10.533984745019806,0.5239659588281543,11.0
HOUGANG,3 ROOM,311,HOUGANG AVE 5,07 TO 09,68.0,New Generation,1983,742,275000.0,311 HOUGANG AVE 5,1.36566733064792,103.894853675162,530311,10.290447680115847,0.6832221093498912,8.0
HOUGANG,3 ROOM,625,HOUGANG AVE 8,01 TO 03,64.0,Simplified,1986,775,270000.0,625 HOUGANG AVE 8,1.37009813015482,103.881671281308,530625,10.154681772047054,1.1656685554491506,2.0
HOUGANG,3 ROOM,620,HOUGANG AVE 8,01 TO 03,69.0,Improved,1985,769,266000.0,620 HOUGANG AVE 8,1.3701440065551,103.883968140531,530620,10.246624995583058,0.9438227527741112,2.0
HOUGANG,3 ROOM,678,HOUGANG AVE 8,07 TO 09,64.0,Simplified,1988,808,265000.0,678 HOUGANG AVE 8,1.37084076394573,103.884236382077,530678,10.329638748177356,0.9067185799542476,8.0
HOUGANG,3 ROOM,684,HOUGANG AVE 8,01 TO 03,64.0,Simplified,1989,815,263000.0,684 HOUGANG AVE 8,1.3739584050047,103.886898456705,530684,10.75944818250419,0.6776864861299843,2.0
HOUGANG,3 ROOM,642,HOUGANG AVE 8,10 TO 12,69.0,Improved,1987,797,270000.0,642 HOUGANG AVE 8,1.37169878879803,103.879948293051,530642,10.262212231671066,1.3827433947905092,11.0
HOUGANG,3 ROOM,684,HOUGANG AVE 8,01 TO 03,64.0,Simplified,1989,815,255000.0,684 HOUGANG AVE 8,1.3739584050047,103.886898456705,530684,10.75944818250419,0.6776864861299843,2.0
HOUGANG,3 ROOM,619,HOUGANG AVE 8,10 TO 12,60.0,Improved,1985,771,260000.0,619 HOUGANG AVE 8,1.36984770803551,103.883701202398,530619,10.205350030994827,0.9780999554115595,11.0
HOUGANG,3 ROOM,154,HOUGANG ST 11,07 TO 09,67.0,New Generation,1984,762,270000.0,154 HOUGANG ST 11,1.3522029527063,103.880173191904,530154,8.236692553417369,0.8410851386677457,8.0
HOUGANG,3 ROOM,210,HOUGANG ST 21,01 TO 03,87.0,Model A,1984,751,382000.0,210 HOUGANG ST 21,1.35938669669059,103.88663487809,530210,9.257967079857664,0.19551330394454244,2.0
HOUGANG,3 ROOM,244,HOUGANG ST 22,04 TO 06,67.0,New Generation,1984,759,275000.0,244 HOUGANG ST 22,1.35807253232842,103.891946844004,530244,9.393597131313348,0.8000862252480376,5.0
HOUGANG,3 ROOM,240,HOUGANG ST 22,07 TO 09,74.0,Model A,1984,760,300000.0,240 HOUGANG ST 22,1.3564226661287,103.890651695359,530240,9.163688867271704,0.7484546839155876,8.0
HOUGANG,3 ROOM,695,HOUGANG ST 61,07 TO 09,74.0,Model A,1987,796,290000.0,695 HOUGANG ST 61,1.37633401164513,103.887398856113,530695,11.025737980588866,0.7880075518265895,8.0
HOUGANG,3 ROOM,470B,UPP SERANGOON CRES,04 TO 06,67.0,Model A,2015,1127,340000.0,470B UPP SERANGOON CRES,1.37893083811935,103.900988286293,532470,11.913241921986044,0.5757820417257323,5.0
HOUGANG,3 ROOM,475A,UPP SERANGOON CRES,07 TO 09,67.0,DBSS,2014,1120,470000.0,475A UPP SERANGOON CRES,1.37629840280721,103.900220786851,531475,11.614362193197792,0.8804962578953044,8.0
HOUGANG,3 ROOM,475C,UPP SERANGOON CRES,07 TO 09,67.0,DBSS,2014,1120,462000.0,475C UPP SERANGOON CRES,1.3752181944865,103.899995251993,533475,11.496466774899329,0.9524126942765312,8.0
HOUGANG,3 ROOM,476A,UPP SERANGOON VIEW,16 TO 18,67.0,Premium Apartment,2016,1137,358888.0,476A UPP SERANGOON VIEW,1.37676038157719,103.904050364711,531476,11.863567078651782,0.8257705950600801,17.0
HOUGANG,4 ROOM,981A,BUANGKOK CRES,16 TO 18,90.0,Model A,2003,983,380000.0,981A BUANGKOK CRES,1.38048661721772,103.880709706168,531981,11.220069612240444,1.1387055493539082,17.0
HOUGANG,4 ROOM,988C,BUANGKOK GREEN,19 TO 21,93.0,Model A,2015,1123,485000.0,988C BUANGKOK GREEN,1.38029686296144,103.877266407149,533988,11.094949301468596,1.2930317332233887,20.0
HOUGANG,4 ROOM,988C,BUANGKOK GREEN,16 TO 18,93.0,Model A,2015,1123,440000.0,988C BUANGKOK GREEN,1.38029686296144,103.877266407149,533988,11.094949301468596,1.2930317332233887,17.0
HOUGANG,4 ROOM,115,HOUGANG AVE 1,01 TO 03,91.0,New Generation,1981,722,315000.0,115 HOUGANG AVE 1,1.35276525799641,103.887876084862,530115,8.659609828874215,0.8816339524112173,2.0
HOUGANG,4 ROOM,172,HOUGANG AVE 1,13 TO 15,101.0,Model A,1997,917,410000.0,172 HOUGANG AVE 1,1.35057934440741,103.889495942165,530172,8.533124681888298,1.1756211904454736,14.0
HOUGANG,4 ROOM,415,HOUGANG AVE 10,10 TO 12,93.0,New Generation,1985,770,400000.0,415 HOUGANG AVE 10,1.37517507468581,103.896537715818,530415,11.317023187874728,0.6324279909197106,11.0
HOUGANG,4 ROOM,709,HOUGANG AVE 2,04 TO 06,91.0,New Generation,1985,768,350000.0,709 HOUGANG AVE 2,1.36706142659908,103.888077255516,530709,10.101618378110855,0.6709370556402566,5.0
HOUGANG,4 ROOM,704,HOUGANG AVE 2,01 TO 03,91.0,New Generation,1985,772,308000.0,704 HOUGANG AVE 2,1.3649231962434,103.889379532965,530704,9.944862080617378,0.7129640894534511,2.0
HOUGANG,4 ROOM,252,HOUGANG AVE 3,04 TO 06,93.0,New Generation,1985,763,340000.0,252 HOUGANG AVE 3,1.36016521545473,103.892711655243,530252,9.638669294379781,0.8500471137238123,5.0
HOUGANG,4 ROOM,253,HOUGANG AVE 3,07 TO 09,91.0,New Generation,1984,760,362888.0,253 HOUGANG AVE 3,1.36042828831936,103.892206900827,530253,9.637943796724144,0.7944184340944414,8.0
HOUGANG,4 ROOM,15,HOUGANG AVE 3,01 TO 03,82.0,Improved,1975,652,293000.0,15 HOUGANG AVE 3,1.3626577042511,103.891921506467,530015,9.842982525836891,0.810505362313622,2.0
HOUGANG,4 ROOM,424,HOUGANG AVE 6,07 TO 09,106.0,Model A,1989,821,470000.0,424 HOUGANG AVE 6,1.37376370041835,103.893618945204,530424,11.034961092499625,0.3073624936652431,8.0
HOUGANG,4 ROOM,544,HOUGANG AVE 8,07 TO 09,106.0,Model A,1992,856,468000.0,544 HOUGANG AVE 8,1.37844987447131,103.891897726177,530544,11.43242509714744,0.5108187869526785,8.0
HOUGANG,4 ROOM,614,HOUGANG AVE 8,04 TO 06,84.0,Simplified,1986,775,330000.0,614 HOUGANG AVE 8,1.36914010573801,103.8846969292,530614,10.171340327660557,0.8870240463943367,5.0
HOUGANG,4 ROOM,648,HOUGANG AVE 8,10 TO 12,84.0,Simplified,1987,796,355000.0,648 HOUGANG AVE 8,1.37212621537163,103.87979354211,530648,10.302172123021078,1.4022761483704003,11.0
HOUGANG,4 ROOM,676,HOUGANG AVE 8,04 TO 06,104.0,Model A,1986,783,380000.0,676 HOUGANG AVE 8,1.37153528573758,103.884223176926,530676,10.40143667959414,0.9071976920202147,5.0
HOUGANG,4 ROOM,506,HOUGANG AVE 8,04 TO 06,104.0,Model A,1987,788,424000.0,506 HOUGANG AVE 8,1.37276572375702,103.887618824824,530506,10.66601364509255,0.5541004140243074,5.0
HOUGANG,4 ROOM,630,HOUGANG AVE 8,10 TO 12,84.0,Simplified,1986,785,328000.0,630 HOUGANG AVE 8,1.37028550123907,103.881064208977,530630,10.152302800122264,1.2085718047021832,11.0
HOUGANG,4 ROOM,676,HOUGANG AVE 8,01 TO 03,84.0,Simplified,1986,783,280000.0,676 HOUGANG AVE 8,1.37153528573758,103.884223176926,530676,10.40143667959414,0.9071976920202147,2.0
HOUGANG,4 ROOM,965,HOUGANG AVE 9,07 TO 09,101.0,Model A,1999,940,380000.0,965 HOUGANG AVE 9,1.37863450467064,103.877615544915,530965,10.926721973193011,1.4806314570348142,8.0
HOUGANG,4 ROOM,918,HOUGANG AVE 9,10 TO 12,100.0,Model A,1998,922,388000.0,918 HOUGANG AVE 9,1.37558451584825,103.883516297929,530918,10.798247785077454,1.0948745917949574,11.0
HOUGANG,4 ROOM,918,HOUGANG AVE 9,07 TO 09,100.0,Model A,1998,922,375000.0,918 HOUGANG AVE 9,1.37558451584825,103.883516297929,530918,10.798247785077454,1.0948745917949574,8.0
HOUGANG,4 ROOM,832,HOUGANG CTRL,01 TO 03,107.0,Model A,1992,855,408000.0,832 HOUGANG CTRL,1.37063420184209,103.88979902893,530832,10.542340573052485,0.2961494723735567,2.0
HOUGANG,4 ROOM,370,HOUGANG ST 31,04 TO 06,101.0,Model A,1999,940,400000.0,370 HOUGANG ST 31,1.36382073428889,103.889572770625,530370,9.843160354054367,0.6442669150340721,5.0
HOUGANG,4 ROOM,376A,HOUGANG ST 32,04 TO 06,92.0,Model A,2016,1137,450000.0,376A HOUGANG ST 32,1.36346009799329,103.893576325679,531376,10.007099433570541,0.8809867542754128,5.0
HOUGANG,4 ROOM,571,HOUGANG ST 51,04 TO 06,99.0,Model A,1997,909,380000.0,571 HOUGANG ST 51,1.37843343810997,103.888023147529,530571,11.268491350109171,0.7519576081745208,5.0
HOUGANG,4 ROOM,573,HOUGANG ST 51,01 TO 03,101.0,Model A,1997,912,350000.0,573 HOUGANG ST 51,1.377556511693,103.887555722487,530573,11.158817198989404,0.8561096471292172,2.0
HOUGANG,4 ROOM,697,HOUGANG ST 61,10 TO 12,89.0,Simplified,1987,790,360000.0,697 HOUGANG ST 61,1.37554033809538,103.887475138873,530697,10.946611058065471,0.7214384878099188,11.0
HOUGANG,4 ROOM,687,HOUGANG ST 61,01 TO 03,89.0,Simplified,1986,785,360000.0,687 HOUGANG ST 61,1.3762254502561,103.885072860925,530687,10.923461696804296,0.980202152218048,2.0
HOUGANG,4 ROOM,969,HOUGANG ST 91,13 TO 15,94.0,Model A2,1999,942,369000.0,969 HOUGANG ST 91,1.37875948902978,103.879496357849,530969,10.997451127421526,1.3726451593105906,14.0
HOUGANG,4 ROOM,909,HOUGANG ST 91,13 TO 15,100.0,Model A,1997,917,393000.0,909 HOUGANG ST 91,1.37844828552468,103.882856903411,530909,11.076099130797408,1.2428152121084055,14.0
HOUGANG,4 ROOM,910,HOUGANG ST 91,01 TO 03,94.0,Model A2,1997,916,325000.0,910 HOUGANG ST 91,1.37888844287052,103.882827300133,530910,11.121535104559982,1.210429395173021,2.0
HOUGANG,4 ROOM,928,HOUGANG ST 91,07 TO 09,101.0,Model A,1998,927,372000.0,928 HOUGANG ST 91,1.37665907953019,103.881516333231,530928,10.840645007055066,1.347089124760611,8.0
HOUGANG,4 ROOM,939,HOUGANG ST 92,10 TO 12,101.0,Model A,1998,918,388000.0,939 HOUGANG ST 92,1.37395824754613,103.879695215818,530939,10.493072549248122,1.440958812821794,11.0
HOUGANG,4 ROOM,133,LOR AH SOO,01 TO 03,106.0,Model A,1985,764,330000.0,133 LOR AH SOO,1.35076271020557,103.887548072787,530133,8.445983831698543,1.0828389826854343,2.0
HOUGANG,4 ROOM,475D,UPP SERANGOON CRES,13 TO 15,92.0,DBSS,2014,1121,670000.0,475D UPP SERANGOON CRES,1.37518254401411,103.900405982824,537475,11.514453348725484,0.991476808473965,14.0
HOUGANG,4 ROOM,470A,UPP SERANGOON CRES,04 TO 06,93.0,Model A,2015,1127,430000.0,470A UPP SERANGOON CRES,1.37905480016802,103.901927831856,531470,11.974009859245195,0.5463369969645838,5.0
HOUGANG,4 ROOM,475D,UPP SERANGOON CRES,13 TO 15,92.0,DBSS,2014,1120,625000.0,475D UPP SERANGOON CRES,1.37518254401411,103.900405982824,537475,11.514453348725484,0.991476808473965,14.0
HOUGANG,4 ROOM,470B,UPP SERANGOON CRES,01 TO 03,92.0,Model A,2015,1126,360000.0,470B UPP SERANGOON CRES,1.37893083811935,103.900988286293,532470,11.913241921986044,0.5757820417257323,2.0
HOUGANG,4 ROOM,470B,UPP SERANGOON CRES,13 TO 15,93.0,Model A,2015,1126,485000.0,470B UPP SERANGOON CRES,1.37893083811935,103.900988286293,532470,11.913241921986044,0.5757820417257323,14.0
HOUGANG,4 ROOM,475B,UPP SERANGOON CRES,07 TO 09,92.0,DBSS,2014,1121,585000.0,475B UPP SERANGOON CRES,1.3757740461149,103.899965684738,532475,11.549560312669275,0.9441658601650493,8.0
HOUGANG,4 ROOM,470A,UPP SERANGOON CRES,07 TO 09,92.0,Model A,2015,1126,447000.0,470A UPP SERANGOON CRES,1.37905480016802,103.901927831856,531470,11.974009859245195,0.5463369969645838,8.0
HOUGANG,4 ROOM,475C,UPP SERANGOON CRES,04 TO 06,92.0,DBSS,2014,1120,635000.0,475C UPP SERANGOON CRES,1.3752181944865,103.899995251993,533475,11.496466774899329,0.9524126942765312,5.0
HOUGANG,4 ROOM,470B,UPP SERANGOON CRES,10 TO 12,93.0,Model A,2015,1126,485000.0,470B UPP SERANGOON CRES,1.37893083811935,103.900988286293,532470,11.913241921986044,0.5757820417257323,11.0
HOUGANG,4 ROOM,475D,UPP SERANGOON CRES,01 TO 03,92.0,DBSS,2014,1120,580000.0,475D UPP SERANGOON CRES,1.37518254401411,103.900405982824,537475,11.514453348725484,0.991476808473965,2.0
HOUGANG,4 ROOM,476C,UPP SERANGOON VIEW,04 TO 06,92.0,Premium Apartment,2016,1137,440000.0,476C UPP SERANGOON VIEW,1.37794957092138,103.904346035596,533476,11.994896241436024,0.7085937369186274,5.0
HOUGANG,4 ROOM,477A,UPP SERANGOON VIEW,07 TO 09,92.0,Premium Apartment,2016,1136,499000.0,477A UPP SERANGOON VIEW,1.37830875820742,103.903841957906,531477,12.00246873453241,0.6534853386510231,8.0
HOUGANG,4 ROOM,476B,UPP SERANGOON VIEW,07 TO 09,92.0,Premium Apartment,2016,1136,542000.0,476B UPP SERANGOON VIEW,1.37732845210704,103.904212191193,532476,11.927412753356718,0.769665296960338,8.0
HOUGANG,4 ROOM,477A,UPP SERANGOON VIEW,13 TO 15,92.0,Premium Apartment,2016,1136,490000.0,477A UPP SERANGOON VIEW,1.37830875820742,103.903841957906,531477,12.00246873453241,0.6534853386510231,14.0
HOUGANG,5 ROOM,981D,BUANGKOK CRES,10 TO 12,110.0,Improved,2003,983,427000.0,981D BUANGKOK CRES,1.38045230792952,103.879333194715,537981,11.17307958076452,1.2256702207573607,11.0
HOUGANG,5 ROOM,985B,BUANGKOK CRES,04 TO 06,110.0,Improved,2004,992,425000.0,985B BUANGKOK CRES,1.38118357442086,103.879840037584,532985,11.266859640921483,1.1267804387868452,5.0
HOUGANG,5 ROOM,978C,BUANGKOK CRES,04 TO 06,110.0,Improved,2003,984,405000.0,978C BUANGKOK CRES,1.38001500314361,103.878741889941,533978,11.108263665020333,1.3039548503447764,5.0
HOUGANG,5 ROOM,167,HOUGANG AVE 1,04 TO 06,123.0,Improved,1997,915,515000.0,167 HOUGANG AVE 1,1.35181593598792,103.888448131093,530167,8.59660950346189,1.0031226326284428,5.0
HOUGANG,5 ROOM,234,HOUGANG AVE 1,04 TO 06,140.0,Model A-Maisonette,1984,756,700000.0,234 HOUGANG AVE 1,1.35819557447623,103.888783549259,530234,9.242670792557611,0.46854580359795833,5.0
HOUGANG,5 ROOM,919,HOUGANG AVE 4,01 TO 03,120.0,Improved,1998,925,435000.0,919 HOUGANG AVE 4,1.3759986435899,103.884121407611,530919,10.86400205613467,1.0567816338716438,2.0
HOUGANG,5 ROOM,607,HOUGANG AVE 4,07 TO 09,122.0,Improved,1986,780,495000.0,607 HOUGANG AVE 4,1.3702520267426,103.886157677641,530607,10.346018788139116,0.7013548672918304,8.0
HOUGANG,5 ROOM,310,HOUGANG AVE 5,01 TO 03,121.0,Improved,1984,751,450000.0,310 HOUGANG AVE 5,1.36632810370351,103.896213964527,530310,10.426658403814985,0.6973446021598477,2.0
HOUGANG,5 ROOM,306,HOUGANG AVE 5,07 TO 09,134.0,Model A,1983,740,498000.0,306 HOUGANG AVE 5,1.3671976368128,103.895496560443,530306,10.474277261721891,0.5720908832680014,8.0
HOUGANG,5 ROOM,424,HOUGANG AVE 6,04 TO 06,132.0,Improved,1989,821,580000.0,424 HOUGANG AVE 6,1.37376370041835,103.893618945204,530424,11.034961092499625,0.3073624936652431,5.0
HOUGANG,5 ROOM,466,HOUGANG AVE 8,04 TO 06,123.0,Improved,1992,855,580000.0,466 HOUGANG AVE 8,1.37251992138059,103.897005554551,530466,11.076674090534652,0.5319461697534493,5.0
HOUGANG,5 ROOM,643,HOUGANG AVE 8,04 TO 06,120.0,Improved,1987,793,430000.0,643 HOUGANG AVE 8,1.37154552599116,103.880619942257,530643,10.269291745003757,1.3076450860171545,5.0
HOUGANG,5 ROOM,610,HOUGANG AVE 8,04 TO 06,122.0,Improved,1986,781,585000.0,610 HOUGANG AVE 8,1.37031263468239,103.88512562936,530610,10.310126277257172,0.8137997391762707,5.0
HOUGANG,5 ROOM,541,HOUGANG AVE 8,07 TO 09,121.0,Improved,1989,819,470000.0,541 HOUGANG AVE 8,1.37746143213216,103.891272654803,530541,11.30407439054416,0.6363824329948012,8.0
HOUGANG,5 ROOM,649,HOUGANG AVE 8,16 TO 18,120.0,Improved,1987,794,525000.0,649 HOUGANG AVE 8,1.37236618839121,103.880529303581,530649,10.352787545166562,1.322818044009176,17.0
HOUGANG,5 ROOM,953,HOUGANG AVE 9,01 TO 03,121.0,Improved,1999,933,430000.0,953 HOUGANG AVE 9,1.37602518905245,103.877538033383,530953,10.644940847002989,1.7318340692467462,2.0
HOUGANG,5 ROOM,830,HOUGANG CTRL,07 TO 09,124.0,Improved,1992,855,555000.0,830 HOUGANG CTRL,1.3707495459136,103.890329112915,530830,10.577983570186927,0.23589137469098087,8.0
HOUGANG,5 ROOM,160,HOUGANG ST 11,01 TO 03,122.0,Improved,1997,918,515000.0,160 HOUGANG ST 11,1.35202640347162,103.879078569569,530160,8.172170417210145,0.7180027294090839,2.0
HOUGANG,5 ROOM,371,HOUGANG ST 31,07 TO 09,120.0,Improved,1999,940,623000.0,371 HOUGANG ST 31,1.36360388866544,103.890049841364,530371,9.844366869635513,0.6723821946488981,8.0
HOUGANG,5 ROOM,930,HOUGANG ST 91,04 TO 06,120.0,Improved,1998,925,461000.0,930 HOUGANG ST 91,1.37548347566834,103.881278238761,530930,10.708134265154065,1.3192228804671933,5.0
HOUGANG,5 ROOM,971,HOUGANG ST 91,04 TO 06,116.0,Improved,1999,940,435000.0,971 HOUGANG ST 91,1.37822993629766,103.879696313869,530971,10.947331017965563,1.4125877231992179,5.0
HOUGANG,5 ROOM,939,HOUGANG ST 92,01 TO 03,122.0,Improved,1998,918,430000.0,939 HOUGANG ST 92,1.37395824754613,103.879695215818,530939,10.493072549248122,1.440958812821794,2.0
HOUGANG,5 ROOM,941,HOUGANG ST 92,13 TO 15,121.0,Improved,1998,919,535888.0,941 HOUGANG ST 92,1.37356291019462,103.879184657596,530941,10.434247436719692,1.488461832125209,14.0
HOUGANG,5 ROOM,475D,UPP SERANGOON CRES,13 TO 15,112.0,DBSS,2014,1121,720000.0,475D UPP SERANGOON CRES,1.37518254401411,103.900405982824,537475,11.514453348725484,0.991476808473965,14.0
HOUGANG,5 ROOM,475B,UPP SERANGOON CRES,10 TO 12,109.0,DBSS,2014,1120,760000.0,475B UPP SERANGOON CRES,1.3757740461149,103.899965684738,532475,11.549560312669275,0.9441658601650493,11.0
HOUGANG,5 ROOM,475C,UPP SERANGOON CRES,13 TO 15,112.0,DBSS,2014,1120,785000.0,475C UPP SERANGOON CRES,1.3752181944865,103.899995251993,533475,11.496466774899329,0.9524126942765312,14.0
HOUGANG,5 ROOM,470C,UPP SERANGOON CRES,04 TO 06,113.0,Improved,2015,1126,638888.0,470C UPP SERANGOON CRES,1.37846690134357,103.900804189301,533470,11.858035414656696,0.6308094276657045,5.0
HOUGANG,5 ROOM,471B,UPP SERANGOON CRES,13 TO 15,112.0,Improved,2015,1126,620000.0,471B UPP SERANGOON CRES,1.37801001262766,103.901070789874,532471,11.826787430984405,0.6738458280851232,14.0
HOUGANG,5 ROOM,475B,UPP SERANGOON CRES,04 TO 06,109.0,DBSS,2014,1120,723000.0,475B UPP SERANGOON CRES,1.3757740461149,103.899965684738,532475,11.549560312669275,0.9441658601650493,5.0
HOUGANG,5 ROOM,475D,UPP SERANGOON CRES,13 TO 15,112.0,DBSS,2014,1120,765000.0,475D UPP SERANGOON CRES,1.37518254401411,103.900405982824,537475,11.514453348725484,0.991476808473965,14.0
HOUGANG,5 ROOM,465,UPP SERANGOON RD,04 TO 06,123.0,Improved,1992,855,560000.0,465 UPP SERANGOON RD,1.37190788342411,103.897012927498,530465,11.016550731636668,0.5194822434070894,5.0
HOUGANG,5 ROOM,476B,UPP SERANGOON VIEW,13 TO 15,115.0,Premium Apartment,2016,1137,725000.0,476B UPP SERANGOON VIEW,1.37732845210704,103.904212191193,532476,11.927412753356718,0.769665296960338,14.0
HOUGANG,EXECUTIVE,449,HOUGANG AVE 10,10 TO 12,146.0,Maisonette,1991,834,720000.0,449 HOUGANG AVE 10,1.37878098243894,103.895153601863,530449,11.612822851580129,0.5084802671329195,11.0
HOUGANG,EXECUTIVE,431,HOUGANG AVE 6,01 TO 03,154.0,Maisonette,1989,814,740000.0,431 HOUGANG AVE 6,1.37563298230886,103.893107879251,530431,11.199941910808153,0.48938826715951034,2.0
HOUGANG,EXECUTIVE,533,HOUGANG AVE 6,01 TO 03,145.0,Maisonette,1988,801,580000.0,533 HOUGANG AVE 6,1.37583341032049,103.891885076183,530533,11.164893977353262,0.507943888154465,2.0
HOUGANG,EXECUTIVE,446,HOUGANG AVE 8,04 TO 06,146.0,Maisonette,1991,841,685000.0,446 HOUGANG AVE 8,1.37880458762233,103.894283804483,530446,11.57514410906024,0.4709935288769922,5.0
HOUGANG,EXECUTIVE,628,HOUGANG AVE 8,04 TO 06,148.0,Maisonette,1986,781,600000.0,628 HOUGANG AVE 8,1.36956178513922,103.880507506392,530628,10.056181469336689,1.1597962058509343,5.0
HOUGANG,EXECUTIVE,647,HOUGANG AVE 8,01 TO 03,146.0,Maisonette,1987,789,648888.0,647 HOUGANG AVE 8,1.3719697597391,103.880384628129,530647,10.305889932089704,1.3356260696678184,2.0
HOUGANG,EXECUTIVE,967,HOUGANG AVE 9,04 TO 06,137.0,Apartment,1999,938,570000.0,967 HOUGANG AVE 9,1.37818307588971,103.878641442114,530967,10.909326616071107,1.4772749094920576,5.0
HOUGANG,EXECUTIVE,852,HOUGANG CTRL,01 TO 03,141.0,Apartment,1997,907,780000.0,852 HOUGANG CTRL,1.36970051825411,103.893757229405,530852,10.63435435805886,0.2339852210450465,2.0
HOUGANG,EXECUTIVE,850,HOUGANG CTRL,01 TO 03,144.0,Maisonette,1997,908,740000.0,850 HOUGANG CTRL,1.36971638140621,103.893429934937,530850,10.619917582142532,0.21051228557888974,2.0
HOUGANG,EXECUTIVE,235,HOUGANG ST 21,01 TO 03,155.0,Maisonette,1984,753,780000.0,235 HOUGANG ST 21,1.35714585264641,103.888559580363,530235,9.127225993768418,0.5144763218101499,2.0
HOUGANG,EXECUTIVE,940,HOUGANG ST 92,07 TO 09,141.0,Apartment,1998,919,603000.0,940 HOUGANG ST 92,1.37348307053932,103.879777763575,530940,10.445417469458109,1.4219820268457741,8.0
HOUGANG,EXECUTIVE,132,LOR AH SOO,04 TO 06,151.0,Maisonette,1984,759,685000.0,132 LOR AH SOO,1.35085299679097,103.88632991316,530132,8.391486521051757,1.0465149128731042,5.0
HOUGANG,EXECUTIVE,128,LOR AH SOO,10 TO 12,142.0,Apartment,1984,756,630000.0,128 LOR AH SOO,1.35172355247142,103.886487164914,530128,8.485483234100595,0.9534230799127801,11.0
JURONG EAST,3 ROOM,102,JURONG EAST ST 13,10 TO 12,68.0,New Generation,1982,730,323000.0,102 JURONG EAST ST 13,1.33609657873553,103.738219191663,600102,13.866108293968223,0.5582082119796028,11.0
JURONG EAST,3 ROOM,207,JURONG EAST ST 21,04 TO 06,67.0,New Generation,1983,742,315000.0,207 JURONG EAST ST 21,1.33789037717129,103.742428065764,600207,13.529923574438378,0.5270494262162712,5.0
JURONG EAST,3 ROOM,211,JURONG EAST ST 21,04 TO 06,67.0,New Generation,1983,742,280000.0,211 JURONG EAST ST 21,1.33866911059386,103.740292528065,600211,13.781120705799623,0.6522282290275816,5.0
JURONG EAST,3 ROOM,225A,JURONG EAST ST 21,04 TO 06,67.0,New Generation,1984,760,256000.0,225A JURONG EAST ST 21,1.34208650043068,103.736825653173,601225,14.295779951789003,0.47103669251370034,5.0
JURONG EAST,3 ROOM,244,JURONG EAST ST 24,13 TO 15,71.0,New Generation,1983,742,280000.0,244 JURONG EAST ST 24,1.34263187196449,103.742133807093,600244,13.8007701365149,1.0541814816879342,14.0
JURONG EAST,3 ROOM,252,JURONG EAST ST 24,01 TO 03,71.0,New Generation,1985,768,266000.0,252 JURONG EAST ST 24,1.34302644263059,103.7381452862,600252,14.213162756378196,0.621332431408161,2.0
JURONG EAST,3 ROOM,253,JURONG EAST ST 24,04 TO 06,71.0,New Generation,1985,767,270000.0,253 JURONG EAST ST 24,1.34318835786153,103.73678575382,600253,14.355584274107425,0.47484711821359354,5.0
JURONG EAST,3 ROOM,245,JURONG EAST ST 24,07 TO 09,67.0,New Generation,1982,733,258000.0,245 JURONG EAST ST 24,1.3416807983165,103.741783307334,600245,13.785504553482081,0.9499388274809596,8.0
JURONG EAST,3 ROOM,249,JURONG EAST ST 24,10 TO 12,67.0,New Generation,1983,738,278000.0,249 JURONG EAST ST 24,1.34256242291848,103.739259690369,600249,14.079468460779673,0.7410497423907078,11.0
JURONG EAST,3 ROOM,372,JURONG EAST ST 32,13 TO 15,64.0,Model A,2014,1111,345000.0,372 JURONG EAST ST 32,1.34865823382569,103.731789499274,600372,15.130957360777233,0.7068491693230895,14.0
JURONG EAST,3 ROOM,308,JURONG EAST ST 32,13 TO 15,74.0,Model A,1984,752,286000.0,308 JURONG EAST ST 32,1.34730790760381,103.734583963199,600308,14.78629784063777,0.5936161056058701,14.0
JURONG EAST,3 ROOM,302,JURONG EAST ST 32,10 TO 12,68.0,New Generation,1983,749,250000.0,302 JURONG EAST ST 32,1.34465302453655,103.734485227961,600302,14.65757598157073,0.33089358307284866,11.0
JURONG EAST,3 ROOM,410,PANDAN GDNS,04 TO 06,73.0,Improved,1979,695,260000.0,410 PANDAN GDNS,1.31900921124333,103.747433142313,600410,12.209679132185508,1.6735087525124586,5.0
JURONG EAST,3 ROOM,36,TEBAN GDNS RD,13 TO 15,74.0,Improved,1977,672,205000.0,36 TEBAN GDNS RD,1.31997450302269,103.742739188864,600036,12.738579674877897,1.4662034246465985,14.0
JURONG EAST,3 ROOM,23,TEBAN GDNS RD,10 TO 12,72.0,Model A,2013,1107,330000.0,23 TEBAN GDNS RD,1.32285773181424,103.73923873397,600023,13.210114402736718,1.1938259194168208,11.0
JURONG EAST,3 ROOM,47,TEBAN GDNS RD,01 TO 03,68.0,New Generation,1985,770,245000.0,47 TEBAN GDNS RD,1.32012627849168,103.739888486506,600047,13.044942678263677,1.472789994164765,2.0
JURONG EAST,3 ROOM,20,TEBAN GDNS RD,16 TO 18,72.0,Model A,2013,1107,340000.0,20 TEBAN GDNS RD,1.32378355041705,103.7385183842,600020,13.319710424971614,1.1228532792530284,17.0
JURONG EAST,3 ROOM,35,TEBAN GDNS RD,10 TO 12,74.0,Improved,1977,671,270000.0,35 TEBAN GDNS RD,1.31955255991308,103.742644766325,600035,12.73385892202548,1.512781888890327,11.0
JURONG EAST,3 ROOM,20,TEBAN GDNS RD,04 TO 06,72.0,Model A,2013,1106,322000.0,20 TEBAN GDNS RD,1.32378355041705,103.7385183842,600020,13.319710424971614,1.1228532792530284,5.0
JURONG EAST,3 ROOM,23,TEBAN GDNS RD,37 TO 39,72.0,Model A,2013,1106,380000.0,23 TEBAN GDNS RD,1.32285773181424,103.73923873397,600023,13.210114402736718,1.1938259194168208,38.0
JURONG EAST,4 ROOM,218,JURONG EAST ST 21,01 TO 03,91.0,New Generation,1984,761,345000.0,218 JURONG EAST ST 21,1.34033241177285,103.737928007136,600218,14.098731911746587,0.6338004397264154,2.0
JURONG EAST,4 ROOM,236,JURONG EAST ST 21,07 TO 09,93.0,New Generation,1982,727,355000.0,236 JURONG EAST ST 21,1.34040691118426,103.742128554131,600236,13.685954727738011,0.8068315630929519,8.0
JURONG EAST,4 ROOM,257,JURONG EAST ST 24,04 TO 06,94.0,New Generation,1983,739,355000.0,257 JURONG EAST ST 24,1.34451804267549,103.738630332612,600257,14.243113663521527,0.7126236283111937,5.0
JURONG EAST,4 ROOM,244,JURONG EAST ST 24,01 TO 03,98.0,New Generation,1983,741,335000.0,244 JURONG EAST ST 24,1.34263187196449,103.742133807093,600244,13.8007701365149,1.0541814816879342,2.0
JURONG EAST,4 ROOM,262,JURONG EAST ST 24,04 TO 06,96.0,New Generation,1983,739,313000.0,262 JURONG EAST ST 24,1.34412714311524,103.741112405413,600262,13.979780992034932,0.9669801443685465,5.0
JURONG EAST,4 ROOM,23,TEBAN GDNS RD,07 TO 09,87.0,Model A,2013,1107,412000.0,23 TEBAN GDNS RD,1.32285773181424,103.73923873397,600023,13.210114402736718,1.1938259194168208,8.0
JURONG EAST,4 ROOM,43,TEBAN GDNS RD,07 TO 09,93.0,New Generation,1985,771,301000.0,43 TEBAN GDNS RD,1.32110255874093,103.741674029792,600043,12.890720665463071,1.3416346254536728,8.0
JURONG EAST,4 ROOM,52,TEBAN GDNS RD,01 TO 03,83.0,Simplified,1987,789,300000.0,52 TEBAN GDNS RD,1.32100982297014,103.73748275185,600052,13.329649150723698,1.4519841792119323,2.0
JURONG EAST,4 ROOM,64,TEBAN GDNS RD,04 TO 06,90.0,Model A,2003,983,332000.0,64 TEBAN GDNS RD,1.32137890995417,103.739779356356,600064,13.100121515311772,1.3385156572801968,5.0
JURONG EAST,4 ROOM,65,TEBAN GDNS RD,13 TO 15,91.0,Model A,2003,983,365000.0,65 TEBAN GDNS RD,1.32196883899939,103.739225882156,600065,13.179388249899883,1.2892838494718502,14.0
JURONG EAST,4 ROOM,21,TEBAN GDNS RD,28 TO 30,87.0,Model A,2013,1106,460000.0,21 TEBAN GDNS RD,1.32368064923943,103.739156156511,600021,13.24905375303551,1.1092343920612662,29.0
JURONG EAST,4 ROOM,274,TOH GUAN RD,10 TO 12,101.0,Model A,1999,931,455000.0,274 TOH GUAN RD,1.34209832796869,103.746710251651,600274,13.32585265477413,0.8340376779303053,11.0
JURONG EAST,4 ROOM,285B,TOH GUAN RD,04 TO 06,103.0,Model A,1998,931,450000.0,285B TOH GUAN RD,1.33842394940897,103.746854853224,602285,13.118048382350615,0.7755399568398478,5.0
JURONG EAST,5 ROOM,240,JURONG EAST ST 21,01 TO 03,121.0,Improved,1982,729,440000.0,240 JURONG EAST ST 21,1.34106751096494,103.741573199896,600240,13.77457192313052,0.8836610061012147,2.0
JURONG EAST,5 ROOM,219A,JURONG EAST ST 21,16 TO 18,118.0,Improved,1985,766,560000.0,219A JURONG EAST ST 21,1.34060750883164,103.737453992981,601219,14.159533663538731,0.5737713084879787,17.0
JURONG EAST,5 ROOM,201,JURONG EAST ST 21,16 TO 18,120.0,Improved,1989,814,615000.0,201 JURONG EAST ST 21,1.3364056697524,103.743075430286,600201,13.39268277009579,0.37220144910000363,17.0
JURONG EAST,5 ROOM,227,JURONG EAST ST 21,04 TO 06,120.0,Improved,1984,755,510000.0,227 JURONG EAST ST 21,1.34182066937117,103.736087793751,600227,14.35568614596296,0.3925664362229178,5.0
JURONG EAST,5 ROOM,234,JURONG EAST ST 21,10 TO 12,130.0,Improved,1982,727,540000.0,234 JURONG EAST ST 21,1.3399327053569,103.741646605612,600234,13.709529790318197,0.7572599607766938,11.0
JURONG EAST,5 ROOM,220,JURONG EAST ST 21,04 TO 06,118.0,Improved,1985,765,468000.0,220 JURONG EAST ST 21,1.34107109436442,103.737469981521,600220,14.180974651912925,0.5601653949522243,5.0
JURONG EAST,5 ROOM,258,JURONG EAST ST 24,01 TO 03,121.0,Improved,1983,740,428000.0,258 JURONG EAST ST 24,1.34378634902456,103.738635757888,600258,14.204260251663156,0.6899887425811844,2.0
JURONG EAST,5 ROOM,258,JURONG EAST ST 24,07 TO 09,121.0,Improved,1983,739,453333.0,258 JURONG EAST ST 24,1.34378634902456,103.738635757888,600258,14.204260251663156,0.6899887425811844,8.0
JURONG EAST,5 ROOM,316,JURONG EAST ST 32,07 TO 09,132.0,Model A,1984,757,465000.0,316 JURONG EAST ST 32,1.34600652715087,103.732079814028,600316,14.964246984911417,0.41031730903607605,8.0
JURONG EAST,5 ROOM,407,PANDAN GDNS,01 TO 03,129.0,Standard,1979,693,360000.0,407 PANDAN GDNS,1.31889048230784,103.748627513117,600407,12.079691591989338,1.7354779133073626,2.0
JURONG EAST,5 ROOM,404,PANDAN GDNS,04 TO 06,104.0,Standard,1979,693,310000.0,404 PANDAN GDNS,1.31981661286798,103.749283319022,600404,12.044448110243025,1.6745000099430627,5.0
JURONG EAST,5 ROOM,63,TEBAN GDNS RD,13 TO 15,115.0,Improved,2003,983,415000.0,63 TEBAN GDNS RD,1.32102712835424,103.73951436112,600063,13.115688882485243,1.3830629553668123,14.0
JURONG EAST,5 ROOM,53,TEBAN GDNS RD,10 TO 12,121.0,Improved,1986,785,460000.0,53 TEBAN GDNS RD,1.32137709718444,103.737577593659,600053,13.332331864963797,1.410139544941542,11.0
JURONG EAST,5 ROOM,60,TEBAN GDNS RD,04 TO 06,115.0,Improved,2003,985,468000.0,60 TEBAN GDNS RD,1.32275524437283,103.738658086826,600060,13.267395108186381,1.22447804738372,5.0
JURONG EAST,5 ROOM,270,TOH GUAN RD,01 TO 03,121.0,Improved,1999,932,505000.0,270 TOH GUAN RD,1.34122974295897,103.7461193594,600270,13.336880513974698,0.9486574296174207,2.0
JURONG EAST,EXECUTIVE,337,JURONG EAST AVE 1,01 TO 03,149.0,Maisonette,1985,769,510000.0,337 JURONG EAST AVE 1,1.34968370533554,103.731905666581,600337,15.174235800922048,0.8187691262880353,2.0
JURONG EAST,EXECUTIVE,336,JURONG EAST AVE 1,01 TO 03,156.0,Maisonette,1985,769,545000.0,336 JURONG EAST AVE 1,1.35041039841488,103.731481482818,600336,15.254576152638137,0.9044985431381282,2.0
JURONG EAST,EXECUTIVE,285A,TOH GUAN RD,13 TO 15,144.0,Apartment,1998,930,755000.0,285A TOH GUAN RD,1.33853822943852,103.746223402195,601285,13.186187066855778,0.7417228325198779,14.0
JURONG EAST,EXECUTIVE,285D,TOH GUAN RD,07 TO 09,144.0,Apartment,1998,929,770000.0,285D TOH GUAN RD,1.33789020611793,103.746039348397,604285,13.171352173918276,0.6719763764433357,8.0
JURONG EAST,EXECUTIVE,285D,TOH GUAN RD,10 TO 12,144.0,Apartment,1998,929,785000.0,285D TOH GUAN RD,1.33789020611793,103.746039348397,604285,13.171352173918276,0.6719763764433357,11.0
JURONG WEST,2 ROOM,180B,BOON LAY DR,16 TO 18,47.0,Model A,2014,1115,220000.0,180B BOON LAY DR,1.34783599908392,103.709070823104,642180,17.356093474814347,1.0795708867419795,17.0
JURONG WEST,3 ROOM,180B,BOON LAY DR,07 TO 09,68.0,Model A,2014,1115,310000.0,180B BOON LAY DR,1.34783599908392,103.709070823104,642180,17.356093474814347,1.0795708867419795,8.0
JURONG WEST,3 ROOM,197A,BOON LAY DR,01 TO 03,68.0,Model A,2015,1126,332000.0,197A BOON LAY DR,1.3441061022632,103.713719208827,641197,16.715647731545072,0.8039050548745483,2.0
JURONG WEST,3 ROOM,174,BOON LAY DR,10 TO 12,59.0,Improved,1978,687,218000.0,174 BOON LAY DR,1.34624968110858,103.709387013109,640174,17.252402285492074,0.9269137577776222,11.0
JURONG WEST,3 ROOM,174,BOON LAY DR,01 TO 03,59.0,Improved,1978,685,205000.0,174 BOON LAY DR,1.34624968110858,103.709387013109,640174,17.252402285492074,0.9269137577776222,2.0
JURONG WEST,3 ROOM,176,BOON LAY DR,07 TO 09,59.0,Improved,1978,684,228000.0,176 BOON LAY DR,1.34725100297379,103.710014454331,640176,17.233762719075187,1.0570089145460653,8.0
JURONG WEST,3 ROOM,181A,BOON LAY DR,01 TO 03,68.0,Model A,2014,1115,280000.0,181A BOON LAY DR,1.34849083792572,103.708097262621,641181,17.484662068832534,1.1223410161056226,2.0
JURONG WEST,3 ROOM,211,BOON LAY PL,13 TO 15,65.0,Improved,1976,664,225000.0,211 BOON LAY PL,1.34824122465841,103.7140978842,640211,16.866908214347625,0.8809815434567179,14.0
JURONG WEST,3 ROOM,208,BOON LAY PL,01 TO 03,65.0,Improved,1976,664,240000.0,208 BOON LAY PL,1.34700367367083,103.714216413585,640208,16.797031478269442,0.8082746064739172,2.0
JURONG WEST,3 ROOM,208,BOON LAY PL,13 TO 15,65.0,Improved,1976,664,232500.0,208 BOON LAY PL,1.34700367367083,103.714216413585,640208,16.797031478269442,0.8082746064739172,14.0
JURONG WEST,3 ROOM,208,BOON LAY PL,04 TO 06,65.0,Improved,1976,664,235000.0,208 BOON LAY PL,1.34700367367083,103.714216413585,640208,16.797031478269442,0.8082746064739172,5.0
JURONG WEST,3 ROOM,210,BOON LAY PL,07 TO 09,65.0,Improved,1977,674,200000.0,210 BOON LAY PL,1.3477905271577,103.713134476591,640210,16.942881447354026,0.9533444877661937,8.0
JURONG WEST,3 ROOM,211,BOON LAY PL,04 TO 06,65.0,Improved,1976,664,235000.0,211 BOON LAY PL,1.34824122465841,103.7140978842,640211,16.866908214347625,0.8809815434567179,5.0
JURONG WEST,3 ROOM,212,BOON LAY PL,04 TO 06,66.0,Improved,1974,639,222000.0,212 BOON LAY PL,1.34912704098711,103.713021012998,640212,17.017137277131383,1.0342795639007012,5.0
JURONG WEST,3 ROOM,425,JURONG WEST AVE 1,04 TO 06,74.0,Model A,1984,760,265000.0,425 JURONG WEST AVE 1,1.35085080574192,103.724437331849,640425,15.966753829583173,0.8291926071500645,5.0
JURONG WEST,3 ROOM,503,JURONG WEST AVE 1,01 TO 03,74.0,Model A,1986,777,265000.0,503 JURONG WEST AVE 1,1.34995541462242,103.71770480961,640503,16.588186210272507,0.728873883793297,2.0
JURONG WEST,3 ROOM,475,JURONG WEST ST 41,10 TO 12,73.0,Model A,1984,758,282000.0,475 JURONG WEST ST 41,1.34809804107273,103.725087226378,640475,15.761914082982702,0.627533212830353,11.0
JURONG WEST,3 ROOM,498,JURONG WEST ST 41,01 TO 03,64.0,Simplified,1986,781,240000.0,498 JURONG WEST ST 41,1.34833335760515,103.724307319237,640498,15.851069493643214,0.5870063648238736,2.0
JURONG WEST,3 ROOM,530,JURONG WEST ST 52,07 TO 09,67.0,New Generation,1983,745,292000.0,530 JURONG WEST ST 52,1.34853287172023,103.715468146297,640530,16.742982983621975,0.7727043260536011,8.0
JURONG WEST,3 ROOM,516,JURONG WEST ST 52,01 TO 03,74.0,Model A,1984,757,290000.0,516 JURONG WEST ST 52,1.34550365269314,103.720557509549,640516,16.087534344739854,0.14506261263133968,2.0
JURONG WEST,3 ROOM,138A,YUAN CHING RD,19 TO 21,67.0,DBSS,2014,1119,436000.0,138A YUAN CHING RD,1.32793696486555,103.7241782483,611138,14.976954359886824,1.8501099855524303,20.0
JURONG WEST,3 ROOM,138D,YUAN CHING RD,16 TO 18,67.0,DBSS,2014,1118,435000.0,138D YUAN CHING RD,1.32846031138004,103.723287795397,614138,15.089544133557371,1.775891966011175,17.0
JURONG WEST,3 ROOM,138D,YUAN CHING RD,19 TO 21,67.0,DBSS,2014,1118,438000.0,138D YUAN CHING RD,1.32846031138004,103.723287795397,614138,15.089544133557371,1.775891966011175,20.0
JURONG WEST,3 ROOM,138C,YUAN CHING RD,01 TO 03,67.0,DBSS,2014,1118,390000.0,138C YUAN CHING RD,1.32843797727643,103.723795893377,613138,15.035386158959852,1.787478933699408,2.0
JURONG WEST,3 ROOM,138B,YUAN CHING RD,22 TO 24,67.0,DBSS,2014,1118,475000.0,138B YUAN CHING RD,1.32841510984309,103.724304147765,612138,14.981209764295619,1.8008288147951441,23.0
JURONG WEST,4 ROOM,181A,BOON LAY DR,01 TO 03,93.0,Model A,2014,1115,400000.0,181A BOON LAY DR,1.34849083792572,103.708097262621,641181,17.484662068832534,1.1223410161056226,2.0
JURONG WEST,4 ROOM,180C,BOON LAY DR,04 TO 06,93.0,Model A,2014,1114,415000.0,180C BOON LAY DR,1.34842916785754,103.708720552283,643180,17.41868669399927,1.1316941705674415,5.0
JURONG WEST,4 ROOM,181A,BOON LAY DR,04 TO 06,93.0,Model A,2014,1114,435000.0,181A BOON LAY DR,1.34849083792572,103.708097262621,641181,17.484662068832534,1.1223410161056226,5.0
JURONG WEST,4 ROOM,196B,BOON LAY DR,04 TO 06,93.0,Model A,2015,1125,448000.0,196B BOON LAY DR,1.34278860969526,103.714301445473,642196,16.598025189183552,0.7568775954381844,5.0
JURONG WEST,4 ROOM,350,CORPORATION DR,01 TO 03,102.0,Model A,1997,916,360000.0,350 CORPORATION DR,1.33867162416714,103.719136998076,610350,15.924852271861539,0.6531610061044761,2.0
JURONG WEST,4 ROOM,441,JURONG WEST AVE 1,04 TO 06,103.0,Model A,1984,758,325000.0,441 JURONG WEST AVE 1,1.35132731535598,103.720383123794,640441,16.39097175992503,0.7884487614179763,5.0
JURONG WEST,4 ROOM,486,JURONG WEST AVE 1,01 TO 03,92.0,New Generation,1985,764,312000.0,486 JURONG WEST AVE 1,1.34872558119207,103.726332616154,640486,15.670580999625704,0.7776695771927611,2.0
JURONG WEST,4 ROOM,541,JURONG WEST AVE 1,07 TO 09,103.0,Model A,1984,761,340000.0,541 JURONG WEST AVE 1,1.35104299843383,103.715983002516,640541,16.813367246890277,0.9347611227972025,8.0
JURONG WEST,4 ROOM,693,JURONG WEST CTRL 1,10 TO 12,102.0,Premium Apartment,1998,920,475000.0,693 JURONG WEST CTRL 1,1.34290033614079,103.706185188199,640693,17.43539931967637,0.4779126894510168,11.0
JURONG WEST,4 ROOM,679C,JURONG WEST CTRL 1,10 TO 12,94.0,Premium Apartment,2000,950,422000.0,679C JURONG WEST CTRL 1,1.34392315743643,103.706395562005,643679,17.45689691808272,0.5926002839978801,11.0
JURONG WEST,4 ROOM,271D,JURONG WEST ST 24,04 TO 06,94.0,Premium Apartment,2003,988,350000.0,271D JURONG WEST ST 24,1.35003507101178,103.704907936078,644271,17.878445438382833,1.2775582206817377,5.0
JURONG WEST,4 ROOM,272C,JURONG WEST ST 24,16 TO 18,94.0,Premium Apartment,2003,988,348888.0,272C JURONG WEST ST 24,1.3509147418282,103.704627623472,643272,17.947242029861957,1.3781751167500347,17.0
JURONG WEST,4 ROOM,271A,JURONG WEST ST 24,07 TO 09,94.0,Premium Apartment,2003,987,320000.0,271A JURONG WEST ST 24,1.35088144577666,103.704062250377,641271,18.0029055550517,1.383211364665515,8.0
JURONG WEST,4 ROOM,478,JURONG WEST ST 41,01 TO 03,91.0,New Generation,1985,764,340000.0,478 JURONG WEST ST 41,1.34735317434247,103.723952185676,640478,15.837441722379214,0.47936371859552585,2.0
JURONG WEST,4 ROOM,466,JURONG WEST ST 41,01 TO 03,91.0,New Generation,1985,762,332500.0,466 JURONG WEST ST 41,1.34984856223626,103.722671026586,640466,16.089621388754146,0.6503070825361006,2.0
JURONG WEST,4 ROOM,478,JURONG WEST ST 41,04 TO 06,91.0,New Generation,1985,764,348000.0,478 JURONG WEST ST 41,1.34735317434247,103.723952185676,640478,15.837441722379214,0.47936371859552585,5.0
JURONG WEST,4 ROOM,421,JURONG WEST ST 42,01 TO 03,84.0,Simplified,1985,768,315000.0,421 JURONG WEST ST 42,1.35019763757677,103.727348817983,640421,15.646808646031607,0.9706243582731624,2.0
JURONG WEST,4 ROOM,446,JURONG WEST ST 42,01 TO 03,106.0,Model A,1985,766,325000.0,446 JURONG WEST ST 42,1.35221571310532,103.719555604477,640446,16.518022868617777,0.898180577448641,2.0
JURONG WEST,4 ROOM,420,JURONG WEST ST 42,10 TO 12,84.0,Simplified,1985,767,313000.0,420 JURONG WEST ST 42,1.35057175087713,103.72717276553,640420,15.683693956091306,0.9855545057950427,11.0
JURONG WEST,4 ROOM,412,JURONG WEST ST 42,07 TO 09,103.0,Model A,1985,768,350000.0,412 JURONG WEST ST 42,1.35325102149052,103.726140256506,640412,15.92702114339681,1.1544121123079585,8.0
JURONG WEST,4 ROOM,413,JURONG WEST ST 42,07 TO 09,105.0,Model A,1984,757,330000.0,413 JURONG WEST ST 42,1.35327579127819,103.725111457509,640413,16.028509844111227,1.1042066858234758,8.0
JURONG WEST,4 ROOM,435,JURONG WEST ST 42,01 TO 03,111.0,Model A,1984,757,320000.0,435 JURONG WEST ST 42,1.35211011264928,103.723687896053,640435,16.10596565756492,0.9245373132597067,2.0
JURONG WEST,4 ROOM,413,JURONG WEST ST 42,07 TO 09,104.0,Model A,1984,756,335000.0,413 JURONG WEST ST 42,1.35327579127819,103.725111457509,640413,16.028509844111227,1.1042066858234758,8.0
JURONG WEST,4 ROOM,413,JURONG WEST ST 42,07 TO 09,104.0,Model A,1984,756,330000.0,413 JURONG WEST ST 42,1.35327579127819,103.725111457509,640413,16.028509844111227,1.1042066858234758,8.0
JURONG WEST,4 ROOM,448,JURONG WEST ST 42,07 TO 09,103.0,Model A,1984,758,345000.0,448 JURONG WEST ST 42,1.35263257879691,103.719400998152,640448,16.554633903543657,0.9468458059568929,8.0
JURONG WEST,4 ROOM,406,JURONG WEST ST 42,01 TO 03,106.0,Model A,1984,757,310000.0,406 JURONG WEST ST 42,1.35431434826725,103.722395947126,640406,16.348755886319243,1.1295823803164753,2.0
JURONG WEST,4 ROOM,518,JURONG WEST ST 52,01 TO 03,104.0,Model A,1984,761,380000.0,518 JURONG WEST ST 52,1.34508681384068,103.717978485296,640518,16.328034062074366,0.3428258992448697,2.0
JURONG WEST,4 ROOM,515,JURONG WEST ST 52,04 TO 06,107.0,Model A,1984,755,395000.0,515 JURONG WEST ST 52,1.34642397230739,103.720898095436,640515,16.097215088191327,0.24077331376712813,5.0
JURONG WEST,4 ROOM,517A,JURONG WEST ST 52,04 TO 06,95.0,Model A,2000,946,560000.0,517A JURONG WEST ST 52,1.34531761707387,103.721254306116,641517,16.00864593673107,0.12247288217191347,5.0
JURONG WEST,4 ROOM,651B,JURONG WEST ST 61,04 TO 06,91.0,Model A,2002,971,385000.0,651B JURONG WEST ST 61,1.33707171569253,103.698260716035,642651,18.03183550905933,0.11908859299174912,5.0
JURONG WEST,4 ROOM,640,JURONG WEST ST 61,10 TO 12,100.0,Model A,1998,924,425000.0,640 JURONG WEST ST 61,1.34012982685638,103.696648260479,640640,18.314544077508852,0.2924994967805834,11.0
JURONG WEST,4 ROOM,668D,JURONG WEST ST 64,10 TO 12,90.0,Model A2,2000,949,430000.0,668D JURONG WEST ST 64,1.34125787225763,103.703000933184,644668,17.697232502963246,0.45063191681249476,11.0
JURONG WEST,4 ROOM,685B,JURONG WEST ST 64,04 TO 06,94.0,Premium Apartment,2000,950,400000.0,685B JURONG WEST ST 64,1.34292038876781,103.704168834122,642685,17.64410616646418,0.5241845989254638,5.0
JURONG WEST,4 ROOM,678D,JURONG WEST ST 64,01 TO 03,93.0,Premium Apartment,2008,1044,350000.0,678D JURONG WEST ST 64,1.34486489552662,103.703395356177,644678,17.80513793349816,0.7567728460914505,2.0
JURONG WEST,4 ROOM,668A,JURONG WEST ST 64,04 TO 06,85.0,Model A2,2000,947,379000.0,668A JURONG WEST ST 64,1.3418314445114,103.702880772704,641668,17.732760203868004,0.5040381960373373,5.0
JURONG WEST,4 ROOM,668A,JURONG WEST ST 64,13 TO 15,86.0,Model A2,2000,947,380000.0,668A JURONG WEST ST 64,1.3418314445114,103.702880772704,641668,17.732760203868004,0.5040381960373373,14.0
JURONG WEST,4 ROOM,668A,JURONG WEST ST 64,10 TO 12,86.0,Model A2,2000,947,385000.0,668A JURONG WEST ST 64,1.3418314445114,103.702880772704,641668,17.732760203868004,0.5040381960373373,11.0
JURONG WEST,4 ROOM,676A,JURONG WEST ST 64,10 TO 12,92.0,Premium Apartment,2008,1043,370000.0,676A JURONG WEST ST 64,1.3459571863087,103.704539086759,641676,17.73453771877153,0.8350326713293718,11.0
JURONG WEST,4 ROOM,664D,JURONG WEST ST 64,01 TO 03,91.0,Model A,2000,948,385000.0,664D JURONG WEST ST 64,1.33894641102536,103.702784352226,644664,17.628820326053425,0.36663162243024255,2.0
JURONG WEST,4 ROOM,667B,JURONG WEST ST 65,13 TO 15,90.0,Model A,2000,949,388000.0,667B JURONG WEST ST 65,1.34097479509925,103.701602936357,642667,17.83105997276269,0.5616849209645626,14.0
JURONG WEST,4 ROOM,617,JURONG WEST ST 65,13 TO 15,85.0,Model A2,2000,952,365000.0,617 JURONG WEST ST 65,1.34092564953584,103.700561353198,640617,17.937381067741534,0.517244066229033,14.0
JURONG WEST,4 ROOM,715,JURONG WEST ST 71,04 TO 06,104.0,Model A,1991,836,319000.0,715 JURONG WEST ST 71,1.34374461019775,103.696418783167,640715,18.47941771690052,0.6920228489191143,5.0
JURONG WEST,4 ROOM,751,JURONG WEST ST 73,01 TO 03,104.0,Model A,1992,854,320000.0,751 JURONG WEST ST 73,1.34760958144611,103.699227740175,640751,18.350034833000294,1.1344400875834983,2.0
JURONG WEST,4 ROOM,746,JURONG WEST ST 73,07 TO 09,104.0,Model A,1990,826,310000.0,746 JURONG WEST ST 73,1.34743827314555,103.697936344468,640746,18.475255003030757,1.0975548381131037,8.0
JURONG WEST,4 ROOM,736,JURONG WEST ST 75,04 TO 06,105.0,Model A,1995,890,335000.0,736 JURONG WEST ST 75,1.34611144493785,103.701653716516,640736,18.03701836156736,0.968138982975681,5.0
JURONG WEST,4 ROOM,824,JURONG WEST ST 81,10 TO 12,104.0,Model A,1990,826,338800.0,824 JURONG WEST ST 81,1.34640004716841,103.69413936089,640824,18.82303167964118,1.0418698481443116,11.0
JURONG WEST,4 ROOM,821,JURONG WEST ST 81,10 TO 12,104.0,Model A,1990,827,318000.0,821 JURONG WEST ST 81,1.34699810840798,103.69452875928,640821,18.807514447773766,1.091560288645474,11.0
JURONG WEST,4 ROOM,864,JURONG WEST ST 81,01 TO 03,105.0,Model A,1996,904,320000.0,864 JURONG WEST ST 81,1.34948340124159,103.694556118022,640864,18.909532171709383,1.3580828244379637,2.0
JURONG WEST,4 ROOM,980,JURONG WEST ST 93,04 TO 06,94.0,New Generation,1989,817,300000.0,980 JURONG WEST ST 93,1.33911774809754,103.693671500024,640980,18.58844751325664,0.4400127722286853,5.0
JURONG WEST,4 ROOM,988C,JURONG WEST ST 93,07 TO 09,94.0,Premium Apartment,2008,1045,360000.0,988C JURONG WEST ST 93,1.33574398654101,103.6957768604,643988,18.245736441807022,0.26735195702182807,8.0
JURONG WEST,4 ROOM,337C,TAH CHING RD,04 TO 06,94.0,Model A,2010,1065,400000.0,337C TAH CHING RD,1.33719034617161,103.722003986224,613337,15.567411020562897,0.7947227279854131,5.0
JURONG WEST,4 ROOM,138A,YUAN CHING RD,04 TO 06,91.0,DBSS,2014,1119,630000.0,138A YUAN CHING RD,1.32793696486555,103.7241782483,611138,14.976954359886824,1.8501099855524303,5.0
JURONG WEST,4 ROOM,138D,YUAN CHING RD,16 TO 18,89.0,DBSS,2014,1118,670000.0,138D YUAN CHING RD,1.32846031138004,103.723287795397,614138,15.089544133557371,1.775891966011175,17.0
JURONG WEST,4 ROOM,360,YUNG AN RD,04 TO 06,109.0,Model A,1995,892,367000.0,360 YUNG AN RD,1.33580303394451,103.72098058106,610360,15.615006896156356,0.940294800379464,5.0
JURONG WEST,4 ROOM,152,YUNG HO RD,01 TO 03,104.0,Model A,1990,829,350000.0,152 YUNG HO RD,1.32707670709847,103.720708632369,610152,15.311718916517922,1.9107988844202328,2.0
JURONG WEST,4 ROOM,175B,YUNG KUANG RD,01 TO 03,93.0,Premium Apartment,2015,1127,380000.0,175B YUNG KUANG RD,1.33283359282698,103.721043381424,612175,15.489477946123303,1.270518220294592,2.0
JURONG WEST,4 ROOM,175A,YUNG KUANG RD,04 TO 06,93.0,Premium Apartment,2015,1127,455000.0,175A YUNG KUANG RD,1.33193786368443,103.721561508725,611175,15.400738287349746,1.3717650916075719,5.0
JURONG WEST,4 ROOM,158,YUNG LOH RD,10 TO 12,106.0,Model A,1996,896,355000.0,158 YUNG LOH RD,1.32896082457078,103.722279551998,610158,15.213693492938742,1.7075230024695238,11.0
JURONG WEST,5 ROOM,183A,BOON LAY AVE,10 TO 12,112.0,Improved,2015,1122,523688.0,183A BOON LAY AVE,1.34861794801802,103.709737700176,641183,17.324425071457828,1.185997713702982,11.0
JURONG WEST,5 ROOM,267,BOON LAY DR,01 TO 03,121.0,Improved,1998,925,360000.0,267 BOON LAY DR,1.34644748042226,103.706946815266,640267,17.509865011530948,0.8776454758816127,2.0
JURONG WEST,5 ROOM,200,BOON LAY DR,10 TO 12,121.0,Standard,1976,664,390000.0,200 BOON LAY DR,1.34300396183385,103.7147005948,640200,16.566745926919285,0.7085149894801582,11.0
JURONG WEST,5 ROOM,199,BOON LAY DR,01 TO 03,121.0,Standard,1976,664,360000.0,199 BOON LAY DR,1.3437063240188,103.714484938377,640199,16.619848844944286,0.7212282993750951,2.0
JURONG WEST,5 ROOM,221,BOON LAY PL,04 TO 06,109.0,Standard,1979,695,323000.0,221 BOON LAY PL,1.34633552457315,103.712430373455,640221,16.947057578012426,0.97473296034501,5.0
JURONG WEST,5 ROOM,209,BOON LAY PL,10 TO 12,130.0,Adjoined flat,1976,658,408000.0,209 BOON LAY PL,1.34625797211644,103.715154716629,640209,16.66765563366137,0.6814099855110487,11.0
JURONG WEST,5 ROOM,427,JURONG WEST AVE 1,07 TO 09,136.0,Model A,1985,765,440000.0,427 JURONG WEST AVE 1,1.35131373566097,103.725596710632,640427,15.877088473981594,0.9392683391728084,8.0
JURONG WEST,5 ROOM,436,JURONG WEST AVE 1,04 TO 06,133.0,Model A,1985,768,438000.0,436 JURONG WEST AVE 1,1.35208689545167,103.722864957524,640436,16.18551708652403,0.8960673604418129,5.0
JURONG WEST,5 ROOM,690,JURONG WEST CTRL 1,04 TO 06,120.0,Premium Apartment,1998,923,488000.0,690 JURONG WEST CTRL 1,1.34118688549853,103.706710011345,640690,17.310349106219526,0.2960232484101368,5.0
JURONG WEST,5 ROOM,682C,JURONG WEST CTRL 1,01 TO 03,115.0,Premium Apartment,2000,950,430000.0,682C JURONG WEST CTRL 1,1.34315290702888,103.70539456284,643682,17.527398677266792,0.5112644794678833,2.0
JURONG WEST,5 ROOM,272B,JURONG WEST ST 24,04 TO 06,112.0,Premium Apartment,2003,987,375000.0,272B JURONG WEST ST 24,1.3505208170253,103.704862240601,642272,17.90535296939166,1.3318077591094186,5.0
JURONG WEST,5 ROOM,271D,JURONG WEST ST 24,13 TO 15,112.0,Premium Apartment,2003,987,390000.0,271D JURONG WEST ST 24,1.35003507101178,103.704907936078,644271,17.878445438382833,1.2775582206817377,14.0
JURONG WEST,5 ROOM,547,JURONG WEST ST 42,01 TO 03,137.0,Model A-Maisonette,1984,757,510000.0,547 JURONG WEST ST 42,1.35298202689802,103.714914008213,640547,17.016159525192464,1.1793532052706925,2.0
JURONG WEST,5 ROOM,517A,JURONG WEST ST 52,16 TO 18,116.0,Improved,2000,947,680000.0,517A JURONG WEST ST 52,1.34531761707387,103.721254306116,641517,16.00864593673107,0.12247288217191347,17.0
JURONG WEST,5 ROOM,529,JURONG WEST ST 52,01 TO 03,118.0,Improved,1982,733,450000.0,529 JURONG WEST ST 52,1.34841672939573,103.716191585352,640529,16.66481976528206,0.7024464403695977,2.0
JURONG WEST,5 ROOM,529,JURONG WEST ST 52,07 TO 09,118.0,Improved,1982,733,470000.0,529 JURONG WEST ST 52,1.34841672939573,103.716191585352,640529,16.66481976528206,0.7024464403695977,8.0
JURONG WEST,5 ROOM,532,JURONG WEST ST 52,10 TO 12,118.0,Improved,1982,733,475000.0,532 JURONG WEST ST 52,1.34914510993285,103.716015402933,640532,16.717486459789093,0.7719939747189911,11.0
JURONG WEST,5 ROOM,529,JURONG WEST ST 52,10 TO 12,118.0,Improved,1982,732,472000.0,529 JURONG WEST ST 52,1.34841672939573,103.716191585352,640529,16.66481976528206,0.7024464403695977,11.0
JURONG WEST,5 ROOM,523,JURONG WEST ST 52,10 TO 12,118.0,Improved,1982,730,480000.0,523 JURONG WEST ST 52,1.34675547648094,103.716157823017,640523,16.589545982405152,0.6006217583098608,11.0
JURONG WEST,5 ROOM,653A,JURONG WEST ST 61,01 TO 03,111.0,Improved,2002,976,388000.0,653A JURONG WEST ST 61,1.3368913768574,103.696638809163,641653,18.19576148393324,0.10835421400424883,2.0
JURONG WEST,5 ROOM,622,JURONG WEST ST 61,10 TO 12,110.0,Improved,2001,955,450000.0,622 JURONG WEST ST 61,1.34051313546074,103.698881639419,640622,18.09616521637167,0.36871847674963787,11.0
JURONG WEST,5 ROOM,645,JURONG WEST ST 61,16 TO 18,120.0,Improved,1998,926,468000.0,645 JURONG WEST ST 61,1.33903532010243,103.696461338372,640645,18.292933132210837,0.18730550679919666,17.0
JURONG WEST,5 ROOM,601,JURONG WEST ST 62,04 TO 06,115.0,Premium Apartment,2001,954,450000.0,601 JURONG WEST ST 62,1.33966177435104,103.70013784164,640601,17.93235641815711,0.38890504237745394,5.0
JURONG WEST,5 ROOM,678A,JURONG WEST ST 64,01 TO 03,110.0,Premium Apartment,2008,1043,400000.0,678A JURONG WEST ST 64,1.34508009611217,103.704400730049,641678,17.711020332954067,0.7434787201084508,2.0
JURONG WEST,5 ROOM,660A,JURONG WEST ST 64,16 TO 18,110.0,Improved,2001,961,535000.0,660A JURONG WEST ST 64,1.33569163767409,103.704301685702,641660,17.347262026213812,0.3785273133079944,17.0
JURONG WEST,5 ROOM,677A,JURONG WEST ST 64,04 TO 06,110.0,Premium Apartment,2008,1043,428000.0,677A JURONG WEST ST 64,1.34563047616405,103.705038025438,641677,17.66931336863912,0.789593019277643,5.0
JURONG WEST,5 ROOM,658B,JURONG WEST ST 65,07 TO 09,112.0,Improved,2001,960,460000.0,658B JURONG WEST ST 65,1.33648967687037,103.700757438608,642658,17.748435317263336,0.40096552406389246,8.0
JURONG WEST,5 ROOM,636,JURONG WEST ST 65,07 TO 09,110.0,Improved,2001,965,433000.0,636 JURONG WEST ST 65,1.34225166848347,103.69787057646,640636,18.269336960529877,0.5222793497351819,8.0
JURONG WEST,5 ROOM,634,JURONG WEST ST 65,16 TO 18,110.0,Improved,2001,965,435000.0,634 JURONG WEST ST 65,1.34309420970325,103.698866098979,640634,18.199596213506766,0.6360028721937231,17.0
JURONG WEST,5 ROOM,658D,JURONG WEST ST 65,07 TO 09,111.0,Improved,2001,960,442000.0,658D JURONG WEST ST 65,1.33721672789187,103.700757990613,644658,17.77517543186126,0.3842256887078128,8.0
JURONG WEST,5 ROOM,766,JURONG WEST ST 74,01 TO 03,123.0,Improved,1996,900,398000.0,766 JURONG WEST ST 74,1.34980497668919,103.697761922949,640766,18.595295100447576,1.3594719526252397,2.0
JURONG WEST,5 ROOM,851,JURONG WEST ST 81,01 TO 03,129.0,Improved,1996,898,340000.0,851 JURONG WEST ST 81,1.3465916671122,103.692474184137,640851,19.0029913915384,1.1370727013494855,2.0
JURONG WEST,5 ROOM,838,JURONG WEST ST 81,07 TO 09,122.0,Improved,1989,822,365000.0,838 JURONG WEST ST 81,1.34384901486992,103.693508093563,640838,18.78575707528041,0.8152075552951129,8.0
JURONG WEST,5 ROOM,813,JURONG WEST ST 81,01 TO 03,121.0,Improved,1990,824,350000.0,813 JURONG WEST ST 81,1.34598386230771,103.69582944619,640813,18.631360598323138,0.9483194474968863,2.0
JURONG WEST,5 ROOM,826,JURONG WEST ST 81,10 TO 12,121.0,Improved,1990,826,388000.0,826 JURONG WEST ST 81,1.34604529493384,103.694423564846,640826,18.779123837619757,0.9941737124510805,11.0
JURONG WEST,5 ROOM,838,JURONG WEST ST 81,07 TO 09,122.0,Improved,1989,821,386000.0,838 JURONG WEST ST 81,1.34384901486992,103.693508093563,640838,18.78575707528041,0.8152075552951129,8.0
JURONG WEST,5 ROOM,817,JURONG WEST ST 81,07 TO 09,126.0,Improved,1993,866,418800.0,817 JURONG WEST ST 81,1.34470598575848,103.695720951625,640817,18.590418561394078,0.8113575293597242,8.0
JURONG WEST,5 ROOM,836,JURONG WEST ST 81,07 TO 09,125.0,Improved,1993,863,390000.0,836 JURONG WEST ST 81,1.34263096431938,103.693464895067,640836,18.742629621832727,0.7059619658600202,8.0
JURONG WEST,5 ROOM,942,JURONG WEST ST 91,07 TO 09,122.0,Improved,1989,818,373000.0,942 JURONG WEST ST 91,1.34372024772129,103.689377054654,640942,19.210831639549436,1.115823452860676,8.0
JURONG WEST,5 ROOM,940,JURONG WEST ST 91,07 TO 09,121.0,Improved,1989,814,392000.0,940 JURONG WEST ST 91,1.34330790784966,103.688873352514,640940,19.24758946627412,1.1343108483426472,8.0
JURONG WEST,5 ROOM,986C,JURONG WEST ST 93,07 TO 09,112.0,Premium Apartment,2008,1045,475000.0,986C JURONG WEST ST 93,1.33695706398309,103.695668197233,643986,18.300232742097414,0.19668101430315213,8.0
JURONG WEST,5 ROOM,988C,JURONG WEST ST 93,01 TO 03,110.0,Premium Apartment,2008,1045,420000.0,988C JURONG WEST ST 93,1.33574398654101,103.6957768604,643988,18.245736441807022,0.26735195702182807,2.0
JURONG WEST,5 ROOM,138B,YUAN CHING RD,10 TO 12,105.0,DBSS,2014,1119,670000.0,138B YUAN CHING RD,1.32841510984309,103.724304147765,612138,14.981209764295619,1.8008288147951441,11.0
JURONG WEST,5 ROOM,138B,YUAN CHING RD,07 TO 09,108.0,DBSS,2014,1118,688000.0,138B YUAN CHING RD,1.32841510984309,103.724304147765,612138,14.981209764295619,1.8008288147951441,8.0
JURONG WEST,5 ROOM,138D,YUAN CHING RD,13 TO 15,108.0,DBSS,2014,1118,710000.0,138D YUAN CHING RD,1.32846031138004,103.723287795397,614138,15.089544133557371,1.775891966011175,14.0
JURONG WEST,5 ROOM,158,YUNG LOH RD,04 TO 06,125.0,Improved,1996,896,410000.0,158 YUNG LOH RD,1.32896082457078,103.722279551998,610158,15.213693492938742,1.7075230024695238,5.0
JURONG WEST,5 ROOM,177,YUNG SHENG RD,10 TO 12,116.0,Improved,2001,958,445000.0,177 YUNG SHENG RD,1.33332045172975,103.721308656123,610177,15.481003903927746,1.2169948362194623,11.0
JURONG WEST,EXECUTIVE,726,JURONG WEST AVE 5,04 TO 06,146.0,Maisonette,1992,854,560000.0,726 JURONG WEST AVE 5,1.3459430568526,103.697134589327,640726,18.49498582225924,0.929396545918439,5.0
JURONG WEST,EXECUTIVE,686B,JURONG WEST CTRL 1,04 TO 06,132.0,Premium Apartment,2000,952,600000.0,686B JURONG WEST CTRL 1,1.34196179294463,103.704542156963,642686,17.566137719290296,0.40993155748622623,5.0
JURONG WEST,EXECUTIVE,686A,JURONG WEST CTRL 1,04 TO 06,132.0,Premium Apartment,2000,951,590000.0,686A JURONG WEST CTRL 1,1.34174841752629,103.704794256868,641686,17.53135868201983,0.3770797876844974,5.0
JURONG WEST,EXECUTIVE,680A,JURONG WEST CTRL 1,10 TO 12,134.0,Premium Apartment,2000,947,596000.0,680A JURONG WEST CTRL 1,1.34462393402178,103.705560050376,641680,17.572548586385516,0.6717259972244015,11.0
JURONG WEST,EXECUTIVE,274B,JURONG WEST ST 25,04 TO 06,126.0,Apartment,2002,967,415000.0,274B JURONG WEST ST 25,1.3528655530538,103.703280481903,642274,18.174041359191104,1.615725828585767,5.0
JURONG WEST,EXECUTIVE,274B,JURONG WEST ST 25,10 TO 12,126.0,Apartment,2002,966,405000.0,274B JURONG WEST ST 25,1.3528655530538,103.703280481903,642274,18.174041359191104,1.615725828585767,11.0
JURONG WEST,EXECUTIVE,274B,JURONG WEST ST 25,10 TO 12,126.0,Apartment,2002,966,410000.0,274B JURONG WEST ST 25,1.3528655530538,103.703280481903,642274,18.174041359191104,1.615725828585767,11.0
JURONG WEST,EXECUTIVE,472,JURONG WEST ST 41,01 TO 03,151.0,Maisonette,1985,770,600000.0,472 JURONG WEST ST 41,1.34812383298712,103.722493887267,640472,16.02075327178855,0.46275704459652733,2.0
JURONG WEST,EXECUTIVE,409,JURONG WEST ST 42,10 TO 12,148.0,Maisonette,1985,770,700000.0,409 JURONG WEST ST 42,1.35409792704061,103.725324736878,640409,16.051983608525585,1.1972635827081286,11.0
JURONG WEST,EXECUTIVE,556,JURONG WEST ST 42,10 TO 12,151.0,Maisonette,1986,779,532000.0,556 JURONG WEST ST 42,1.35362210304169,103.717858506741,640556,16.75754328536037,1.0963307904092576,11.0
JURONG WEST,EXECUTIVE,558,JURONG WEST ST 42,10 TO 12,148.0,Maisonette,1985,767,510000.0,558 JURONG WEST ST 42,1.35419821230377,103.717344057356,640558,16.837906751798442,1.175584944824399,11.0
JURONG WEST,EXECUTIVE,669A,JURONG WEST ST 64,16 TO 18,130.0,Apartment,2000,948,569000.0,669A JURONG WEST ST 64,1.34289271652154,103.703136147885,641669,17.74958286521611,0.5773993254114567,17.0
JURONG WEST,EXECUTIVE,669A,JURONG WEST ST 64,13 TO 15,130.0,Apartment,2000,948,596000.0,669A JURONG WEST ST 64,1.34289271652154,103.703136147885,641669,17.74958286521611,0.5773993254114567,14.0
JURONG WEST,EXECUTIVE,665A,JURONG WEST ST 64,13 TO 15,130.0,Apartment,2000,945,620000.0,665A JURONG WEST ST 64,1.34009319246619,103.703124305023,641665,17.63815070835087,0.36640843035340975,14.0
JURONG WEST,EXECUTIVE,627,JURONG WEST ST 65,16 TO 18,130.0,Apartment,2001,962,568000.0,627 JURONG WEST ST 65,1.34196774823686,103.698889711132,640627,18.152221604064344,0.517383770368195,17.0
JURONG WEST,EXECUTIVE,671B,JURONG WEST ST 65,10 TO 12,125.0,Apartment,2002,973,535000.0,671B JURONG WEST ST 65,1.34395979895533,103.701895501679,642671,17.92168170035425,0.7546199893795257,11.0
JURONG WEST,EXECUTIVE,608,JURONG WEST ST 65,10 TO 12,133.0,Premium Apartment,2001,958,586000.0,608 JURONG WEST ST 65,1.33797471643971,103.700171739975,640608,17.86481697032917,0.3197657783433814,11.0
JURONG WEST,EXECUTIVE,154,YUNG HO RD,10 TO 12,147.0,Maisonette,1991,838,538000.0,154 YUNG HO RD,1.32712439587226,103.721781699843,610154,15.200167669910934,1.907554727291734,11.0
KALLANG/WHAMPOA,2 ROOM,7,JLN BATU,07 TO 09,50.0,Standard,1970,588,195000.0,7 JLN BATU,1.30237002555566,103.88359641393,431007,4.116911570287591,0.4423272501594314,8.0
KALLANG/WHAMPOA,2 ROOM,7,ST. GEORGE'S LANE,07 TO 09,45.0,Improved,1986,778,225000.0,7 ST. GEORGE'S LANE,1.32370038883176,103.859056873397,320007,4.504626728186076,0.5599648052430668,8.0
KALLANG/WHAMPOA,3 ROOM,30,BENDEMEER RD,10 TO 12,68.0,Improved,1972,607,320000.0,30 BENDEMEER RD,1.319303367127,103.86404981515,330030,4.176572319340004,0.27575391277004757,11.0
KALLANG/WHAMPOA,3 ROOM,43,BENDEMEER RD,07 TO 09,63.0,Standard,1981,714,245000.0,43 BENDEMEER RD,1.32112499272338,103.865833285976,330043,4.435321580878495,0.51405437260637,8.0
KALLANG/WHAMPOA,3 ROOM,15,FARRER PK RD,19 TO 21,62.0,Model A,2004,996,490000.0,15 FARRER PK RD,1.31104346812009,103.851660614786,210015,3.0182687586793793,0.22359176768064948,20.0
KALLANG/WHAMPOA,3 ROOM,93,GEYLANG BAHRU,07 TO 09,68.0,New Generation,1979,690,330000.0,93 GEYLANG BAHRU,1.32218898844635,103.871612008197,330093,4.808882103135959,0.08246064712548741,8.0
KALLANG/WHAMPOA,3 ROOM,57,GEYLANG BAHRU,04 TO 06,65.0,Improved,1974,636,260000.0,57 GEYLANG BAHRU,1.32353780675049,103.86914775647,330057,4.824422006898027,0.3803963750315436,5.0
KALLANG/WHAMPOA,3 ROOM,72,GEYLANG BAHRU,10 TO 12,59.0,Improved,1974,632,275000.0,72 GEYLANG BAHRU,1.32158321590245,103.871419569078,330072,4.739316246920745,0.05416460054907301,11.0
KALLANG/WHAMPOA,3 ROOM,57,GEYLANG BAHRU,01 TO 03,65.0,Improved,1974,637,265000.0,57 GEYLANG BAHRU,1.32353780675049,103.86914775647,330057,4.824422006898027,0.3803963750315436,2.0
KALLANG/WHAMPOA,3 ROOM,93,GEYLANG BAHRU,04 TO 06,68.0,New Generation,1979,690,320000.0,93 GEYLANG BAHRU,1.32218898844635,103.871612008197,330093,4.808882103135959,0.08246064712548741,5.0
KALLANG/WHAMPOA,3 ROOM,57,GEYLANG BAHRU,13 TO 15,76.0,Improved,1974,639,305000.0,57 GEYLANG BAHRU,1.32353780675049,103.86914775647,330057,4.824422006898027,0.3803963750315436,14.0
KALLANG/WHAMPOA,3 ROOM,32,JLN BAHAGIA,01 TO 03,56.0,Standard,1971,595,190000.0,32 JLN BAHAGIA,1.32613207103741,103.858096717028,320032,4.7529060458888575,0.8486148177850751,2.0
KALLANG/WHAMPOA,3 ROOM,27,JLN BAHAGIA,01 TO 03,56.0,Standard,1970,588,191000.0,27 JLN BAHAGIA,1.32602102238192,103.858991981159,320027,4.7571175307733045,0.7966807269852924,2.0
KALLANG/WHAMPOA,3 ROOM,5,JLN BATU,07 TO 09,60.0,Standard,1969,570,258000.0,5 JLN BATU,1.39152550534761,103.757266741055,679530,15.904495425868392,0.9667813834804678,8.0
KALLANG/WHAMPOA,3 ROOM,64,JLN MA'MOR,01 TO 03,126.0,Terrace,1972,612,880000.0,64 JLN MA'MOR,1.32853234946813,103.857852465902,320064,5.012880737266461,1.1029439226782183,2.0
KALLANG/WHAMPOA,3 ROOM,63,KALLANG BAHRU,10 TO 12,65.0,Improved,1974,631,255000.0,63 KALLANG BAHRU,1.32100020851204,103.868321383856,330063,4.52938611779488,0.4018404375415231,11.0
KALLANG/WHAMPOA,3 ROOM,64,KALLANG BAHRU,04 TO 06,65.0,Improved,1974,630,261000.0,64 KALLANG BAHRU,1.32034663718702,103.86834750594,330064,4.464513326535498,0.4154838241086839,5.0
KALLANG/WHAMPOA,3 ROOM,14,KG ARANG RD,07 TO 09,103.0,New Generation,1984,757,505000.0,14 KG ARANG RD,1.30016459105,103.884228450233,431014,4.063020271692305,0.3211393448743106,8.0
KALLANG/WHAMPOA,3 ROOM,1,KG KAYU RD,04 TO 06,62.0,Standard,1984,759,300000.0,1 KG KAYU RD,1.30355769675629,103.883796413118,431001,4.203332398735183,0.3260812499026233,5.0
KALLANG/WHAMPOA,3 ROOM,76,LOR LIMAU,10 TO 12,65.0,Improved,1973,625,252000.0,76 LOR LIMAU,1.32502427886167,103.854232129189,320076,4.582886420982039,1.0321830246099237,11.0
KALLANG/WHAMPOA,3 ROOM,77,LOR LIMAU,01 TO 03,59.0,Improved,1973,624,215000.0,77 LOR LIMAU,1.32504567583472,103.854762707954,320077,4.589544681678343,0.9877642740703031,2.0
KALLANG/WHAMPOA,3 ROOM,44,OWEN RD,04 TO 06,82.0,New Generation,1979,695,390000.0,44 OWEN RD,1.31551162976199,103.850377879064,210044,3.5172655764817664,0.5287032746397786,5.0
KALLANG/WHAMPOA,3 ROOM,5,ST. GEORGE'S LANE,01 TO 03,68.0,New Generation,1981,719,339000.0,5 ST. GEORGE'S LANE,1.32318991590206,103.859696970213,320005,4.462856604221815,0.47644452202447,2.0
KALLANG/WHAMPOA,3 ROOM,98,WHAMPOA DR,04 TO 06,65.0,Improved,1974,632,245000.0,98 WHAMPOA DR,1.32158068709129,103.854150953187,320098,4.200252172618037,0.8616340901148252,5.0
KALLANG/WHAMPOA,3 ROOM,82,WHAMPOA DR,07 TO 09,66.0,Improved,1974,636,250000.0,82 WHAMPOA DR,1.32387379240679,103.856482753763,320082,4.47926380658922,0.7578809566723965,8.0
KALLANG/WHAMPOA,4 ROOM,9,BOON KENG RD,28 TO 30,95.0,DBSS,2011,1074,883000.0,9 BOON KENG RD,1.31605118149851,103.861218698544,330009,3.7347311270286765,0.32897285991705366,29.0
KALLANG/WHAMPOA,4 ROOM,11,FARRER PK RD,04 TO 06,90.0,Model A,2004,996,590000.0,11 FARRER PK RD,1.31236768241476,103.852109307152,210011,3.1661864652236686,0.16056429486846818,5.0
KALLANG/WHAMPOA,4 ROOM,12,FARRER PK RD,19 TO 21,90.0,Model A,2004,996,700000.0,12 FARRER PK RD,1.31198113120325,103.851638487106,210012,3.122517276141566,0.20463185684780424,20.0
KALLANG/WHAMPOA,4 ROOM,58,GEYLANG BAHRU,13 TO 15,100.0,Model A,2000,948,630000.0,58 GEYLANG BAHRU,1.32319537324232,103.86795724315,330058,4.73699135811782,0.47692793913850307,14.0
KALLANG/WHAMPOA,4 ROOM,11,JLN BATU,01 TO 03,105.0,New Generation,1986,774,520000.0,11 JLN BATU,1.30169639051101,103.882578686361,431011,3.9814998176480305,0.5010219180419733,2.0
KALLANG/WHAMPOA,4 ROOM,101,JLN RAJAH,13 TO 15,94.0,New Generation,1980,713,440000.0,101 JLN RAJAH,1.32871478392959,103.850545321033,321101,4.984306598386627,0.5512760356504322,14.0
KALLANG/WHAMPOA,4 ROOM,108C,MCNAIR RD,22 TO 24,90.0,Model A,2005,1003,710000.0,108C MCNAIR RD,1.31984417513752,103.859462494536,324108,4.09365344302718,0.24094843892239406,23.0
KALLANG/WHAMPOA,4 ROOM,19,ST. GEORGE'S RD,04 TO 06,92.0,New Generation,1984,761,425000.0,19 ST. GEORGE'S RD,1.3244455415621,103.8626105247,320019,4.674580689044217,0.5798539731835191,5.0
KALLANG/WHAMPOA,4 ROOM,3C,UPP BOON KENG RD,10 TO 12,90.0,Model A,2006,1021,688000.0,3C UPP BOON KENG RD,1.31379318761444,103.87309387056,383003,4.1001511260881855,0.31886279950413776,11.0
KALLANG/WHAMPOA,4 ROOM,96,WHAMPOA DR,07 TO 09,91.0,Improved,1974,630,345000.0,96 WHAMPOA DR,1.321556727417,103.855666149292,320096,4.212772009621852,0.701175695258276,8.0
KALLANG/WHAMPOA,5 ROOM,7,BOON KENG RD,10 TO 12,109.0,DBSS,2011,1075,918888.0,7 BOON KENG RD,1.31678922529744,103.861781918434,330007,3.831572170842356,0.2841394196740042,11.0
KALLANG/WHAMPOA,5 ROOM,8,BOON KENG RD,07 TO 09,115.0,DBSS,2011,1074,940000.0,8 BOON KENG RD,1.31642489627751,103.861501638313,330008,3.7836516860944913,0.32375540277488457,8.0
KALLANG/WHAMPOA,5 ROOM,8,BOON KENG RD,13 TO 15,117.0,DBSS,2011,1074,970000.0,8 BOON KENG RD,1.31642489627751,103.861501638313,330008,3.7836516860944913,0.32375540277488457,14.0
KALLANG/WHAMPOA,5 ROOM,18,JLN TENTERAM,19 TO 21,105.0,Improved,2004,996,657000.0,18 JLN TENTERAM,1.32782768735672,103.860080664772,321018,4.976803792306456,0.9586589542329748,20.0
KALLANG/WHAMPOA,5 ROOM,4B,ST. GEORGE'S LANE,01 TO 03,124.0,Improved,1996,905,600000.0,4B ST. GEORGE'S LANE,1.32229102470373,103.860174104007,321004,4.376437863462872,0.36338558797645326,2.0
KALLANG/WHAMPOA,5 ROOM,3D,UPP BOON KENG RD,22 TO 24,110.0,Improved,2006,1021,913000.0,3D UPP BOON KENG RD,1.31329783863328,103.872837648285,384003,4.0388322496393565,0.2578387578513282,23.0
MARINE PARADE,3 ROOM,46,MARINE CRES,07 TO 09,65.0,Improved,1975,648,350000.0,46 MARINE CRES,1.30510240111456,103.91266479937,440046,7.196610120600727,0.3399428915070937,8.0
MARINE PARADE,3 ROOM,30,MARINE CRES,07 TO 09,65.0,Improved,1975,646,315000.0,30 MARINE CRES,1.30422279476766,103.911164021354,440030,7.007041460613627,0.5332164693293618,8.0
MARINE PARADE,3 ROOM,32,MARINE CRES,13 TO 15,76.0,Improved,1975,646,465000.0,32 MARINE CRES,1.303178277126,103.911806642809,440032,7.03846292402352,0.5512685843824175,14.0
MARINE PARADE,3 ROOM,34,MARINE CRES,07 TO 09,59.0,Improved,1975,646,280000.0,34 MARINE CRES,1.30414964002546,103.912123966699,440034,7.105554928119732,0.4514861176553768,8.0
MARINE PARADE,3 ROOM,65,MARINE DR,10 TO 12,65.0,Improved,1976,657,380000.0,65 MARINE DR,1.30340547617434,103.909734447292,440065,6.82739194089017,0.537501396381243,11.0
MARINE PARADE,3 ROOM,65,MARINE DR,10 TO 12,65.0,Improved,1976,656,415000.0,65 MARINE DR,1.30340547617434,103.909734447292,440065,6.82739194089017,0.537501396381243,11.0
MARINE PARADE,3 ROOM,65,MARINE DR,10 TO 12,65.0,Improved,1976,656,398888.0,65 MARINE DR,1.30340547617434,103.909734447292,440065,6.82739194089017,0.537501396381243,11.0
MARINE PARADE,3 ROOM,8,MARINE TER,07 TO 09,76.0,Improved,1975,642,375000.0,8 MARINE TER,1.30436465592228,103.916108628733,440008,7.534182737971054,0.28387743806431526,8.0
MARINE PARADE,4 ROOM,62,MARINE DR,04 TO 06,87.0,Improved,1976,654,520000.0,62 MARINE DR,1.30267023304987,103.909040353592,440062,6.728466756024771,0.4534044992323003,5.0
MARINE PARADE,4 ROOM,17,MARINE TER,07 TO 09,82.0,Improved,1975,644,445000.0,17 MARINE TER,1.30376782197877,103.914176046886,440017,7.309334326729659,0.3531161191482299,8.0
MARINE PARADE,4 ROOM,54,MARINE TER,16 TO 18,88.0,Improved,1975,642,538000.0,54 MARINE TER,1.30530229101584,103.915014006287,440054,7.450912951261169,0.16419472570410246,17.0
MARINE PARADE,5 ROOM,72,MARINE DR,04 TO 06,120.0,Standard,1977,667,735000.0,72 MARINE DR,1.30428356986834,103.908364873073,440072,6.715524021181221,0.420602496159635,5.0
PASIR RIS,2 ROOM,527C,PASIR RIS ST 51,07 TO 09,47.0,Model A,2015,1129,263000.0,527C PASIR RIS ST 51,1.36937329925111,103.947970231713,513527,14.32957085956715,0.43344414790734315,8.0
PASIR RIS,2 ROOM,527B,PASIR RIS ST 51,07 TO 09,47.0,Model A,2015,1129,260000.0,527B PASIR RIS ST 51,1.36899453114432,103.947710069014,512527,14.279998094784526,0.4830208409099559,8.0
PASIR RIS,2 ROOM,527C,PASIR RIS ST 51,07 TO 09,47.0,Model A,2015,1128,265000.0,527C PASIR RIS ST 51,1.36937329925111,103.947970231713,513527,14.32957085956715,0.43344414790734315,8.0
PASIR RIS,2 ROOM,527D,PASIR RIS ST 51,10 TO 12,47.0,Model A,2015,1128,285000.0,527D PASIR RIS ST 51,1.36968625501963,103.947922425135,514527,14.348704309988836,0.4028208884130159,11.0
PASIR RIS,3 ROOM,5,CHANGI VILLAGE RD,04 TO 06,66.0,Improved,1981,720,277000.0,5 CHANGI VILLAGE RD,1.38885339963623,103.986845986484,500005,19.041228858101444,3.490583031031123,5.0
PASIR RIS,3 ROOM,528A,PASIR RIS ST 51,13 TO 15,68.0,Model A,2015,1129,385000.0,528A PASIR RIS ST 51,1.37021066906466,103.947986536645,511528,14.392845663502023,0.34644519563753584,14.0
PASIR RIS,3 ROOM,528A,PASIR RIS ST 51,01 TO 03,68.0,Model A,2015,1129,370000.0,528A PASIR RIS ST 51,1.37021066906466,103.947986536645,511528,14.392845663502023,0.34644519563753584,2.0
PASIR RIS,3 ROOM,527C,PASIR RIS ST 51,10 TO 12,68.0,Model A,2015,1129,410000.0,527C PASIR RIS ST 51,1.36937329925111,103.947970231713,513527,14.32957085956715,0.43344414790734315,11.0
PASIR RIS,3 ROOM,527B,PASIR RIS ST 51,01 TO 03,68.0,Model A,2015,1131,360000.0,527B PASIR RIS ST 51,1.36899453114432,103.947710069014,512527,14.279998094784526,0.4830208409099559,2.0
PASIR RIS,3 ROOM,527D,PASIR RIS ST 51,07 TO 09,68.0,Model A,2015,1129,378000.0,527D PASIR RIS ST 51,1.36968625501963,103.947922425135,514527,14.348704309988836,0.4028208884130159,8.0
PASIR RIS,3 ROOM,528A,PASIR RIS ST 51,01 TO 03,68.0,Model A,2015,1128,375000.0,528A PASIR RIS ST 51,1.37021066906466,103.947986536645,511528,14.392845663502023,0.34644519563753584,2.0
PASIR RIS,3 ROOM,528A,PASIR RIS ST 51,04 TO 06,68.0,Model A,2015,1128,380000.0,528A PASIR RIS ST 51,1.37021066906466,103.947986536645,511528,14.392845663502023,0.34644519563753584,5.0
PASIR RIS,3 ROOM,527D,PASIR RIS ST 51,01 TO 03,68.0,Model A,2015,1128,378000.0,527D PASIR RIS ST 51,1.36968625501963,103.947922425135,514527,14.348704309988836,0.4028208884130159,2.0
PASIR RIS,4 ROOM,640,PASIR RIS DR 1,10 TO 12,104.0,Model A,1995,885,400000.0,640 PASIR RIS DR 1,1.37578465528493,103.94043022067,510640,14.216919374511265,1.030402823736941,11.0
PASIR RIS,4 ROOM,704,PASIR RIS DR 10,01 TO 03,116.0,Model A,1996,894,453000.0,704 PASIR RIS DR 10,1.38078384209546,103.937279271736,510704,14.387000387818084,1.5880339176236735,2.0
PASIR RIS,4 ROOM,484,PASIR RIS DR 4,04 TO 06,104.0,Model A,1992,857,385000.0,484 PASIR RIS DR 4,1.3736034575533,103.960557824017,510484,15.6993380890113,1.2547121594740334,5.0
PASIR RIS,4 ROOM,475,PASIR RIS DR 6,04 TO 06,105.0,Model A,1990,827,428000.0,475 PASIR RIS DR 6,1.37519773974651,103.95715537175,510475,15.524469470362732,0.9071443635448774,5.0
PASIR RIS,4 ROOM,469,PASIR RIS DR 6,01 TO 03,108.0,Model A,1989,818,395000.0,469 PASIR RIS DR 6,1.37349977144258,103.957588753401,510469,15.438441028500757,0.9245088844760015,2.0
PASIR RIS,4 ROOM,477,PASIR RIS DR 6,04 TO 06,103.0,Model A,1989,819,418000.0,477 PASIR RIS DR 6,1.37447595603468,103.958441823841,510477,15.580945344843435,1.0303349466196856,5.0
PASIR RIS,4 ROOM,475,PASIR RIS DR 6,04 TO 06,103.0,Model A,1990,826,410000.0,475 PASIR RIS DR 6,1.37519773974651,103.95715537175,510475,15.524469470362732,0.9071443635448774,5.0
PASIR RIS,4 ROOM,113,PASIR RIS ST 11,07 TO 09,103.0,Model A,1990,825,380000.0,113 PASIR RIS ST 11,1.36805525886307,103.955767151318,510113,14.896768531817857,0.9093477464541413,8.0
PASIR RIS,4 ROOM,125,PASIR RIS ST 11,01 TO 03,106.0,Model A,1989,812,363000.0,125 PASIR RIS ST 11,1.36618432371868,103.954324674252,510125,14.641449435187189,0.9463474421665005,2.0
PASIR RIS,4 ROOM,216,PASIR RIS ST 21,10 TO 12,108.0,Model A,1993,865,410000.0,216 PASIR RIS ST 21,1.36902277185274,103.960913196589,510216,15.41192030335271,1.3677910107565996,11.0
PASIR RIS,4 ROOM,524A,PASIR RIS ST 51,04 TO 06,93.0,Model A,2015,1129,487000.0,524A PASIR RIS ST 51,1.37127969347365,103.94771493702,511524,14.450016625610258,0.2624869772239118,5.0
PASIR RIS,4 ROOM,526D,PASIR RIS ST 51,01 TO 03,93.0,Model A,2015,1129,480000.0,526D PASIR RIS ST 51,1.36866830502329,103.947274003279,514526,14.219657237032395,0.5353549757141224,2.0
PASIR RIS,4 ROOM,525A,PASIR RIS ST 51,01 TO 03,93.0,Model A,2015,1128,498000.0,525A PASIR RIS ST 51,1.36919989142635,103.947298306263,511525,14.260924556179434,0.48102874685797825,2.0
PASIR RIS,4 ROOM,524A,PASIR RIS ST 51,10 TO 12,93.0,Model A,2015,1128,537000.0,524A PASIR RIS ST 51,1.37127969347365,103.94771493702,511524,14.450016625610258,0.2624869772239118,11.0
PASIR RIS,4 ROOM,526D,PASIR RIS ST 51,07 TO 09,93.0,Model A,2015,1128,520000.0,526D PASIR RIS ST 51,1.36866830502329,103.947274003279,514526,14.219657237032395,0.5353549757141224,8.0
PASIR RIS,4 ROOM,526D,PASIR RIS ST 51,07 TO 09,93.0,Model A,2015,1128,528000.0,526D PASIR RIS ST 51,1.36866830502329,103.947274003279,514526,14.219657237032395,0.5353549757141224,8.0
PASIR RIS,4 ROOM,528B,PASIR RIS ST 51,01 TO 03,93.0,Model A,2015,1128,482000.0,528B PASIR RIS ST 51,1.37062340418468,103.948163757719,512528,14.43814457829529,0.2965184965840678,2.0
PASIR RIS,4 ROOM,528B,PASIR RIS ST 51,07 TO 09,93.0,Model A,2015,1128,525000.0,528B PASIR RIS ST 51,1.37062340418468,103.948163757719,512528,14.43814457829529,0.2965184965840678,8.0
PASIR RIS,4 ROOM,526C,PASIR RIS ST 51,13 TO 15,93.0,Model A,2015,1128,543000.0,526C PASIR RIS ST 51,1.36829430551953,103.947266008776,513526,14.191458583555452,0.5737540971575125,14.0
PASIR RIS,4 ROOM,559,PASIR RIS ST 51,01 TO 03,104.0,Model A,1993,864,355000.0,559 PASIR RIS ST 51,1.36646097090434,103.951698693315,510559,14.43424961908199,0.7795580428545648,2.0
PASIR RIS,4 ROOM,524B,PASIR RIS ST 51,04 TO 06,93.0,Model A,2015,1128,500000.0,524B PASIR RIS ST 51,1.37093178459665,103.947562573809,512524,14.411478352484027,0.3029284723246754,5.0
PASIR RIS,4 ROOM,525C,PASIR RIS ST 51,07 TO 09,93.0,Model A,2015,1128,531000.0,525C PASIR RIS ST 51,1.3699604913861,103.947452111279,513525,14.330035323932508,0.398743143423843,8.0
PASIR RIS,4 ROOM,525C,PASIR RIS ST 51,07 TO 09,93.0,Model A,2015,1128,525000.0,525C PASIR RIS ST 51,1.3699604913861,103.947452111279,513525,14.330035323932508,0.398743143423843,8.0
PASIR RIS,4 ROOM,515,PASIR RIS ST 52,13 TO 15,106.0,Model A,1993,869,437000.0,515 PASIR RIS ST 52,1.37414415644548,103.942957213353,510515,14.284947102858807,0.7139455372969937,14.0
PASIR RIS,4 ROOM,572,PASIR RIS ST 53,04 TO 06,113.0,Model A,1995,892,465000.0,572 PASIR RIS ST 53,1.37352014045406,103.945615490863,510572,14.448808688370029,0.41130290811399856,5.0
PASIR RIS,4 ROOM,571,PASIR RIS ST 53,10 TO 12,109.0,Model A,1995,891,458888.0,571 PASIR RIS ST 53,1.37309992739672,103.945674156701,510571,14.421356058148238,0.40139780274139814,11.0
PASIR RIS,4 ROOM,762,PASIR RIS ST 71,04 TO 06,106.0,Model A,1996,904,420000.0,762 PASIR RIS ST 71,1.37567020169073,103.933931581433,510762,13.714926017637676,1.7315046328696009,5.0
PASIR RIS,4 ROOM,760,PASIR RIS ST 71,04 TO 06,106.0,Model A,1996,903,382000.0,760 PASIR RIS ST 71,1.37640020264297,103.933539788895,510760,13.746493283749103,1.789602585723351,5.0
PASIR RIS,4 ROOM,741,PASIR RIS ST 71,01 TO 03,104.0,Model A,1996,903,390000.0,741 PASIR RIS ST 71,1.37755384677881,103.936383536913,510741,14.053019770593155,1.5192967195269074,2.0
PASIR RIS,4 ROOM,748,PASIR RIS ST 71,13 TO 15,106.0,Model A,1996,905,428888.0,748 PASIR RIS ST 71,1.37850680268582,103.934795695239,510748,14.014475744097567,1.721397718939933,14.0
PASIR RIS,4 ROOM,762,PASIR RIS ST 71,07 TO 09,104.0,Model A,1996,903,400000.0,762 PASIR RIS ST 71,1.37567020169073,103.933931581433,510762,13.714926017637676,1.7315046328696009,8.0
PASIR RIS,4 ROOM,772,PASIR RIS ST 71,01 TO 03,104.0,Model A,1996,901,370000.0,772 PASIR RIS ST 71,1.37537584725355,103.936973659467,510772,13.919207424710766,1.39288411984362,2.0
PASIR RIS,4 ROOM,719,PASIR RIS ST 72,04 TO 06,104.0,Model A,1996,901,390000.0,719 PASIR RIS ST 72,1.38224267910055,103.936646781251,510719,14.462750643899392,1.7378186377478733,5.0
PASIR RIS,4 ROOM,718,PASIR RIS ST 72,04 TO 06,111.0,Model A,1996,900,440000.0,718 PASIR RIS ST 72,1.38244315383458,103.936371378227,510718,14.459617872890123,1.7756890903933245,5.0
PASIR RIS,5 ROOM,406,PASIR RIS DR 6,10 TO 12,122.0,Improved,1989,822,505000.0,406 PASIR RIS DR 6,1.37376656667899,103.955388318547,510406,15.27179475656704,0.6832578447791432,11.0
PASIR RIS,5 ROOM,473,PASIR RIS DR 6,07 TO 09,122.0,Improved,1989,817,511000.0,473 PASIR RIS DR 6,1.37449502119344,103.95736253025,510473,15.490974061473326,0.9123617961380385,8.0
PASIR RIS,5 ROOM,472,PASIR RIS DR 6,04 TO 06,122.0,Improved,1989,816,525000.0,472 PASIR RIS DR 6,1.37416575605544,103.957269905237,510472,15.459357898310035,0.8964027353397206,5.0
PASIR RIS,5 ROOM,416,PASIR RIS DR 6,07 TO 09,122.0,Improved,1989,821,468000.0,416 PASIR RIS DR 6,1.37163660120977,103.955620745818,510416,15.137635516218154,0.721501774498913,8.0
PASIR RIS,5 ROOM,121,PASIR RIS ST 11,04 TO 06,132.0,Improved,1989,814,503888.0,121 PASIR RIS ST 11,1.36686954737879,103.954504704247,510121,14.70476142677471,0.8988787370073864,5.0
PASIR RIS,5 ROOM,186,PASIR RIS ST 11,07 TO 09,124.0,Improved,1993,864,450000.0,186 PASIR RIS ST 11,1.3651306413506,103.959433090412,510186,15.018208711893532,1.128080024179514,8.0
PASIR RIS,5 ROOM,126,PASIR RIS ST 11,10 TO 12,128.0,Improved,1989,815,430000.0,126 PASIR RIS ST 11,1.36548783115926,103.955273377381,510126,14.6759320329923,1.0361438354564436,11.0
PASIR RIS,5 ROOM,190,PASIR RIS ST 12,07 TO 09,123.0,Improved,1993,866,490000.0,190 PASIR RIS ST 12,1.36552479300537,103.958657337254,510190,14.975922735629071,1.1300658074457468,8.0
PASIR RIS,5 ROOM,188,PASIR RIS ST 12,04 TO 06,122.0,Improved,1993,866,458000.0,188 PASIR RIS ST 12,1.36529812070636,103.959160173062,510188,15.005206854314412,1.1307017867685127,5.0
PASIR RIS,5 ROOM,105,PASIR RIS ST 12,10 TO 12,122.0,Improved,1989,811,450000.0,105 PASIR RIS ST 12,1.36843792148695,103.957538790848,510105,15.077007158070364,1.05078497676685,11.0
PASIR RIS,5 ROOM,227,PASIR RIS ST 21,01 TO 03,127.0,Improved,1993,865,445000.0,227 PASIR RIS ST 21,1.37166868291671,103.961763681659,510227,15.668186106036268,1.3956064568542887,2.0
PASIR RIS,5 ROOM,229,PASIR RIS ST 21,04 TO 06,130.0,Model A,1993,865,485000.0,229 PASIR RIS ST 21,1.37268934784977,103.961780559341,510229,15.740588369281786,1.389645052415873,5.0
PASIR RIS,5 ROOM,273,PASIR RIS ST 21,01 TO 03,126.0,Improved,1994,874,515000.0,273 PASIR RIS ST 21,1.36484627527981,103.964113174726,510273,15.418550916633349,1.427028894601599,2.0
PASIR RIS,5 ROOM,211,PASIR RIS ST 21,07 TO 09,135.0,Model A,1993,863,490000.0,211 PASIR RIS ST 21,1.36719431144441,103.96115264966,510211,15.309086114586533,1.4219261712682478,8.0
PASIR RIS,5 ROOM,214,PASIR RIS ST 21,04 TO 06,126.0,Improved,1993,865,450000.0,214 PASIR RIS ST 21,1.36771508142416,103.961300162015,510214,15.357217857895677,1.4611877000379727,5.0
PASIR RIS,5 ROOM,226,PASIR RIS ST 21,07 TO 09,130.0,Model A,1993,864,520000.0,226 PASIR RIS ST 21,1.37101212062638,103.961725872647,510226,15.619519983992673,1.4013284383552147,8.0
PASIR RIS,5 ROOM,225,PASIR RIS ST 21,04 TO 06,130.0,Model A,1993,864,476000.0,225 PASIR RIS ST 21,1.37115763840719,103.961118398796,510225,15.576673700429144,1.3320844416375368,5.0
PASIR RIS,5 ROOM,528B,PASIR RIS ST 51,10 TO 12,113.0,Improved,2015,1129,666000.0,528B PASIR RIS ST 51,1.37062340418468,103.948163757719,512528,14.43814457829529,0.2965184965840678,11.0
PASIR RIS,5 ROOM,528B,PASIR RIS ST 51,13 TO 15,113.0,Improved,2015,1129,655000.0,528B PASIR RIS ST 51,1.37062340418468,103.948163757719,512528,14.43814457829529,0.2965184965840678,14.0
PASIR RIS,5 ROOM,525B,PASIR RIS ST 51,07 TO 09,113.0,Improved,2015,1130,643000.0,525B PASIR RIS ST 51,1.3695904828869,103.947455951519,512525,14.302912055241071,0.4344207565220139,8.0
PASIR RIS,5 ROOM,528B,PASIR RIS ST 51,01 TO 03,113.0,Improved,2015,1128,595000.0,528B PASIR RIS ST 51,1.37062340418468,103.948163757719,512528,14.43814457829529,0.2965184965840678,2.0
PASIR RIS,5 ROOM,524C,PASIR RIS ST 51,01 TO 03,113.0,Improved,2015,1128,600000.0,524C PASIR RIS ST 51,1.37054529360258,103.947594575271,513524,14.385296927496,0.33532525470084407,2.0
PASIR RIS,5 ROOM,526D,PASIR RIS ST 51,10 TO 12,113.0,Improved,2015,1128,650000.0,526D PASIR RIS ST 51,1.36866830502329,103.947274003279,514526,14.219657237032395,0.5353549757141224,11.0
PASIR RIS,5 ROOM,525A,PASIR RIS ST 51,10 TO 12,113.0,Improved,2015,1128,608000.0,525A PASIR RIS ST 51,1.36919989142635,103.947298306263,511525,14.260924556179434,0.48102874685797825,11.0
PASIR RIS,5 ROOM,517,PASIR RIS ST 52,13 TO 15,127.0,Improved,1993,870,545000.0,517 PASIR RIS ST 52,1.37468101222365,103.943850333671,510517,14.397568191719559,0.6309439443675006,14.0
PASIR RIS,5 ROOM,517,PASIR RIS ST 52,07 TO 09,129.0,Improved,1993,869,550000.0,517 PASIR RIS ST 52,1.37468101222365,103.943850333671,510517,14.397568191719559,0.6309439443675006,8.0
PASIR RIS,5 ROOM,577,PASIR RIS ST 53,04 TO 06,124.0,Improved,1995,892,555000.0,577 PASIR RIS ST 53,1.37344490014978,103.946940597635,510577,14.550100425866185,0.2643673887219987,5.0
PASIR RIS,5 ROOM,752,PASIR RIS ST 71,04 TO 06,127.0,Improved,1996,905,465000.0,752 PASIR RIS ST 71,1.37783520639571,103.934582519119,510752,13.942798677299626,1.7189958809347015,5.0
PASIR RIS,5 ROOM,757,PASIR RIS ST 71,10 TO 12,128.0,Improved,1996,905,480000.0,757 PASIR RIS ST 71,1.37717716955915,103.933579789273,510757,13.814191158857358,1.8052961272866905,11.0
PASIR RIS,5 ROOM,740,PASIR RIS ST 71,10 TO 12,127.0,Improved,1996,902,500000.0,740 PASIR RIS ST 71,1.37790740617351,103.935984430467,510740,14.052487016425955,1.5743140131576723,11.0
PASIR RIS,5 ROOM,754,PASIR RIS ST 71,13 TO 15,126.0,Improved,1996,904,515000.0,754 PASIR RIS ST 71,1.37718978054584,103.934079840236,510754,13.852020564472355,1.7519668891214937,14.0
PASIR RIS,5 ROOM,767,PASIR RIS ST 71,13 TO 15,125.0,Improved,1996,904,510000.0,767 PASIR RIS ST 71,1.37564544660894,103.935863846869,510767,13.857337795918877,1.5196924025273424,14.0
PASIR RIS,5 ROOM,721,PASIR RIS ST 72,10 TO 12,124.0,Improved,1996,900,545000.0,721 PASIR RIS ST 72,1.3814623557979,103.936332074831,510721,14.37428294177893,1.717423914840379,11.0
PASIR RIS,EXECUTIVE,607,ELIAS RD,01 TO 03,155.0,Apartment,1995,888,615000.0,607 ELIAS RD,1.37638608282285,103.942462589515,510607,14.422546866537594,0.8445537880772913,2.0
PASIR RIS,EXECUTIVE,608,ELIAS RD,16 TO 18,149.0,Apartment,1995,888,700000.0,608 ELIAS RD,1.37582149131802,103.943078888008,510608,14.426115488800042,0.755860572541552,17.0
PASIR RIS,EXECUTIVE,536,PASIR RIS DR 1,10 TO 12,147.0,Apartment,1992,857,668000.0,536 PASIR RIS DR 1,1.3706314383911,103.94982763028,510536,14.57691954529231,0.274886798157689,11.0
PASIR RIS,EXECUTIVE,460,PASIR RIS DR 4,07 TO 09,144.0,Apartment,1992,857,685000.0,460 PASIR RIS DR 4,1.37095910000001,103.959051431497,510460,15.383683419540075,1.1101672472077075,8.0
PASIR RIS,EXECUTIVE,413,PASIR RIS DR 6,01 TO 03,146.0,Maisonette,1989,821,708000.0,413 PASIR RIS DR 6,1.37268850051357,103.955507049257,510413,15.203664499396139,0.69282923282113,2.0
PASIR RIS,EXECUTIVE,129,PASIR RIS ST 11,04 TO 06,146.0,Maisonette,1988,808,643000.0,129 PASIR RIS ST 11,1.36651869673449,103.955623402655,510129,14.777521813757534,1.0113647379319874,5.0
PASIR RIS,EXECUTIVE,129,PASIR RIS ST 11,04 TO 06,146.0,Maisonette,1988,808,588800.0,129 PASIR RIS ST 11,1.36651869673449,103.955623402655,510129,14.777521813757534,1.0113647379319874,5.0
PASIR RIS,EXECUTIVE,108,PASIR RIS ST 12,04 TO 06,146.0,Maisonette,1988,806,645000.0,108 PASIR RIS ST 12,1.36747877864087,103.95701769761,510108,14.96529851270551,1.059153961768531,5.0
PASIR RIS,EXECUTIVE,240,PASIR RIS ST 21,13 TO 15,147.0,Apartment,1993,865,548000.0,240 PASIR RIS ST 21,1.37336872347599,103.962796974808,510240,15.875974901615002,1.502511490090218,14.0
PASIR RIS,EXECUTIVE,220,PASIR RIS ST 21,07 TO 09,148.0,Apartment,1993,865,588888.0,220 PASIR RIS ST 21,1.36987234164767,103.961582597621,510220,15.528689607902072,1.4118183154102362,8.0
PASIR RIS,EXECUTIVE,236,PASIR RIS ST 21,13 TO 15,146.0,Apartment,1993,865,595000.0,236 PASIR RIS ST 21,1.37447033709723,103.962580230162,510236,15.934338376688983,1.4864758509969742,14.0
PASIR RIS,EXECUTIVE,224,PASIR RIS ST 21,07 TO 09,149.0,Apartment,1993,864,620000.0,224 PASIR RIS ST 21,1.37062192913962,103.961110522182,510224,15.538953398969165,1.3418918352205906,8.0
PASIR RIS,EXECUTIVE,208,PASIR RIS ST 21,07 TO 09,147.0,Apartment,1993,866,560000.0,208 PASIR RIS ST 21,1.36624948871012,103.961918466487,510208,15.31390886069533,1.3807448109167677,8.0
PASIR RIS,EXECUTIVE,269,PASIR RIS ST 21,04 TO 06,145.0,Apartment,1994,879,520000.0,269 PASIR RIS ST 21,1.36530053988312,103.963750539844,510269,15.415441683417962,1.4327797851487052,5.0
PASIR RIS,EXECUTIVE,506,PASIR RIS ST 52,13 TO 15,146.0,Apartment,1993,867,680000.0,506 PASIR RIS ST 52,1.37698794094569,103.944846221514,510506,14.656732493796504,0.6601719797239105,14.0
PASIR RIS,EXECUTIVE,779,PASIR RIS ST 71,04 TO 06,143.0,Apartment,1996,902,615000.0,779 PASIR RIS ST 71,1.37395444804941,103.938066568404,510779,13.888038075636352,1.2511400568535678,5.0
PUNGGOL,2 ROOM,672A,EDGEFIELD PLAINS,10 TO 12,44.0,Model A,2015,1134,230000.0,672A EDGEFIELD PLAINS,1.40641415134174,103.912620387754,821672,15.223295721072699,0.45910816134806315,11.0
PUNGGOL,2 ROOM,672A,EDGEFIELD PLAINS,04 TO 06,44.0,Model A,2015,1133,230000.0,672A EDGEFIELD PLAINS,1.40641415134174,103.912620387754,821672,15.223295721072699,0.45910816134806315,5.0
PUNGGOL,2 ROOM,672B,EDGEFIELD PLAINS,10 TO 12,44.0,Model A,2015,1133,235000.0,672B EDGEFIELD PLAINS,1.40665275009356,103.912312507427,822672,15.231821388710465,0.44141176099722895,11.0
PUNGGOL,2 ROOM,672C,EDGEFIELD PLAINS,07 TO 09,44.0,Model A,2015,1133,255000.0,672C EDGEFIELD PLAINS,1.40743702403924,103.911196464451,823672,15.255643011886143,0.3782069194513552,8.0
PUNGGOL,2 ROOM,623A,PUNGGOL CTRL,04 TO 06,46.0,Model A,2014,1114,233000.0,623A PUNGGOL CTRL,1.39988482536912,103.91189638413,821623,14.539858647604547,0.2825969353972192,5.0
PUNGGOL,2 ROOM,623B,PUNGGOL CTRL,13 TO 15,46.0,Model A,2014,1114,253000.0,623B PUNGGOL CTRL,1.39935935540286,103.911836712507,822623,14.484983997172668,0.3402271559325888,14.0
PUNGGOL,2 ROOM,623B,PUNGGOL CTRL,07 TO 09,47.0,Model A,2014,1113,255000.0,623B PUNGGOL CTRL,1.39935935540286,103.911836712507,822623,14.484983997172668,0.3402271559325888,8.0
PUNGGOL,2 ROOM,210C,PUNGGOL PL,04 TO 06,46.0,Model A,2014,1122,240000.0,210C PUNGGOL PL,1.39965440414761,103.899915641085,823210,13.951250517070488,0.5774874848994551,5.0
PUNGGOL,2 ROOM,209C,PUNGGOL PL,01 TO 03,46.0,Model A,2014,1121,246000.0,209C PUNGGOL PL,1.39930949012592,103.900792344556,823209,13.953857008514637,0.5366006652820452,2.0
PUNGGOL,2 ROOM,209C,PUNGGOL PL,04 TO 06,46.0,Model A,2014,1121,250000.0,209C PUNGGOL PL,1.39930949012592,103.900792344556,823209,13.953857008514637,0.5366006652820452,5.0
PUNGGOL,2 ROOM,210C,PUNGGOL PL,13 TO 15,46.0,Model A,2014,1121,230000.0,210C PUNGGOL PL,1.39965440414761,103.899915641085,823210,13.951250517070488,0.5774874848994551,14.0
PUNGGOL,3 ROOM,672A,EDGEFIELD PLAINS,16 TO 18,65.0,Model A,2015,1133,325000.0,672A EDGEFIELD PLAINS,1.40641415134174,103.912620387754,821672,15.223295721072699,0.45910816134806315,17.0
PUNGGOL,3 ROOM,672A,EDGEFIELD PLAINS,01 TO 03,65.0,Model A,2015,1134,303000.0,672A EDGEFIELD PLAINS,1.40641415134174,103.912620387754,821672,15.223295721072699,0.45910816134806315,2.0
PUNGGOL,3 ROOM,670A,EDGEFIELD PLAINS,04 TO 06,68.0,Premium Apartment,2016,1139,350000.0,670A EDGEFIELD PLAINS,1.40538341177792,103.912960755392,821670,15.137857876584297,0.34531719778965336,5.0
PUNGGOL,3 ROOM,672B,EDGEFIELD PLAINS,10 TO 12,65.0,Model A,2015,1133,375000.0,672B EDGEFIELD PLAINS,1.40665275009356,103.912312507427,822672,15.231821388710465,0.44141176099722895,11.0
PUNGGOL,3 ROOM,673A,EDGEFIELD PLAINS,01 TO 03,65.0,Model A,2015,1133,315000.0,673A EDGEFIELD PLAINS,1.40667672210889,103.911613297113,821673,15.199878255658263,0.37100125862345185,2.0
PUNGGOL,3 ROOM,673A,EDGEFIELD PLAINS,10 TO 12,65.0,Model A,2015,1133,358888.0,673A EDGEFIELD PLAINS,1.40667672210889,103.911613297113,821673,15.199878255658263,0.37100125862345185,11.0
PUNGGOL,3 ROOM,672A,EDGEFIELD PLAINS,10 TO 12,65.0,Model A,2015,1133,365000.0,672A EDGEFIELD PLAINS,1.40641415134174,103.912620387754,821672,15.223295721072699,0.45910816134806315,11.0
PUNGGOL,3 ROOM,602B,PUNGGOL CTRL,13 TO 15,70.0,Model A,2012,1093,342000.0,602B PUNGGOL CTRL,1.40301276677721,103.906863540581,822602,14.604803592832932,0.3137862187486573,14.0
PUNGGOL,3 ROOM,601B,PUNGGOL CTRL,10 TO 12,70.0,Model A,2012,1093,355000.0,601B PUNGGOL CTRL,1.40214702207143,103.907831931777,822601,14.563521959671677,0.3539008749205656,11.0
PUNGGOL,3 ROOM,622C,PUNGGOL CTRL,10 TO 12,69.0,Model A,2014,1113,330000.0,622C PUNGGOL CTRL,1.4006620149821,103.910914385755,823622,14.566747204098332,0.2706499866474115,11.0
PUNGGOL,3 ROOM,663A,PUNGGOL DR,04 TO 06,65.0,Model A,2016,1140,330000.0,663A PUNGGOL DR,1.40024347553794,103.917080046799,821663,14.84949280014557,0.09909732602066765,5.0
PUNGGOL,3 ROOM,665C,PUNGGOL DR,16 TO 18,68.0,Premium Apartment,2016,1136,395000.0,665C PUNGGOL DR,1.40149164608042,103.914459128885,823665,14.830864559746292,0.2118348633662123,17.0
PUNGGOL,3 ROOM,663A,PUNGGOL DR,13 TO 15,65.0,Model A,2016,1142,370000.0,663A PUNGGOL DR,1.40024347553794,103.917080046799,821663,14.84949280014557,0.09909732602066765,14.0
PUNGGOL,3 ROOM,613B,PUNGGOL DR,07 TO 09,68.0,Model A,2012,1098,348888.0,613B PUNGGOL DR,1.40427710253969,103.90827778637,822613,14.798782742436485,0.11248332606588199,8.0
PUNGGOL,3 ROOM,667A,PUNGGOL DR,04 TO 06,68.0,Premium Apartment,2016,1135,375000.0,667A PUNGGOL DR,1.40260030998864,103.913971396177,821667,14.914341732291756,0.1426191108371176,5.0
PUNGGOL,3 ROOM,664A,PUNGGOL DR,04 TO 06,65.0,Model A,2016,1139,342888.0,664A PUNGGOL DR,1.39943218267508,103.917510729317,821664,14.794655799690013,0.10437234616667279,5.0
PUNGGOL,3 ROOM,665C,PUNGGOL DR,13 TO 15,68.0,Premium Apartment,2016,1135,379000.0,665C PUNGGOL DR,1.40149164608042,103.914459128885,823665,14.830864559746292,0.2118348633662123,14.0
PUNGGOL,3 ROOM,663A,PUNGGOL DR,01 TO 03,65.0,Model A,2016,1139,325000.0,663A PUNGGOL DR,1.40024347553794,103.917080046799,821663,14.84949280014557,0.09909732602066765,2.0
PUNGGOL,3 ROOM,663A,PUNGGOL DR,04 TO 06,65.0,Model A,2016,1139,335000.0,663A PUNGGOL DR,1.40024347553794,103.917080046799,821663,14.84949280014557,0.09909732602066765,5.0
PUNGGOL,3 ROOM,258B,PUNGGOL FIELD,04 TO 06,68.0,Model A,2016,1140,325000.0,258B PUNGGOL FIELD,1.40368230786817,103.896461412296,822258,14.226093686247523,0.17711569384290618,5.0
PUNGGOL,3 ROOM,259B,PUNGGOL FIELD,04 TO 06,68.0,Model A,2016,1139,325000.0,259B PUNGGOL FIELD,1.40387830838582,103.895238808655,822259,14.199389626873115,0.2571141042639113,5.0
PUNGGOL,3 ROOM,308A,PUNGGOL WALK,07 TO 09,67.0,Premium Apartment,2016,1137,435000.0,308A PUNGGOL WALK,1.40776143065745,103.900998963843,821308,14.83127288312597,0.28196116814767475,8.0
PUNGGOL,3 ROOM,308A,PUNGGOL WALK,04 TO 06,67.0,Premium Apartment,2016,1137,380000.0,308A PUNGGOL WALK,1.40776143065745,103.900998963843,821308,14.83127288312597,0.28196116814767475,5.0
PUNGGOL,3 ROOM,308A,PUNGGOL WALK,07 TO 09,67.0,Premium Apartment,2016,1137,375000.0,308A PUNGGOL WALK,1.40776143065745,103.900998963843,821308,14.83127288312597,0.28196116814767475,8.0
PUNGGOL,3 ROOM,310C,PUNGGOL WALK,10 TO 12,67.0,Premium Apartment,2016,1139,420000.0,310C PUNGGOL WALK,1.40971096118277,103.899898384977,823310,14.988443674801841,0.20437618515131226,11.0
PUNGGOL,3 ROOM,308B,PUNGGOL WALK,13 TO 15,67.0,Premium Apartment,2016,1136,396000.0,308B PUNGGOL WALK,1.40776678175669,103.89887868051,822308,14.746006863548251,0.08414088892990491,14.0
PUNGGOL,3 ROOM,266C,PUNGGOL WAY,10 TO 12,67.0,Model A,2015,1127,365000.0,266C PUNGGOL WAY,1.40515419785373,103.897805221585,823266,14.432044625382925,0.06660541695483595,11.0
PUNGGOL,3 ROOM,312A,SUMANG LINK,13 TO 15,68.0,Model A,2015,1127,371888.0,312A SUMANG LINK,1.41081926900094,103.900371677782,821312,15.122354759142343,0.11706375541821147,14.0
PUNGGOL,3 ROOM,313A,SUMANG LINK,13 TO 15,68.0,Model A,2015,1127,370000.0,313A SUMANG LINK,1.4098518409694,103.901995283996,821313,15.088225649099355,0.2920942873763834,14.0
PUNGGOL,4 ROOM,130,EDGEDALE PLAINS,07 TO 09,91.0,Premium Apartment,2003,989,357000.0,130 EDGEDALE PLAINS,1.39317299390016,103.910055332313,820130,13.784333301071019,0.2924348433217918,8.0
PUNGGOL,4 ROOM,135,EDGEDALE PLAINS,07 TO 09,91.0,Premium Apartment,2003,989,355000.0,135 EDGEDALE PLAINS,1.39209206159846,103.910022480355,820135,13.67676556804955,0.3488668763227309,8.0
PUNGGOL,4 ROOM,172C,EDGEDALE PLAINS,04 TO 06,85.0,Model A,2004,994,355000.0,172C EDGEDALE PLAINS,1.39544457659291,103.912465385663,823172,14.133980973980432,0.17120503224787498,5.0
PUNGGOL,4 ROOM,132,EDGEDALE PLAINS,04 TO 06,91.0,Premium Apartment,2003,989,350000.0,132 EDGEDALE PLAINS,1.3930694988303,103.910698497279,820132,13.80812149009363,0.2291348676233186,5.0
PUNGGOL,4 ROOM,670A,EDGEFIELD PLAINS,13 TO 15,93.0,Premium Apartment,2016,1140,495000.0,670A EDGEFIELD PLAINS,1.40538341177792,103.912960755392,821670,15.137857876584297,0.34531719778965336,14.0
PUNGGOL,4 ROOM,670C,EDGEFIELD PLAINS,04 TO 06,93.0,Premium Apartment,2016,1140,470000.0,670C EDGEFIELD PLAINS,1.40534285786675,103.913933278721,823670,15.182947227642106,0.3653157864391175,5.0
PUNGGOL,4 ROOM,615A,EDGEFIELD PLAINS,01 TO 03,92.0,Model A,2012,1098,368000.0,615A EDGEFIELD PLAINS,1.40386056428575,103.909541012348,821615,14.817508120992441,0.1849630625289729,2.0
PUNGGOL,4 ROOM,670A,EDGEFIELD PLAINS,13 TO 15,93.0,Premium Apartment,2016,1140,485000.0,670A EDGEFIELD PLAINS,1.40538341177792,103.912960755392,821670,15.137857876584297,0.34531719778965336,14.0
PUNGGOL,4 ROOM,673A,EDGEFIELD PLAINS,07 TO 09,90.0,Model A,2015,1134,430000.0,673A EDGEFIELD PLAINS,1.40667672210889,103.911613297113,821673,15.199878255658263,0.37100125862345185,8.0
PUNGGOL,4 ROOM,671A,EDGEFIELD PLAINS,07 TO 09,90.0,Model A,2015,1134,415000.0,671A EDGEFIELD PLAINS,1.40605924173081,103.912020670376,821671,15.158284138382836,0.3907575566909379,8.0
PUNGGOL,4 ROOM,668B,EDGEFIELD PLAINS,10 TO 12,93.0,Premium Apartment,2016,1140,475000.0,668B EDGEFIELD PLAINS,1.40478291873635,103.912978515395,822668,15.079198948503612,0.2789699564539121,11.0
PUNGGOL,4 ROOM,670C,EDGEFIELD PLAINS,16 TO 18,93.0,Premium Apartment,2016,1139,476888.0,670C EDGEFIELD PLAINS,1.40534285786675,103.913933278721,823670,15.182947227642106,0.3653157864391175,17.0
PUNGGOL,4 ROOM,673A,EDGEFIELD PLAINS,07 TO 09,90.0,Model A,2015,1134,433000.0,673A EDGEFIELD PLAINS,1.40667672210889,103.911613297113,821673,15.199878255658263,0.37100125862345185,8.0
PUNGGOL,4 ROOM,672D,EDGEFIELD PLAINS,16 TO 18,90.0,Model A,2015,1133,452800.0,672D EDGEFIELD PLAINS,1.40759031189113,103.910923572748,824672,15.257834293885288,0.36757545904859484,17.0
PUNGGOL,4 ROOM,671A,EDGEFIELD PLAINS,04 TO 06,90.0,Model A,2015,1133,430000.0,671A EDGEFIELD PLAINS,1.40605924173081,103.912020670376,821671,15.158284138382836,0.3907575566909379,5.0
PUNGGOL,4 ROOM,614B,EDGEFIELD PLAINS,07 TO 09,92.0,Model A,2012,1097,460000.0,614B EDGEFIELD PLAINS,1.40290323653965,103.910057537905,822614,14.747008715703197,0.3045970452487439,8.0
PUNGGOL,4 ROOM,671A,EDGEFIELD PLAINS,04 TO 06,90.0,Model A,2015,1133,405000.0,671A EDGEFIELD PLAINS,1.40605924173081,103.912020670376,821671,15.158284138382836,0.3907575566909379,5.0
PUNGGOL,4 ROOM,672D,EDGEFIELD PLAINS,01 TO 03,90.0,Model A,2015,1133,390000.0,672D EDGEFIELD PLAINS,1.40759031189113,103.910923572748,824672,15.257834293885288,0.36757545904859484,2.0
PUNGGOL,4 ROOM,672D,EDGEFIELD PLAINS,10 TO 12,90.0,Model A,2015,1133,430000.0,672D EDGEFIELD PLAINS,1.40759031189113,103.910923572748,824672,15.257834293885288,0.36757545904859484,11.0
PUNGGOL,4 ROOM,670B,EDGEFIELD PLAINS,04 TO 06,93.0,Premium Apartment,2016,1139,425000.0,670B EDGEFIELD PLAINS,1.40532418039845,103.913280733404,822670,15.148074471756008,0.3433109223390997,5.0
PUNGGOL,4 ROOM,671A,EDGEFIELD PLAINS,01 TO 03,90.0,Model A,2015,1133,400000.0,671A EDGEFIELD PLAINS,1.40605924173081,103.912020670376,821671,15.158284138382836,0.3907575566909379,2.0
PUNGGOL,4 ROOM,671A,EDGEFIELD PLAINS,04 TO 06,90.0,Model A,2015,1133,430000.0,671A EDGEFIELD PLAINS,1.40605924173081,103.912020670376,821671,15.158284138382836,0.3907575566909379,5.0
PUNGGOL,4 ROOM,622C,PUNGGOL CTRL,04 TO 06,95.0,Model A,2014,1114,395000.0,622C PUNGGOL CTRL,1.4006620149821,103.910914385755,823622,14.566747204098332,0.2706499866474115,5.0
PUNGGOL,4 ROOM,165A,PUNGGOL CTRL,01 TO 03,95.0,Premium Apartment,2004,995,365000.0,165A PUNGGOL CTRL,1.39499896632261,103.914754330362,821165,14.214653833371887,0.1655617130971895,2.0
PUNGGOL,4 ROOM,623A,PUNGGOL CTRL,01 TO 03,94.0,Model A,2014,1114,425000.0,623A PUNGGOL CTRL,1.39988482536912,103.91189638413,821623,14.539858647604547,0.2825969353972192,2.0
PUNGGOL,4 ROOM,602B,PUNGGOL CTRL,07 TO 09,93.0,Model A,2012,1093,461000.0,602B PUNGGOL CTRL,1.40301276677721,103.906863540581,822602,14.604803592832932,0.3137862187486573,8.0
PUNGGOL,4 ROOM,602A,PUNGGOL CTRL,13 TO 15,94.0,Model A,2012,1092,462000.0,602A PUNGGOL CTRL,1.40348053779097,103.907117403756,821602,14.663865904009896,0.2556237872637593,14.0
PUNGGOL,4 ROOM,297,PUNGGOL CTRL,04 TO 06,94.0,Premium Apartment,2003,987,399000.0,297 PUNGGOL CTRL,1.40219121316972,103.905451936385,820297,14.456205378551983,0.3284217175020092,5.0
PUNGGOL,4 ROOM,623C,PUNGGOL CTRL,04 TO 06,94.0,Model A,2014,1113,435000.0,623C PUNGGOL CTRL,1.39963286520916,103.911458504685,823623,14.492562492751325,0.32706699849354737,5.0
PUNGGOL,4 ROOM,623A,PUNGGOL CTRL,13 TO 15,95.0,Model A,2014,1114,430000.0,623A PUNGGOL CTRL,1.39988482536912,103.91189638413,821623,14.539858647604547,0.2825969353972192,14.0
PUNGGOL,4 ROOM,622C,PUNGGOL CTRL,13 TO 15,94.0,Model A,2014,1113,465888.0,622C PUNGGOL CTRL,1.4006620149821,103.910914385755,823622,14.566747204098332,0.2706499866474115,14.0
PUNGGOL,4 ROOM,663C,PUNGGOL DR,16 TO 18,90.0,Model A,2016,1140,477000.0,663C PUNGGOL DR,1.40036549350585,103.91763192338,823663,14.891504901394836,0.15123663166923929,17.0
PUNGGOL,4 ROOM,613D,PUNGGOL DR,01 TO 03,93.0,Model A,2012,1098,390000.0,613D PUNGGOL DR,1.40382435066928,103.908909336084,824613,14.783434601822172,0.16048020582756012,2.0
PUNGGOL,4 ROOM,665C,PUNGGOL DR,10 TO 12,93.0,Premium Apartment,2016,1136,503000.0,665C PUNGGOL DR,1.40149164608042,103.914459128885,823665,14.830864559746292,0.2118348633662123,11.0
PUNGGOL,4 ROOM,612B,PUNGGOL DR,04 TO 06,93.0,Model A,2012,1098,430000.0,612B PUNGGOL DR,1.40493858379942,103.908157161266,822612,14.85965517204902,0.05955972329498701,5.0
PUNGGOL,4 ROOM,664B,PUNGGOL DR,16 TO 18,90.0,Model A,2016,1140,473800.0,664B PUNGGOL DR,1.40006476990517,103.91785153697,822664,14.874525001932872,0.15477352439118716,17.0
PUNGGOL,4 ROOM,612D,PUNGGOL DR,07 TO 09,93.0,Model A,2012,1098,435000.0,612D PUNGGOL DR,1.40472652611435,103.907623552659,824612,14.813220915941809,0.12272740628807513,8.0
PUNGGOL,4 ROOM,618B,PUNGGOL DR,04 TO 06,93.0,Premium Apartment,2013,1107,435000.0,618B PUNGGOL DR,1.40146581977448,103.9121219516,822618,14.707488549495901,0.1134026084179761,5.0
PUNGGOL,4 ROOM,679B,PUNGGOL DR,13 TO 15,93.0,Premium Apartment,2016,1143,518000.0,679B PUNGGOL DR,1.40631693046248,103.908463046017,822679,15.012922891496254,0.12133276638692905,14.0
PUNGGOL,4 ROOM,663C,PUNGGOL DR,04 TO 06,90.0,Model A,2016,1140,460000.0,663C PUNGGOL DR,1.40036549350585,103.91763192338,823663,14.891504901394836,0.15123663166923929,5.0
PUNGGOL,4 ROOM,618B,PUNGGOL DR,04 TO 06,93.0,Premium Apartment,2013,1107,427000.0,618B PUNGGOL DR,1.40146581977448,103.9121219516,822618,14.707488549495901,0.1134026084179761,5.0
PUNGGOL,4 ROOM,665B,PUNGGOL DR,07 TO 09,93.0,Premium Apartment,2016,1135,505000.0,665B PUNGGOL DR,1.40204057235273,103.914141095483,822665,14.86811513709463,0.15951842618512224,8.0
PUNGGOL,4 ROOM,665A,PUNGGOL DR,07 TO 09,93.0,Premium Apartment,2016,1135,490000.0,665A PUNGGOL DR,1.4022827275187,103.913637732874,821665,14.865828262137276,0.10119992616647633,8.0
PUNGGOL,4 ROOM,664A,PUNGGOL DR,13 TO 15,90.0,Model A,2016,1139,462000.0,664A PUNGGOL DR,1.39943218267508,103.917510729317,821664,14.794655799690013,0.10437234616667279,14.0
PUNGGOL,4 ROOM,613B,PUNGGOL DR,04 TO 06,93.0,Model A,2012,1097,400000.0,613B PUNGGOL DR,1.40427710253969,103.90827778637,822613,14.798782742436485,0.11248332606588199,5.0
PUNGGOL,4 ROOM,635B,PUNGGOL DR,04 TO 06,90.0,Premium Apartment,2007,1037,426000.0,635B PUNGGOL DR,1.40079994425428,103.913980942913,822635,14.737972659469404,0.2162138307661419,5.0
PUNGGOL,4 ROOM,665A,PUNGGOL DR,13 TO 15,93.0,Premium Apartment,2016,1135,488000.0,665A PUNGGOL DR,1.4022827275187,103.913637732874,821665,14.865828262137276,0.10119992616647633,14.0
PUNGGOL,4 ROOM,679C,PUNGGOL DR,10 TO 12,93.0,Premium Apartment,2016,1142,491000.0,679C PUNGGOL DR,1.40641380778331,103.908805683601,823679,15.038785369503605,0.13300744140323095,11.0
PUNGGOL,4 ROOM,664A,PUNGGOL DR,10 TO 12,90.0,Model A,2016,1139,455000.0,664A PUNGGOL DR,1.39943218267508,103.917510729317,821664,14.794655799690013,0.10437234616667279,11.0
PUNGGOL,4 ROOM,664A,PUNGGOL DR,13 TO 15,90.0,Model A,2016,1139,485000.0,664A PUNGGOL DR,1.39943218267508,103.917510729317,821664,14.794655799690013,0.10437234616667279,14.0
PUNGGOL,4 ROOM,613C,PUNGGOL DR,01 TO 03,93.0,Model A,2012,1097,420000.0,613C PUNGGOL DR,1.40398321711595,103.908663894394,823613,14.787625591197905,0.13933528465411993,2.0
PUNGGOL,4 ROOM,679A,PUNGGOL DR,04 TO 06,93.0,Premium Apartment,2016,1142,455000.0,679A PUNGGOL DR,1.40591156262743,103.908288150968,821679,14.963853627899267,0.08301515726151393,5.0
PUNGGOL,4 ROOM,679A,PUNGGOL DR,07 TO 09,93.0,Premium Apartment,2016,1142,500000.0,679A PUNGGOL DR,1.40591156262743,103.908288150968,821679,14.963853627899267,0.08301515726151393,8.0
PUNGGOL,4 ROOM,306D,PUNGGOL DR,07 TO 09,93.0,Premium Apartment,2012,1092,505000.0,306D PUNGGOL DR,1.40608143462906,103.906438377943,824306,14.895499179081089,0.2584379645112828,8.0
PUNGGOL,4 ROOM,633B,PUNGGOL DR,04 TO 06,90.0,Premium Apartment,2007,1037,400000.0,633B PUNGGOL DR,1.40122179000773,103.913397046937,822633,14.748967449602237,0.13986725858975396,5.0
PUNGGOL,4 ROOM,167C,PUNGGOL EAST,16 TO 18,92.0,Premium Apartment,2009,1053,440000.0,167C PUNGGOL EAST,1.39438896172643,103.914752389752,823167,14.15563783636744,0.15786729910406277,17.0
PUNGGOL,4 ROOM,168A,PUNGGOL EAST,07 TO 09,92.0,Premium Apartment,2009,1052,410000.0,168A PUNGGOL EAST,1.39458916861034,103.914238786983,821168,14.146728851349723,0.19920448963986523,8.0
PUNGGOL,4 ROOM,173B,PUNGGOL FIELD,04 TO 06,90.0,Model A,2003,990,350000.0,173B PUNGGOL FIELD,1.3965502672863,103.910063026454,822173,14.11686641324025,0.13007896325263008,5.0
PUNGGOL,4 ROOM,268C,PUNGGOL FIELD,04 TO 06,93.0,Premium Apartment,2013,1099,472000.0,268C PUNGGOL FIELD,1.40347414894291,103.897938437602,823268,14.263027878996898,0.19695053319790606,5.0
PUNGGOL,4 ROOM,270A,PUNGGOL FIELD,13 TO 15,97.0,Premium Apartment,2013,1099,543000.0,270A PUNGGOL FIELD,1.40397950121026,103.899454945441,821270,14.377077257851605,0.2783959750888232,14.0
PUNGGOL,4 ROOM,259A,PUNGGOL FIELD,10 TO 12,93.0,Model A,2016,1140,482000.0,259A PUNGGOL FIELD,1.40382339950391,103.895547769394,821259,14.205455371052055,0.23220530563498004,11.0
PUNGGOL,4 ROOM,102D,PUNGGOL FIELD,04 TO 06,90.0,Model A,2002,977,350000.0,102D PUNGGOL FIELD,1.39848070795436,103.905249752459,824102,14.072283956615363,0.11918931421214529,5.0
PUNGGOL,4 ROOM,173A,PUNGGOL FIELD,16 TO 18,85.0,Model A,2003,989,379000.0,173A PUNGGOL FIELD,1.39701308622338,103.909354092412,821173,14.126497534040517,0.046279817625897224,17.0
PUNGGOL,4 ROOM,259A,PUNGGOL FIELD,10 TO 12,93.0,Model A,2016,1139,480000.0,259A PUNGGOL FIELD,1.40382339950391,103.895547769394,821259,14.205455371052055,0.23220530563498004,11.0
PUNGGOL,4 ROOM,268C,PUNGGOL FIELD,13 TO 15,97.0,Premium Apartment,2013,1099,520000.0,268C PUNGGOL FIELD,1.40347414894291,103.897938437602,823268,14.263027878996898,0.19695053319790606,14.0
PUNGGOL,4 ROOM,258A,PUNGGOL FIELD,01 TO 03,93.0,Model A,2016,1139,438000.0,258A PUNGGOL FIELD,1.40379930905886,103.895988121768,821258,14.219891367615716,0.19745999096036895,2.0
PUNGGOL,4 ROOM,106B,PUNGGOL FIELD,10 TO 12,90.0,Model A,2003,979,370000.0,106B PUNGGOL FIELD,1.39709453228144,103.907955363138,822106,14.064494523524992,0.11243586477830028,11.0
PUNGGOL,4 ROOM,259C,PUNGGOL FIELD,10 TO 12,93.0,Model A,2016,1139,468000.0,259C PUNGGOL FIELD,1.40453408581455,103.895665532043,823259,14.28415702193916,0.18238464207926908,11.0
PUNGGOL,4 ROOM,258B,PUNGGOL FIELD,16 TO 18,93.0,Model A,2016,1139,480000.0,258B PUNGGOL FIELD,1.40368230786817,103.896461412296,822258,14.226093686247523,0.17711569384290618,17.0
PUNGGOL,4 ROOM,269B,PUNGGOL FIELD,13 TO 15,93.0,Premium Apartment,2013,1098,505000.0,269B PUNGGOL FIELD,1.40344393233163,103.898666456376,822269,14.28939272794111,0.24427205044058728,14.0
PUNGGOL,4 ROOM,168D,PUNGGOL FIELD,16 TO 18,92.0,Model A,2014,1113,435000.0,168D PUNGGOL FIELD,1.39374676309818,103.914001608784,824168,14.052253603564088,0.15896368596275579,17.0
PUNGGOL,4 ROOM,269C,PUNGGOL FIELD,07 TO 09,97.0,Premium Apartment,2013,1098,535000.0,269C PUNGGOL FIELD,1.40365203255171,103.898531601376,823269,14.305435194593677,0.21704920006915035,8.0
PUNGGOL,4 ROOM,289A,PUNGGOL PL,01 TO 03,96.0,Premium Apartment,2013,1100,490000.0,289A PUNGGOL PL,1.40157247042169,103.902619076474,821289,14.265288299771273,0.3362543200478224,2.0
PUNGGOL,4 ROOM,273C,PUNGGOL PL,10 TO 12,93.0,Premium Apartment,2013,1104,525000.0,273C PUNGGOL PL,1.40230301367166,103.901262391698,823273,14.28073975434349,0.26524962563762366,11.0
PUNGGOL,4 ROOM,208A,PUNGGOL PL,13 TO 15,92.0,Model A,2014,1115,481888.0,208A PUNGGOL PL,1.40146324574732,103.900761051711,821208,14.173072469602806,0.3725791535875086,14.0
PUNGGOL,4 ROOM,302B,PUNGGOL PL,01 TO 03,93.0,Premium Apartment,2011,1076,390000.0,302B PUNGGOL PL,1.40437493103842,103.904784032402,822302,14.647302886586118,0.2789994956336597,2.0
PUNGGOL,4 ROOM,302C,PUNGGOL PL,13 TO 15,93.0,Premium Apartment,2011,1076,510000.0,302C PUNGGOL PL,1.40472047410992,103.904967908234,823302,14.69070980266955,0.2889802051829,14.0
PUNGGOL,4 ROOM,195D,PUNGGOL RD,07 TO 09,90.0,Premium Apartment,2007,1034,412000.0,195D PUNGGOL RD,1.40136794497508,103.907095963037,824195,14.450178017815515,0.2639904347423912,8.0
PUNGGOL,4 ROOM,195E,PUNGGOL RD,10 TO 12,90.0,Premium Apartment,2007,1034,410000.0,195E PUNGGOL RD,1.40171799238214,103.907177256788,825195,14.489229206243206,0.3026920090358637,11.0
PUNGGOL,4 ROOM,603B,PUNGGOL RD,07 TO 09,93.0,Model A,2012,1094,430000.0,603B PUNGGOL RD,1.40314294041732,103.908316260563,822603,14.686652893159728,0.23479013619583686,8.0
PUNGGOL,4 ROOM,211B,PUNGGOL WALK,01 TO 03,92.0,Model A,2014,1114,395000.0,211B PUNGGOL WALK,1.40116989540271,103.899920878173,822211,14.107092208369586,0.44520054977700496,2.0
PUNGGOL,4 ROOM,308C,PUNGGOL WALK,16 TO 18,92.0,Premium Apartment,2016,1137,540000.0,308C PUNGGOL WALK,1.40800694944027,103.899074357998,823308,14.778723891022674,0.07577958628781022,17.0
PUNGGOL,4 ROOM,272B,PUNGGOL WALK,10 TO 12,93.0,Premium Apartment,2014,1114,520000.0,272B PUNGGOL WALK,1.40329566781155,103.900235418859,822272,14.33904164545784,0.24710552795865257,11.0
PUNGGOL,4 ROOM,308C,PUNGGOL WALK,13 TO 15,92.0,Premium Apartment,2016,1139,510000.0,308C PUNGGOL WALK,1.40800694944027,103.899074357998,823308,14.778723891022674,0.07577958628781022,14.0
PUNGGOL,4 ROOM,213A,PUNGGOL WALK,10 TO 12,93.0,Model A,2015,1126,421888.0,213A PUNGGOL WALK,1.40030900317851,103.898075134619,821213,13.941160505842996,0.5401031387745435,11.0
PUNGGOL,4 ROOM,308A,PUNGGOL WALK,04 TO 06,92.0,Premium Apartment,2016,1137,575000.0,308A PUNGGOL WALK,1.40776143065745,103.900998963843,821308,14.83127288312597,0.28196116814767475,5.0
PUNGGOL,4 ROOM,272C,PUNGGOL WALK,04 TO 06,93.0,Premium Apartment,2014,1113,485000.0,272C PUNGGOL WALK,1.40285706492636,103.900067172851,823272,14.286820022168724,0.2915436309545662,5.0
PUNGGOL,4 ROOM,308C,PUNGGOL WALK,01 TO 03,92.0,Premium Apartment,2016,1136,445000.0,308C PUNGGOL WALK,1.40800694944027,103.899074357998,823308,14.778723891022674,0.07577958628781022,2.0
PUNGGOL,4 ROOM,310A,PUNGGOL WALK,10 TO 12,92.0,Premium Apartment,2016,1139,540000.0,310A PUNGGOL WALK,1.40870088870466,103.901326604714,821310,14.941793543748114,0.3089490952645994,11.0
PUNGGOL,4 ROOM,310B,PUNGGOL WALK,04 TO 06,92.0,Premium Apartment,2016,1140,475000.0,310B PUNGGOL WALK,1.40932267495625,103.900801836373,822310,14.984594269666847,0.26749385504487505,5.0
PUNGGOL,4 ROOM,310C,PUNGGOL WALK,16 TO 18,92.0,Premium Apartment,2016,1139,528000.0,310C PUNGGOL WALK,1.40971096118277,103.899898384977,823310,14.988443674801841,0.20437618515131226,17.0
PUNGGOL,4 ROOM,272B,PUNGGOL WALK,04 TO 06,94.0,Premium Apartment,2014,1113,468000.0,272B PUNGGOL WALK,1.40329566781155,103.900235418859,822272,14.33904164545784,0.24710552795865257,5.0
PUNGGOL,4 ROOM,213A,PUNGGOL WALK,10 TO 12,93.0,Model A,2015,1125,432000.0,213A PUNGGOL WALK,1.40030900317851,103.898075134619,821213,13.941160505842996,0.5401031387745435,11.0
PUNGGOL,4 ROOM,308C,PUNGGOL WALK,10 TO 12,92.0,Premium Apartment,2016,1136,533000.0,308C PUNGGOL WALK,1.40800694944027,103.899074357998,823308,14.778723891022674,0.07577958628781022,11.0
PUNGGOL,4 ROOM,211C,PUNGGOL WALK,01 TO 03,92.0,Model A,2014,1113,405000.0,211C PUNGGOL WALK,1.40076049275572,103.899613559601,823211,14.051985028631403,0.5019686667455872,2.0
PUNGGOL,4 ROOM,211C,PUNGGOL WALK,13 TO 15,92.0,Model A,2014,1113,480000.0,211C PUNGGOL WALK,1.40076049275572,103.899613559601,823211,14.051985028631403,0.5019686667455872,14.0
PUNGGOL,4 ROOM,212A,PUNGGOL WALK,07 TO 09,93.0,Model A,2015,1125,438888.0,212A PUNGGOL WALK,1.39996056106688,103.898983585947,821212,13.943111091465894,0.6033448547262008,8.0
PUNGGOL,4 ROOM,308A,PUNGGOL WALK,10 TO 12,92.0,Premium Apartment,2016,1136,555000.0,308A PUNGGOL WALK,1.40776143065745,103.900998963843,821308,14.83127288312597,0.28196116814767475,11.0
PUNGGOL,4 ROOM,310B,PUNGGOL WALK,10 TO 12,92.0,Premium Apartment,2016,1139,540000.0,310B PUNGGOL WALK,1.40932267495625,103.900801836373,822310,14.984594269666847,0.26749385504487505,11.0
PUNGGOL,4 ROOM,266C,PUNGGOL WAY,04 TO 06,92.0,Model A,2015,1128,420000.0,266C PUNGGOL WAY,1.40515419785373,103.897805221585,823266,14.432044625382925,0.06660541695483595,5.0
PUNGGOL,4 ROOM,266B,PUNGGOL WAY,01 TO 03,92.0,Model A,2015,1128,430000.0,266B PUNGGOL WAY,1.40557473862472,103.897925654424,822266,14.48050658398313,0.09621410297120667,2.0
PUNGGOL,4 ROOM,260A,PUNGGOL WAY,07 TO 09,93.0,Model A,2016,1140,470000.0,260A PUNGGOL WAY,1.40479713792879,103.896616087907,821260,14.348221338568859,0.07351031510707395,8.0
PUNGGOL,4 ROOM,261C,PUNGGOL WAY,07 TO 09,93.0,Model A,2016,1139,480000.0,261C PUNGGOL WAY,1.40562302458525,103.896470406908,823261,14.428679397549464,0.10141181337659372,8.0
PUNGGOL,4 ROOM,260A,PUNGGOL WAY,13 TO 15,93.0,Model A,2016,1139,475000.0,260A PUNGGOL WAY,1.40479713792879,103.896616087907,821260,14.348221338568859,0.07351031510707395,14.0
PUNGGOL,4 ROOM,261B,PUNGGOL WAY,13 TO 15,93.0,Model A,2016,1139,478888.0,261B PUNGGOL WAY,1.40601534722271,103.896508270967,822261,14.471064147773873,0.12922195176840093,14.0
PUNGGOL,4 ROOM,260B,PUNGGOL WAY,10 TO 12,93.0,Model A,2016,1139,499000.0,260B PUNGGOL WAY,1.40488489257322,103.896351333072,822260,14.347109665610441,0.09806330892890643,11.0
PUNGGOL,4 ROOM,312C,SUMANG LINK,07 TO 09,92.0,Model A,2015,1128,478000.0,312C SUMANG LINK,1.41090728064356,103.901186089898,823312,15.164228589334382,0.14447247282120262,8.0
PUNGGOL,4 ROOM,313A,SUMANG LINK,04 TO 06,92.0,Model A,2015,1128,470000.0,313A SUMANG LINK,1.4098518409694,103.901995283996,821313,15.088225649099355,0.2920942873763834,5.0
PUNGGOL,4 ROOM,312C,SUMANG LINK,07 TO 09,92.0,Model A,2015,1127,486000.0,312C SUMANG LINK,1.41090728064356,103.901186089898,823312,15.164228589334382,0.14447247282120262,8.0
PUNGGOL,4 ROOM,313C,SUMANG LINK,04 TO 06,92.0,Model A,2015,1128,495000.0,313C SUMANG LINK,1.41062885103467,103.901551852458,823313,15.15028475729737,0.19493674524483534,5.0
PUNGGOL,5 ROOM,134,EDGEDALE PLAINS,07 TO 09,111.0,Premium Apartment,2003,988,370000.0,134 EDGEDALE PLAINS,1.39233540545797,103.91018078305,820134,13.708937727781066,0.3190703884409063,8.0
PUNGGOL,5 ROOM,109A,EDGEDALE PLAINS,10 TO 12,110.0,Improved,2003,981,420000.0,109A EDGEDALE PLAINS,1.39472186392182,103.909873807721,821109,13.926970064367525,0.2642942742856663,11.0
PUNGGOL,5 ROOM,126D,EDGEDALE PLAINS,16 TO 18,110.0,Improved,2003,980,450000.0,126D EDGEDALE PLAINS,1.39378388948021,103.910981491609,824126,13.892952589513953,0.17833388782623671,17.0
PUNGGOL,5 ROOM,126A,EDGEDALE PLAINS,04 TO 06,110.0,Improved,2003,980,380000.0,126A EDGEDALE PLAINS,1.39410054969153,103.911356165393,821126,13.943756988636808,0.13779118442059907,5.0
PUNGGOL,5 ROOM,178,EDGEFIELD PLAINS,04 TO 06,110.0,Premium Apartment,2003,989,400000.0,178 EDGEFIELD PLAINS,1.39940654439881,103.908430998774,820178,14.31831577458721,0.27481373152300476,5.0
PUNGGOL,5 ROOM,107A,EDGEFIELD PLAINS,04 TO 06,110.0,Improved,2003,980,425000.0,107A EDGEFIELD PLAINS,1.39719879396476,103.906825785664,821107,14.01933136242081,0.238298435326383,5.0
PUNGGOL,5 ROOM,669B,EDGEFIELD PLAINS,13 TO 15,113.0,Premium Apartment,2016,1139,668000.0,669B EDGEFIELD PLAINS,1.40453606912894,103.914012816111,822669,15.107279008631483,0.2880609523628597,14.0
PUNGGOL,5 ROOM,670B,EDGEFIELD PLAINS,01 TO 03,113.0,Premium Apartment,2016,1139,570000.0,670B EDGEFIELD PLAINS,1.40532418039845,103.913280733404,822670,15.148074471756008,0.3433109223390997,2.0
PUNGGOL,5 ROOM,669A,EDGEFIELD PLAINS,10 TO 12,112.0,Premium Apartment,2016,1139,610000.0,669A EDGEFIELD PLAINS,1.40490974914062,103.913969471596,821669,15.141974855914496,0.322703507688831,11.0
PUNGGOL,5 ROOM,184,EDGEFIELD PLAINS,04 TO 06,110.0,Premium Apartment,2003,988,425000.0,184 EDGEFIELD PLAINS,1.39851583178002,103.910140642146,820184,14.315079872802313,0.2220664593479617,5.0
PUNGGOL,5 ROOM,645,PUNGGOL CTRL,16 TO 18,110.0,Premium Apartment,2005,1003,480000.0,645 PUNGGOL CTRL,1.39777616974228,103.916277438,820645,14.566789829118452,0.19551221810293937,17.0
PUNGGOL,5 ROOM,295,PUNGGOL CTRL,16 TO 18,110.0,Premium Apartment,2003,988,500000.0,295 PUNGGOL CTRL,1.40188620786457,103.904917268878,820295,14.400744004148308,0.3119938379765763,17.0
PUNGGOL,5 ROOM,166B,PUNGGOL CTRL,07 TO 09,114.0,Premium Apartment,2004,994,470000.0,166B PUNGGOL CTRL,1.39457812551483,103.915235013308,822166,14.200588746946556,0.10366855147920126,8.0
PUNGGOL,5 ROOM,647,PUNGGOL CTRL,07 TO 09,110.0,Premium Apartment,2005,1002,440000.0,647 PUNGGOL CTRL,1.39806307135608,103.915453266532,820647,14.549543134373932,0.20347436869542634,8.0
PUNGGOL,5 ROOM,299,PUNGGOL CTRL,10 TO 12,110.0,Premium Apartment,2003,987,480000.0,299 PUNGGOL CTRL,1.40270615150902,103.905308204685,820299,14.50172512554543,0.3876229586484362,11.0
PUNGGOL,5 ROOM,647,PUNGGOL CTRL,16 TO 18,110.0,Premium Apartment,2005,1002,480000.0,647 PUNGGOL CTRL,1.39806307135608,103.915453266532,820647,14.549543134373932,0.20347436869542634,17.0
PUNGGOL,5 ROOM,663B,PUNGGOL DR,04 TO 06,110.0,Improved,2016,1140,613000.0,663B PUNGGOL DR,1.4007712264439,103.917348684837,822663,14.915278048853033,0.16459913352117406,5.0
PUNGGOL,5 ROOM,642A,PUNGGOL DR,01 TO 03,112.0,Premium Apartment,2005,1003,410000.0,642A PUNGGOL DR,1.39816276188602,103.916714233829,821642,14.628175141948233,0.1505057357904949,2.0
PUNGGOL,5 ROOM,679B,PUNGGOL DR,04 TO 06,113.0,Premium Apartment,2016,1143,618000.0,679B PUNGGOL DR,1.40631693046248,103.908463046017,822679,15.012922891496254,0.12133276638692905,5.0
PUNGGOL,5 ROOM,665A,PUNGGOL DR,13 TO 15,113.0,Premium Apartment,2016,1135,660000.0,665A PUNGGOL DR,1.4022827275187,103.913637732874,821665,14.865828262137276,0.10119992616647633,14.0
PUNGGOL,5 ROOM,665C,PUNGGOL DR,07 TO 09,113.0,Premium Apartment,2016,1135,645000.0,665C PUNGGOL DR,1.40149164608042,103.914459128885,823665,14.830864559746292,0.2118348633662123,8.0
PUNGGOL,5 ROOM,665A,PUNGGOL DR,10 TO 12,113.0,Premium Apartment,2016,1136,650000.0,665A PUNGGOL DR,1.4022827275187,103.913637732874,821665,14.865828262137276,0.10119992616647633,11.0
PUNGGOL,5 ROOM,663B,PUNGGOL DR,01 TO 03,110.0,Improved,2016,1139,560000.0,663B PUNGGOL DR,1.4007712264439,103.917348684837,822663,14.915278048853033,0.16459913352117406,2.0
PUNGGOL,5 ROOM,666B,PUNGGOL DR,10 TO 12,113.0,Premium Apartment,2016,1135,650000.0,666B PUNGGOL DR,1.40179672508929,103.915278092564,822666,14.90387356249982,0.2887305384863151,11.0
PUNGGOL,5 ROOM,664B,PUNGGOL DR,04 TO 06,110.0,Improved,2016,1139,599000.0,664B PUNGGOL DR,1.40006476990517,103.91785153697,822664,14.874525001932872,0.15477352439118716,5.0
PUNGGOL,5 ROOM,663B,PUNGGOL DR,07 TO 09,110.0,Improved,2016,1139,592000.0,663B PUNGGOL DR,1.4007712264439,103.917348684837,822663,14.915278048853033,0.16459913352117406,8.0
PUNGGOL,5 ROOM,664A,PUNGGOL DR,07 TO 09,110.0,Improved,2016,1139,585000.0,664A PUNGGOL DR,1.39943218267508,103.917510729317,821664,14.794655799690013,0.10437234616667279,8.0
PUNGGOL,5 ROOM,664A,PUNGGOL DR,04 TO 06,110.0,Improved,2016,1139,580000.0,664A PUNGGOL DR,1.39943218267508,103.917510729317,821664,14.794655799690013,0.10437234616667279,5.0
PUNGGOL,5 ROOM,667A,PUNGGOL DR,10 TO 12,113.0,Premium Apartment,2016,1135,675000.0,667A PUNGGOL DR,1.40260030998864,103.913971396177,821667,14.914341732291756,0.1426191108371176,11.0
PUNGGOL,5 ROOM,663B,PUNGGOL DR,10 TO 12,110.0,Improved,2016,1139,612500.0,663B PUNGGOL DR,1.4007712264439,103.917348684837,822663,14.915278048853033,0.16459913352117406,11.0
PUNGGOL,5 ROOM,666A,PUNGGOL DR,07 TO 09,113.0,Premium Apartment,2016,1135,600000.0,666A PUNGGOL DR,1.40153631153053,103.915077974858,821666,14.867821931694362,0.27429673922975195,8.0
PUNGGOL,5 ROOM,667A,PUNGGOL DR,13 TO 15,113.0,Premium Apartment,2016,1135,690000.0,667A PUNGGOL DR,1.40260030998864,103.913971396177,821667,14.914341732291756,0.1426191108371176,14.0
PUNGGOL,5 ROOM,259C,PUNGGOL FIELD,13 TO 15,113.0,Improved,2016,1140,645000.0,259C PUNGGOL FIELD,1.40453408581455,103.895665532043,823259,14.28415702193916,0.18238464207926908,14.0
PUNGGOL,5 ROOM,110C,PUNGGOL FIELD,01 TO 03,110.0,Improved,2003,983,390000.0,110C PUNGGOL FIELD,1.39539733228908,103.910033984669,823110,14.001736806879723,0.20708048533886406,2.0
PUNGGOL,5 ROOM,101A,PUNGGOL FIELD,04 TO 06,110.0,Improved,2002,974,415000.0,101A PUNGGOL FIELD,1.3979461677694,103.905945136259,821101,14.051614912728954,0.14854785153652109,5.0
PUNGGOL,5 ROOM,110A,PUNGGOL FIELD,04 TO 06,110.0,Improved,2003,983,425000.0,110A PUNGGOL FIELD,1.39612400306258,103.909283681189,821110,14.034964262210993,0.09514512111279798,5.0
PUNGGOL,5 ROOM,102C,PUNGGOL FIELD,07 TO 09,112.0,Improved,2002,976,430000.0,102C PUNGGOL FIELD,1.39876127750607,103.90493897318,823102,14.085931372571977,0.12760710673977774,8.0
PUNGGOL,5 ROOM,204C,PUNGGOL FIELD,13 TO 15,110.0,Improved,2004,1000,470000.0,204C PUNGGOL FIELD,1.39803321474777,103.90307258196,823204,13.925878063439493,0.34991731296807754,14.0
PUNGGOL,5 ROOM,170C,PUNGGOL FIELD,04 TO 06,112.0,Improved,2014,1114,522000.0,170C PUNGGOL FIELD,1.39310784191806,103.914546399185,823170,14.020719540996458,0.2359664221946933,5.0
PUNGGOL,5 ROOM,128B,PUNGGOL FIELD WALK,10 TO 12,110.0,Improved,2003,984,435000.0,128B PUNGGOL FIELD WALK,1.39298792643348,103.912883071032,822128,13.917589939717582,0.10781170346613586,11.0
PUNGGOL,5 ROOM,207D,PUNGGOL PL,04 TO 06,112.0,Improved,2014,1115,535000.0,207D PUNGGOL PL,1.40094652941198,103.900708420292,824207,14.117827770960702,0.42808462576509865,5.0
PUNGGOL,5 ROOM,274C,PUNGGOL PL,13 TO 15,117.0,Premium Apartment,2013,1104,758888.0,274C PUNGGOL PL,1.4032584306282,103.902008676006,823274,14.410861545403618,0.14342845006196364,14.0
PUNGGOL,5 ROOM,310B,PUNGGOL WALK,04 TO 06,112.0,Premium Apartment,2016,1140,670000.0,310B PUNGGOL WALK,1.40932267495625,103.900801836373,822310,14.984594269666847,0.26749385504487505,5.0
PUNGGOL,5 ROOM,308A,PUNGGOL WALK,13 TO 15,112.0,Premium Apartment,2016,1136,760000.0,308A PUNGGOL WALK,1.40776143065745,103.900998963843,821308,14.83127288312597,0.28196116814767475,14.0
PUNGGOL,5 ROOM,308B,PUNGGOL WALK,04 TO 06,112.0,Premium Apartment,2016,1136,735000.0,308B PUNGGOL WALK,1.40776678175669,103.89887868051,822308,14.746006863548251,0.08414088892990491,5.0
PUNGGOL,5 ROOM,308C,PUNGGOL WALK,13 TO 15,112.0,Premium Apartment,2016,1136,650000.0,308C PUNGGOL WALK,1.40800694944027,103.899074357998,823308,14.778723891022674,0.07577958628781022,14.0
PUNGGOL,5 ROOM,213C,PUNGGOL WALK,01 TO 03,113.0,Improved,2015,1125,510000.0,213C PUNGGOL WALK,1.4005984949975,103.898920186089,823213,14.006137915740815,0.5342576255529413,2.0
PUNGGOL,5 ROOM,308A,PUNGGOL WALK,04 TO 06,112.0,Premium Apartment,2016,1136,682000.0,308A PUNGGOL WALK,1.40776143065745,103.900998963843,821308,14.83127288312597,0.28196116814767475,5.0
PUNGGOL,5 ROOM,308B,PUNGGOL WALK,16 TO 18,112.0,Premium Apartment,2016,1136,733000.0,308B PUNGGOL WALK,1.40776678175669,103.89887868051,822308,14.746006863548251,0.08414088892990491,17.0
PUNGGOL,5 ROOM,265D,PUNGGOL WAY,13 TO 15,111.0,Improved,2015,1127,610000.0,265D PUNGGOL WAY,1.40482604982361,103.89830171747,824265,14.417786399420105,0.12485655630851782,14.0
PUNGGOL,5 ROOM,264A,PUNGGOL WAY,16 TO 18,112.0,Improved,2015,1127,650000.0,264A PUNGGOL WAY,1.40597704114999,103.898544055197,821264,14.546883508687241,0.17822158603669958,17.0
PUNGGOL,5 ROOM,265A,PUNGGOL WAY,04 TO 06,112.0,Improved,2015,1127,575000.0,265A PUNGGOL WAY,1.40566686857539,103.898715616217,821265,14.521587426820991,0.17933029128117817,5.0
PUNGGOL,5 ROOM,313B,SUMANG LINK,01 TO 03,112.0,Improved,2015,1127,545000.0,313B SUMANG LINK,1.41023954723192,103.902143588407,822313,15.134375330696075,0.2725047354464662,2.0
PUNGGOL,5 ROOM,312C,SUMANG LINK,13 TO 15,112.0,Improved,2015,1127,650000.0,312C SUMANG LINK,1.41090728064356,103.901186089898,823312,15.164228589334382,0.14447247282120262,14.0
PUNGGOL,EXECUTIVE,188,PUNGGOL CTRL,04 TO 06,128.0,Premium Apartment,2004,994,525000.0,188 PUNGGOL CTRL,1.39893869186338,103.910538480996,820188,14.377091869519607,0.2862777256472206,5.0
QUEENSTOWN,2 ROOM,26,GHIM MOH LINK,04 TO 06,47.0,Model A,2013,1101,330000.0,26 GHIM MOH LINK,1.30838826045914,103.785551268112,270026,7.820636273290517,0.6056620609834382,5.0
QUEENSTOWN,2 ROOM,26,GHIM MOH LINK,19 TO 21,47.0,Model A,2013,1101,389000.0,26 GHIM MOH LINK,1.30838826045914,103.785551268112,270026,7.820636273290517,0.6056620609834382,20.0
QUEENSTOWN,2 ROOM,18,GHIM MOH RD,13 TO 15,45.0,Improved,1977,667,232000.0,18 GHIM MOH RD,1.31015054686008,103.787082418192,270018,7.733117404069494,0.561624882867218,14.0
QUEENSTOWN,3 ROOM,82,C'WEALTH CL,04 TO 06,60.0,Standard,1967,547,232000.0,82 C'WEALTH CL,1.30422050058916,103.800400186159,140082,6.113478382853174,0.3076485274603328,5.0
QUEENSTOWN,3 ROOM,85,C'WEALTH CL,01 TO 03,58.0,Standard,1967,547,220000.0,85 C'WEALTH CL,1.30407495261872,103.79933169089,140085,6.218146436773777,0.21317247198966685,2.0
QUEENSTOWN,3 ROOM,82,C'WEALTH CL,13 TO 15,60.0,Standard,1967,547,270000.0,82 C'WEALTH CL,1.30422050058916,103.800400186159,140082,6.113478382853174,0.3076485274603328,14.0
QUEENSTOWN,3 ROOM,99,C'WEALTH CRES,07 TO 09,55.0,Standard,1970,588,250000.0,99 C'WEALTH CRES,1.30743412917943,103.801143772389,140099,6.179385662718942,0.6365333621240158,8.0
QUEENSTOWN,3 ROOM,112,C'WEALTH CRES,07 TO 09,60.0,Standard,1969,571,250000.0,112 C'WEALTH CRES,1.30661660830307,103.798183841941,140112,6.442788425473761,0.4568209060369069,8.0
QUEENSTOWN,3 ROOM,112,C'WEALTH CRES,01 TO 03,60.0,Standard,1969,570,254000.0,112 C'WEALTH CRES,1.30661660830307,103.798183841941,140112,6.442788425473761,0.4568209060369069,2.0
QUEENSTOWN,3 ROOM,92,C'WEALTH DR,04 TO 06,60.0,Standard,1967,547,241000.0,92 C'WEALTH DR,1.30573175327771,103.800253694336,140092,6.192537495519603,0.4233887681390245,5.0
QUEENSTOWN,3 ROOM,53,C'WEALTH DR,25 TO 27,63.0,Model A,2015,1125,608000.0,53 C'WEALTH DR,1.30205878257013,103.796581739102,142053,6.430318167576229,0.18951794453453039,26.0
QUEENSTOWN,3 ROOM,89,DAWSON RD,25 TO 27,65.0,Premium Apartment,2016,1137,668000.0,89 DAWSON RD,1.29546316937491,103.811785236884,142089,4.598377807866954,0.6426053697596329,26.0
QUEENSTOWN,3 ROOM,21,DOVER CRES,01 TO 03,65.0,Improved,1976,661,268000.0,21 DOVER CRES,1.30703602610859,103.784633269754,130021,7.865930917371861,0.6769335232767457,2.0
QUEENSTOWN,3 ROOM,21,DOVER CRES,13 TO 15,65.0,Improved,1976,660,320000.0,21 DOVER CRES,1.30703602610859,103.784633269754,130021,7.865930917371861,0.6769335232767457,14.0
QUEENSTOWN,3 ROOM,1,GHIM MOH RD,07 TO 09,65.0,Improved,1976,660,285000.0,1 GHIM MOH RD,1.31287975684307,103.786855017635,270001,7.875752508809703,0.8159897788396875,8.0
QUEENSTOWN,3 ROOM,1,GHIM MOH RD,07 TO 09,65.0,Improved,1976,660,300000.0,1 GHIM MOH RD,1.31287975684307,103.786855017635,270001,7.875752508809703,0.8159897788396875,8.0
QUEENSTOWN,3 ROOM,9,HOLLAND AVE,07 TO 09,65.0,Improved,1974,634,328000.0,9 HOLLAND AVE,1.3075559256341,103.794443576453,272009,6.866566826917813,0.4275702315394188,8.0
QUEENSTOWN,3 ROOM,2,HOLLAND AVE,13 TO 15,65.0,Improved,1974,634,408000.0,2 HOLLAND AVE,1.30934498335733,103.795559353753,271002,6.832112244967285,0.3352057216824227,14.0
QUEENSTOWN,3 ROOM,2,HOLLAND AVE,16 TO 18,65.0,Improved,1974,634,405000.0,2 HOLLAND AVE,1.30934498335733,103.795559353753,271002,6.832112244967285,0.3352057216824227,17.0
QUEENSTOWN,3 ROOM,18A,HOLLAND DR,04 TO 06,67.0,Model A,2012,1095,485000.0,18A HOLLAND DR,1.31105861060205,103.791886571185,272018,7.282655561936884,0.5090458865321132,5.0
QUEENSTOWN,3 ROOM,153,MEI LING ST,01 TO 03,67.0,Improved,1970,582,230000.0,153 MEI LING ST,1.29381445284903,103.803137926845,140153,5.488123773914389,0.3368480382388087,2.0
QUEENSTOWN,3 ROOM,23A,QUEEN'S CL,07 TO 09,76.0,Improved,1973,622,345000.0,23A QUEEN'S CL,1.29429993967601,103.799725944793,140023,5.87058124542966,0.7065932844172451,8.0
QUEENSTOWN,3 ROOM,23A,QUEEN'S CL,10 TO 12,76.0,Improved,1973,622,365000.0,23A QUEEN'S CL,1.29429993967601,103.799725944793,140023,5.87058124542966,0.7065932844172451,11.0
QUEENSTOWN,3 ROOM,55,STIRLING RD,01 TO 03,87.0,Terrace,1968,565,830000.0,55 STIRLING RD,1.29658923591676,103.804175434758,142055,5.446844232510527,0.30994685654617926,2.0
QUEENSTOWN,3 ROOM,171,STIRLING RD,04 TO 06,60.0,Improved,1970,588,215000.0,171 STIRLING RD,1.29073246202285,103.803846934678,140171,5.351643325418955,0.4916709211014312,5.0
QUEENSTOWN,3 ROOM,166,STIRLING RD,01 TO 03,60.0,Improved,1970,588,260000.0,166 STIRLING RD,1.29069965982212,103.802362949625,140166,5.5144909463496194,0.5948667496355744,2.0
QUEENSTOWN,3 ROOM,164,STIRLING RD,10 TO 12,66.0,Improved,1970,582,300000.0,164 STIRLING RD,1.29151824833554,103.802513058468,140164,5.511216120192257,0.5202806471927451,11.0
QUEENSTOWN,3 ROOM,61B,STRATHMORE AVE,19 TO 21,69.0,Model A,2011,1082,570000.0,61B STRATHMORE AVE,1.29375107969483,103.811956712048,143061,4.5303224711672225,0.659632270527761,20.0
QUEENSTOWN,4 ROOM,93,DAWSON RD,28 TO 30,95.0,Premium Apartment Loft,2016,1138,920000.0,93 DAWSON RD,1.2949922696335,103.8117965437,142093,4.5828023118269146,0.6376962976892815,29.0
QUEENSTOWN,4 ROOM,86,DAWSON RD,07 TO 09,87.0,Premium Apartment,2016,1142,760000.0,86 DAWSON RD,1.29564903068441,103.810230517871,141086,4.770180651601741,0.4775896478432584,8.0
QUEENSTOWN,4 ROOM,90,DAWSON RD,28 TO 30,83.0,Premium Apartment,2016,1137,820000.0,90 DAWSON RD,1.29540163896319,103.812185563953,142090,4.5537406121613575,0.6856087421206258,29.0
QUEENSTOWN,4 ROOM,89,DAWSON RD,28 TO 30,83.0,Premium Apartment,2016,1137,810000.0,89 DAWSON RD,1.29546316937491,103.811785236884,142089,4.598377807866954,0.6426053697596329,29.0
QUEENSTOWN,4 ROOM,93,DAWSON RD,10 TO 12,97.0,Premium Apartment Loft,2016,1137,875000.0,93 DAWSON RD,1.2949922696335,103.8117965437,142093,4.5828023118269146,0.6376962976892815,11.0
QUEENSTOWN,4 ROOM,86,DAWSON RD,07 TO 09,87.0,Premium Apartment,2016,1141,788000.0,86 DAWSON RD,1.29564903068441,103.810230517871,141086,4.770180651601741,0.4775896478432584,8.0
QUEENSTOWN,4 ROOM,86,DAWSON RD,40 TO 42,87.0,Premium Apartment,2016,1141,840000.0,86 DAWSON RD,1.29564903068441,103.810230517871,141086,4.770180651601741,0.4775896478432584,41.0
QUEENSTOWN,4 ROOM,91,DAWSON RD,16 TO 18,97.0,Premium Apartment Loft,2016,1137,880000.0,91 DAWSON RD,1.29534041095665,103.812585191493,144091,4.509195235937069,0.7287832759823976,17.0
QUEENSTOWN,4 ROOM,89,DAWSON RD,10 TO 12,83.0,Premium Apartment,2016,1137,782000.0,89 DAWSON RD,1.29546316937491,103.811785236884,142089,4.598377807866954,0.6426053697596329,11.0
QUEENSTOWN,4 ROOM,93,DAWSON RD,22 TO 24,97.0,Premium Apartment Loft,2016,1137,855000.0,93 DAWSON RD,1.2949922696335,103.8117965437,142093,4.5828023118269146,0.6376962976892815,23.0
QUEENSTOWN,4 ROOM,86,DAWSON RD,40 TO 42,87.0,Premium Apartment,2016,1141,888888.0,86 DAWSON RD,1.29564903068441,103.810230517871,141086,4.770180651601741,0.4775896478432584,41.0
QUEENSTOWN,4 ROOM,23,DOVER CRES,01 TO 03,88.0,Improved,1976,661,418888.0,23 DOVER CRES,1.30743646519275,103.78362947863,130023,7.9859462320472225,0.7089931740481213,2.0
QUEENSTOWN,4 ROOM,28C,DOVER CRES,10 TO 12,95.0,Model A,2012,1089,660000.0,28C DOVER CRES,1.30568925796414,103.782345952713,133028,8.060376054754267,0.7575628832427002,11.0
QUEENSTOWN,4 ROOM,28D,DOVER CRES,01 TO 03,95.0,Model A,2012,1088,630000.0,28D DOVER CRES,1.30608315201391,103.782472428347,134028,8.060262574835475,0.7293367194262848,2.0
QUEENSTOWN,4 ROOM,27,GHIM MOH LINK,22 TO 24,87.0,Model A,2013,1101,800000.0,27 GHIM MOH LINK,1.30837126346035,103.785133508433,270027,7.863533715485068,0.6492370307620929,23.0
QUEENSTOWN,4 ROOM,28,GHIM MOH LINK,40 TO 42,93.0,Model A,2013,1101,855000.0,28 GHIM MOH LINK,1.30887985026284,103.784802916649,270028,7.917685299079553,0.7024668439839457,41.0
QUEENSTOWN,4 ROOM,15,GHIM MOH RD,07 TO 09,82.0,Improved,1977,666,490000.0,15 GHIM MOH RD,1.30914384256219,103.788419918626,270015,7.553329061567728,0.3776666563432129,8.0
QUEENSTOWN,4 ROOM,2,HOLLAND AVE,10 TO 12,88.0,Improved,1974,635,545000.0,2 HOLLAND AVE,1.30934498335733,103.795559353753,271002,6.832112244967285,0.3352057216824227,11.0
QUEENSTOWN,4 ROOM,12,HOLLAND AVE,19 TO 21,88.0,Improved,1975,642,555000.0,12 HOLLAND AVE,1.30935284651406,103.794873297267,272012,6.901962234992792,0.36312061054726075,20.0
QUEENSTOWN,4 ROOM,8,HOLLAND AVE,13 TO 15,82.0,Improved,1974,634,495000.0,8 HOLLAND AVE,1.30651406379174,103.794222994827,271008,6.845829226566441,0.3908214217775715,14.0
QUEENSTOWN,4 ROOM,30,HOLLAND CL,10 TO 12,105.0,Model A,1997,915,751000.0,30 HOLLAND CL,1.30774789148086,103.796627163472,270030,6.65147398467284,0.5001754306015742,11.0
QUEENSTOWN,4 ROOM,161,MEI LING ST,10 TO 12,85.0,Improved,1970,588,408000.0,161 MEI LING ST,1.29154391563021,103.803508038366,140161,5.402396787298857,0.4397287560614575,11.0
QUEENSTOWN,4 ROOM,20,QUEEN'S CL,01 TO 03,109.0,Model A,1996,903,560000.0,20 QUEEN'S CL,1.29275007138267,103.799935877832,140020,5.816077573265108,0.7114640691028709,2.0
QUEENSTOWN,4 ROOM,55,STRATHMORE AVE,13 TO 15,95.0,Model A,2002,971,688000.0,55 STRATHMORE AVE,1.29338294925716,103.809330719416,140055,4.804952898119809,0.3842950866703403,14.0
QUEENSTOWN,4 ROOM,58,STRATHMORE AVE,10 TO 12,96.0,Model A,2000,951,708000.0,58 STRATHMORE AVE,1.29308496028867,103.810788903719,142058,4.639532596422464,0.5485651085489583,11.0
QUEENSTOWN,4 ROOM,50,STRATHMORE AVE,28 TO 30,90.0,Model A,2006,1022,790000.0,50 STRATHMORE AVE,1.29384533839787,103.808727859208,140050,4.88174878260704,0.30493355678597045,29.0
QUEENSTOWN,4 ROOM,59,STRATHMORE AVE,10 TO 12,85.0,Model A,2000,951,630000.0,59 STRATHMORE AVE,1.29318964398969,103.81125258838,142059,4.591869166477887,0.5949118728298487,11.0
QUEENSTOWN,4 ROOM,50,STRATHMORE AVE,01 TO 03,90.0,Model A,2006,1022,605000.0,50 STRATHMORE AVE,1.29384533839787,103.808727859208,140050,4.88174878260704,0.30493355678597045,2.0
QUEENSTOWN,4 ROOM,91,TANGLIN HALT RD,28 TO 30,90.0,Model A,2008,1045,810000.0,91 TANGLIN HALT RD,1.30072792288033,103.799417284922,142091,6.084718485506768,0.2381936601832874,29.0
QUEENSTOWN,5 ROOM,86,DAWSON RD,16 TO 18,108.0,Premium Apartment,2016,1141,940000.0,86 DAWSON RD,1.29564903068441,103.810230517871,141086,4.770180651601741,0.4775896478432584,17.0
QUEENSTOWN,5 ROOM,13,DOVER CL EAST,10 TO 12,119.0,Standard,1978,678,820000.0,13 DOVER CL EAST,1.30537011229366,103.786079519406,130013,7.654395938933081,0.5335431478486317,11.0
QUEENSTOWN,5 ROOM,146,MEI LING ST,04 TO 06,133.0,Model A,1995,889,870000.0,146 MEI LING ST,1.29391477689682,103.804454313969,140146,5.347160961959407,0.1937749512464614,5.0
QUEENSTOWN,5 ROOM,62A,STRATHMORE AVE,25 TO 27,118.0,Improved,2011,1081,980888.0,62A STRATHMORE AVE,1.29438697520562,103.811426489782,142062,4.604933578697777,0.5949461009784065,26.0
QUEENSTOWN,5 ROOM,90,TANGLIN HALT RD,22 TO 24,110.0,Improved,2008,1046,850000.0,90 TANGLIN HALT RD,1.30051700920519,103.79897627676,141090,6.124270407815204,0.23662882987755834,23.0
QUEENSTOWN,EXECUTIVE,148,MEI LING ST,07 TO 09,149.0,Apartment,1995,891,1055000.0,148 MEI LING ST,1.29431607449311,103.804466224743,140148,5.355338575871531,0.18097450142652374,8.0
SEMBAWANG,2 ROOM,593B,MONTREAL LINK,04 TO 06,47.0,Model A,2015,1126,225000.0,593B MONTREAL LINK,1.4513699701967,103.828324578002,752593,18.79917373674085,0.9142794477545522,5.0
SEMBAWANG,2 ROOM,463A,SEMBAWANG DR,19 TO 21,46.0,Model A,2015,1126,242000.0,463A SEMBAWANG DR,1.45559843682203,103.814045150572,751463,19.54072212772256,0.9874461525472823,20.0
SEMBAWANG,2 ROOM,513,WELLINGTON CIRCLE,04 TO 06,40.0,Model A,2011,1078,206000.0,513 WELLINGTON CIRCLE,1.45420776620009,103.82013524496,750513,19.255648531224104,0.5735116529425561,5.0
SEMBAWANG,3 ROOM,590A,MONTREAL LINK,13 TO 15,68.0,Model A,2015,1125,312000.0,590A MONTREAL LINK,1.45035573249189,103.826654919951,751590,18.713956530093515,0.7488200021245445,14.0
SEMBAWANG,4 ROOM,357C,ADMIRALTY DR,13 TO 15,95.0,Premium Apartment,2001,960,375000.0,357C ADMIRALTY DR,1.44982941530451,103.817599040753,753357,18.83144146223083,0.2854631031754215,14.0
SEMBAWANG,4 ROOM,469B,ADMIRALTY DR,10 TO 12,102.0,Premium Apartment,2001,961,357000.0,469B ADMIRALTY DR,1.44826812204429,103.813348364213,752469,18.762508353613466,0.7495903948225794,11.0
SEMBAWANG,4 ROOM,359,ADMIRALTY DR,13 TO 15,94.0,Premium Apartment,2001,962,375000.0,359 ADMIRALTY DR,1.44970819589157,103.815865172184,750359,18.857779484655513,0.4704670108748784,14.0
SEMBAWANG,4 ROOM,487,ADMIRALTY LINK,10 TO 12,94.0,Model A,2010,1070,355000.0,487 ADMIRALTY LINK,1.45545241379364,103.816118262593,750487,19.477016418503705,0.8350635819803143,11.0
SEMBAWANG,4 ROOM,487,ADMIRALTY LINK,13 TO 15,96.0,Model A,2010,1070,352000.0,487 ADMIRALTY LINK,1.45545241379364,103.816118262593,750487,19.477016418503705,0.8350635819803143,14.0
SEMBAWANG,4 ROOM,487,ADMIRALTY LINK,07 TO 09,94.0,Model A,2010,1069,361000.0,487 ADMIRALTY LINK,1.45545241379364,103.816118262593,750487,19.477016418503705,0.8350635819803143,8.0
SEMBAWANG,4 ROOM,487,ADMIRALTY LINK,10 TO 12,96.0,Model A,2010,1069,363000.0,487 ADMIRALTY LINK,1.45545241379364,103.816118262593,750487,19.477016418503705,0.8350635819803143,11.0
SEMBAWANG,4 ROOM,420,CANBERRA RD,13 TO 15,90.0,Model A,2001,956,332000.0,420 CANBERRA RD,1.45267974712812,103.818888937745,750420,19.114364956026865,0.4235251719902215,14.0
SEMBAWANG,4 ROOM,589C,MONTREAL DR,04 TO 06,90.0,Model A,2002,977,335000.0,589C MONTREAL DR,1.44971283561317,103.824890741709,753589,18.67331524206335,0.5435305768362579,5.0
SEMBAWANG,4 ROOM,592C,MONTREAL LINK,16 TO 18,93.0,Model A,2015,1125,408000.0,592C MONTREAL LINK,1.45093931289388,103.828070545183,753592,18.7556403617927,0.8719668272515853,17.0
SEMBAWANG,4 ROOM,593A,MONTREAL LINK,10 TO 12,93.0,Model A,2015,1125,415000.0,593A MONTREAL LINK,1.45154716074707,103.827907536375,751593,18.825093314986926,0.9168941023435189,11.0
SEMBAWANG,4 ROOM,592A,MONTREAL LINK,07 TO 09,93.0,Model A,2015,1125,400000.0,592A MONTREAL LINK,1.45093939112951,103.827087654463,751592,18.771133351429086,0.8104108650167358,8.0
SEMBAWANG,4 ROOM,590C,MONTREAL LINK,16 TO 18,93.0,Model A,2015,1125,422000.0,590C MONTREAL LINK,1.44994314368403,103.82672063438,753590,18.667503067724127,0.7485375819927006,17.0
SEMBAWANG,4 ROOM,592A,MONTREAL LINK,01 TO 03,93.0,Model A,2015,1125,370000.0,592A MONTREAL LINK,1.45093939112951,103.827087654463,751592,18.771133351429086,0.8104108650167358,2.0
SEMBAWANG,4 ROOM,592A,MONTREAL LINK,13 TO 15,93.0,Model A,2015,1125,410000.0,592A MONTREAL LINK,1.45093939112951,103.827087654463,751592,18.771133351429086,0.8104108650167358,14.0
SEMBAWANG,4 ROOM,590C,MONTREAL LINK,07 TO 09,93.0,Model A,2015,1125,410000.0,590C MONTREAL LINK,1.44994314368403,103.82672063438,753590,18.667503067724127,0.7485375819927006,8.0
SEMBAWANG,4 ROOM,335,SEMBAWANG CL,07 TO 09,100.0,Model A,1999,939,351000.0,335 SEMBAWANG CL,1.44716347336281,103.815013547479,750335,18.601640391585867,0.5974894058069903,8.0
SEMBAWANG,4 ROOM,473,SEMBAWANG DR,04 TO 06,90.0,Model A,2000,952,310000.0,473 SEMBAWANG DR,1.45133628212005,103.816522350208,750473,19.019744070901847,0.4669191349087858,5.0
SEMBAWANG,4 ROOM,406,SEMBAWANG DR,10 TO 12,90.0,Model A2,2001,956,350000.0,406 SEMBAWANG DR,1.45292980520031,103.816977584813,750406,19.183039766467417,0.5498981628256662,11.0
SEMBAWANG,4 ROOM,314,SEMBAWANG DR,07 TO 09,90.0,Model A2,1999,931,280000.0,314 SEMBAWANG DR,1.44369870028224,103.821192155791,750314,18.085392190141558,0.6086102911707372,8.0
SEMBAWANG,4 ROOM,317,SEMBAWANG VISTA,13 TO 15,103.0,Model A,1999,932,388000.0,317 SEMBAWANG VISTA,1.44593452355645,103.82043061222,750317,18.34545962341968,0.3491420652531205,14.0
SEMBAWANG,4 ROOM,316,SEMBAWANG VISTA,07 TO 09,100.0,Model A,1999,934,375000.0,316 SEMBAWANG VISTA,1.44634275801164,103.82081661201,750316,18.382033157092582,0.31306561965647683,8.0
SEMBAWANG,4 ROOM,508A,WELLINGTON CIRCLE,07 TO 09,90.0,Model A,2004,998,350000.0,508A WELLINGTON CIRCLE,1.45251383070644,103.820519939603,751508,19.062663636241133,0.38865411968391206,8.0
SEMBAWANG,5 ROOM,360C,ADMIRALTY DR,04 TO 06,111.0,Premium Apartment,2001,963,380000.0,360C ADMIRALTY DR,1.4486749328363,103.814692191276,753360,18.773452146283862,0.5966076082368348,5.0
SEMBAWANG,5 ROOM,359A,ADMIRALTY DR,13 TO 15,110.0,Premium Apartment,2001,963,418000.0,359A ADMIRALTY DR,1.44966317668208,103.815544863508,751359,18.860398920259243,0.5049708695006373,14.0
SEMBAWANG,5 ROOM,354B,ADMIRALTY DR,07 TO 09,110.0,Improved,2001,965,445000.0,354B ADMIRALTY DR,1.45039898878298,103.818680990646,752354,18.869876272551437,0.21330880644060027,8.0
SEMBAWANG,5 ROOM,484,ADMIRALTY LINK,16 TO 18,111.0,Improved,2003,985,400000.0,484 ADMIRALTY LINK,1.45707121613828,103.815308448775,750484,19.671557362974724,1.0357139142763445,17.0
SEMBAWANG,5 ROOM,492,ADMIRALTY LINK,04 TO 06,110.0,Improved,2004,993,365000.0,492 ADMIRALTY LINK,1.4564743178621,103.81718135862,750492,19.564932986618196,0.8847511731937449,5.0
SEMBAWANG,5 ROOM,350C,CANBERRA RD,01 TO 03,110.0,Improved,2001,963,425000.0,350C CANBERRA RD,1.44996054030355,103.82038215131,753350,18.78630694938122,0.10783153316477004,2.0
SEMBAWANG,5 ROOM,350A,CANBERRA RD,07 TO 09,110.0,Improved,2001,962,481000.0,350A CANBERRA RD,1.45054091181454,103.820624275703,751350,18.84482082239382,0.17771703623961654,8.0
SEMBAWANG,5 ROOM,305,CANBERRA RD,04 TO 06,121.0,Improved,1998,927,435000.0,305 CANBERRA RD,1.44557039670297,103.822062555826,750305,18.2723372478532,0.4472288395636856,5.0
SEMBAWANG,5 ROOM,417,CANBERRA RD,07 TO 09,110.0,Improved,2001,956,401800.0,417 CANBERRA RD,1.45199817874292,103.819475589257,750417,19.027650166153798,0.333811485066356,8.0
SEMBAWANG,5 ROOM,350C,CANBERRA RD,13 TO 15,113.0,Improved,2001,963,490000.0,350C CANBERRA RD,1.44996054030355,103.82038215131,753350,18.78630694938122,0.10783153316477004,14.0
SEMBAWANG,5 ROOM,504D,MONTREAL DR,07 TO 09,110.0,Improved,2001,959,410000.0,504D MONTREAL DR,1.45045843825508,103.823880958571,754504,18.773211073184395,0.4541029573574247,8.0
SEMBAWANG,5 ROOM,589B,MONTREAL DR,13 TO 15,110.0,Improved,2002,977,412000.0,589B MONTREAL DR,1.44967865537361,103.825477345733,752589,18.659342090126195,0.6077521336824835,14.0
SEMBAWANG,5 ROOM,324,SEMBAWANG CL,01 TO 03,123.0,Improved,1999,935,378000.0,324 SEMBAWANG CL,1.44457098531352,103.81784736593,750324,18.25325689957623,0.5548666898394888,2.0
SEMBAWANG,5 ROOM,330,SEMBAWANG CL,04 TO 06,119.0,Improved,1999,936,425000.0,330 SEMBAWANG CL,1.44680507130646,103.817811631963,750330,18.497276308872294,0.3522130735963779,5.0
SEMBAWANG,5 ROOM,337,SEMBAWANG CRES,01 TO 03,115.0,Improved,1999,937,380000.0,337 SEMBAWANG CRES,1.44615096906869,103.815651965202,750337,18.476344029244736,0.585286836735795,2.0
SEMBAWANG,5 ROOM,509B,WELLINGTON CIRCLE,07 TO 09,110.0,Improved,2004,998,385000.0,509B WELLINGTON CIRCLE,1.45328536421439,103.821213227146,752509,19.13333732243753,0.4884049127582367,8.0
SEMBAWANG,5 ROOM,507A,WELLINGTON CIRCLE,01 TO 03,111.0,Improved,2001,965,377000.0,507A WELLINGTON CIRCLE,1.4527308013707,103.823966895951,751507,19.020989490619797,0.597818485825563,2.0
SEMBAWANG,5 ROOM,509B,WELLINGTON CIRCLE,07 TO 09,110.0,Improved,2004,997,410000.0,509B WELLINGTON CIRCLE,1.45328536421439,103.821213227146,752509,19.13333732243753,0.4884049127582367,8.0
SEMBAWANG,EXECUTIVE,359C,ADMIRALTY DR,04 TO 06,131.0,Premium Apartment,2001,963,468000.0,359C ADMIRALTY DR,1.44912493660072,103.814713869962,753359,18.82176671237706,0.5927891549295838,5.0
SEMBAWANG,EXECUTIVE,467,ADMIRALTY DR,07 TO 09,137.0,Premium Apartment,2001,961,444888.0,467 ADMIRALTY DR,1.45222667691167,103.814425933159,750467,19.16542934498718,0.7176385834492873,8.0
SEMBAWANG,EXECUTIVE,467,ADMIRALTY DR,13 TO 15,137.0,Premium Apartment,2001,961,445000.0,467 ADMIRALTY DR,1.45222667691167,103.814425933159,750467,19.16542934498718,0.7176385834492873,14.0
SEMBAWANG,EXECUTIVE,503A,CANBERRA LINK,07 TO 09,130.0,Apartment,2001,962,535000.0,503A CANBERRA LINK,1.45058879786565,103.821649350316,751503,18.82964154466765,0.24699311454267986,8.0
SEMBAWANG,EXECUTIVE,503A,CANBERRA LINK,07 TO 09,130.0,Apartment,2001,961,530000.0,503A CANBERRA LINK,1.45058879786565,103.821649350316,751503,18.82964154466765,0.24699311454267986,8.0
SEMBAWANG,EXECUTIVE,423,CANBERRA RD,13 TO 15,130.0,Apartment,2001,957,480000.0,423 CANBERRA RD,1.45374132100674,103.818123782511,750423,19.24649267882024,0.5636374143679982,14.0
SEMBAWANG,EXECUTIVE,303,CANBERRA RD,07 TO 09,140.0,Apartment,1998,929,520000.0,303 CANBERRA RD,1.44468992379986,103.822441620312,750303,18.16848536046608,0.5532111205394726,8.0
SEMBAWANG,EXECUTIVE,423,CANBERRA RD,07 TO 09,130.0,Apartment,2001,956,454000.0,423 CANBERRA RD,1.45374132100674,103.818123782511,750423,19.24649267882024,0.5636374143679982,8.0
SEMBAWANG,EXECUTIVE,416,CANBERRA RD,04 TO 06,130.0,Apartment,2001,956,471000.0,416 CANBERRA RD,1.45187860111274,103.818911242365,750416,19.026433759585995,0.338798163451212,5.0
SEMBAWANG,EXECUTIVE,303,CANBERRA RD,10 TO 12,141.0,Apartment,1998,929,510000.0,303 CANBERRA RD,1.44468992379986,103.822441620312,750303,18.16848536046608,0.5532111205394726,11.0
SEMBAWANG,EXECUTIVE,307,CANBERRA RD,10 TO 12,140.0,Apartment,1998,927,555000.0,307 CANBERRA RD,1.44592261930976,103.82165734645,750307,18.318974298837983,0.39124142725322886,11.0
SEMBAWANG,EXECUTIVE,303,CANBERRA RD,13 TO 15,141.0,Apartment,1998,929,550000.0,303 CANBERRA RD,1.44468992379986,103.822441620312,750303,18.16848536046608,0.5532111205394726,14.0
SEMBAWANG,EXECUTIVE,416,CANBERRA RD,13 TO 15,130.0,Apartment,2001,956,488000.0,416 CANBERRA RD,1.45187860111274,103.818911242365,750416,19.026433759585995,0.338798163451212,14.0
SEMBAWANG,EXECUTIVE,504A,MONTREAL DR,04 TO 06,130.0,Apartment,2001,959,460000.0,504A MONTREAL DR,1.45129656287889,103.824120156543,751504,18.860848429419367,0.5171499936754234,5.0
SEMBAWANG,EXECUTIVE,339B,SEMBAWANG CL,13 TO 15,131.0,Premium Apartment,2001,959,490000.0,339B SEMBAWANG CL,1.44801595683776,103.817560653972,752339,18.634780570304258,0.29929085652142046,14.0
SEMBAWANG,EXECUTIVE,337,SEMBAWANG CRES,04 TO 06,135.0,Apartment,1999,936,470000.0,337 SEMBAWANG CRES,1.44615096906869,103.815651965202,750337,18.476344029244736,0.585286836735795,5.0
SEMBAWANG,EXECUTIVE,408,SEMBAWANG DR,04 TO 06,130.0,Apartment,2001,955,440000.0,408 SEMBAWANG DR,1.45345895920531,103.817721249079,750408,19.224375341987006,0.554118313364035,5.0
SENGKANG,2 ROOM,302B,ANCHORVALE LINK,04 TO 06,44.0,Model A,2007,1033,225000.0,302B ANCHORVALE LINK,1.3878622433042,103.890705078823,542302,12.354327030525644,0.1279080467870277,5.0
SENGKANG,2 ROOM,441C,FERNVALE RD,10 TO 12,50.0,Model A,2012,1087,258000.0,441C FERNVALE RD,1.39220060795463,103.874778712417,793441,12.317379024997509,0.17362998424790665,11.0
SENGKANG,2 ROOM,441B,FERNVALE RD,10 TO 12,50.0,Model A,2012,1087,257000.0,441B FERNVALE RD,1.39121038063109,103.874688908059,792441,12.207638265870683,0.19508928238208195,11.0
SENGKANG,2 ROOM,447B,JLN KAYU,10 TO 12,47.0,Model A,2013,1108,239000.0,447B JLN KAYU,1.39246632922429,103.873207670352,792447,12.310847088374109,0.35069739675940387,11.0
SENGKANG,2 ROOM,180B,RIVERVALE CRES,13 TO 15,47.0,Model A,2015,1124,239000.0,180B RIVERVALE CRES,1.38994718706066,103.909449885028,542180,13.436822735511834,0.42183576529829275,14.0
SENGKANG,3 ROOM,334C,ANCHORVALE CRES,13 TO 15,67.0,Premium Apartment,2015,1134,375000.0,334C ANCHORVALE CRES,1.39742222673837,103.889703923973,543334,13.318365700779669,0.05247605447181811,14.0
SENGKANG,3 ROOM,334A,ANCHORVALE CRES,01 TO 03,67.0,Premium Apartment,2015,1134,340000.0,334A ANCHORVALE CRES,1.39838638603313,103.889425801052,541334,13.410269758159869,0.13590127306611866,2.0
SENGKANG,3 ROOM,209A,COMPASSVALE LANE,10 TO 12,68.0,Model A,2011,1085,345000.0,209A COMPASSVALE LANE,1.38359765453194,103.898502660861,541209,12.255514666714149,0.1616813534121037,11.0
SENGKANG,3 ROOM,467A,FERNVALE LINK,07 TO 09,68.0,Model A,2016,1142,330000.0,467A FERNVALE LINK,1.39798359035227,103.8784589917,791467,13.034708573060676,0.3119882638169967,8.0
SENGKANG,3 ROOM,430C,FERNVALE LINK,16 TO 18,67.0,Model A,2015,1128,358888.0,430C FERNVALE LINK,1.39458976282864,103.878281439779,793430,12.663084606113973,0.34008163467724223,17.0
SENGKANG,3 ROOM,467A,FERNVALE LINK,22 TO 24,68.0,Model A,2016,1142,353000.0,467A FERNVALE LINK,1.39798359035227,103.8784589917,791467,13.034708573060676,0.3119882638169967,23.0
SENGKANG,3 ROOM,414B,FERNVALE LINK,19 TO 21,68.0,Model A,2016,1135,339998.0,414B FERNVALE LINK,1.39001961783905,103.879574314696,792414,12.205693997149972,0.23461006332447756,20.0
SENGKANG,3 ROOM,414B,FERNVALE LINK,13 TO 15,68.0,Model A,2016,1134,353000.0,414B FERNVALE LINK,1.39001961783905,103.879574314696,792414,12.205693997149972,0.23461006332447756,14.0
SENGKANG,3 ROOM,430C,FERNVALE LINK,07 TO 09,67.0,Model A,2015,1126,333000.0,430C FERNVALE LINK,1.39458976282864,103.878281439779,793430,12.663084606113973,0.34008163467724223,8.0
SENGKANG,3 ROOM,453D,FERNVALE RD,22 TO 24,67.0,Model A,2015,1129,350000.0,453D FERNVALE RD,1.39341707295426,103.875340178233,794453,12.462780256687472,0.20143893822921485,23.0
SENGKANG,3 ROOM,453A,FERNVALE RD,10 TO 12,67.0,Model A,2015,1129,322000.0,453A FERNVALE RD,1.39447883247668,103.875558391505,791453,12.583300591430772,0.3001410196109334,11.0
SENGKANG,3 ROOM,453D,FERNVALE RD,16 TO 18,67.0,Model A,2015,1128,360000.0,453D FERNVALE RD,1.39341707295426,103.875340178233,794453,12.462780256687472,0.20143893822921485,17.0
SENGKANG,3 ROOM,180D,RIVERVALE CRES,10 TO 12,67.0,Model A,2015,1125,290000.0,180D RIVERVALE CRES,1.3893584945611,103.910398123408,544180,13.430485081577041,0.5449349557456692,11.0
SENGKANG,3 ROOM,439B,SENGKANG WEST AVE,10 TO 12,69.0,Model A,2011,1075,325000.0,439B SENGKANG WEST AVE,1.39197653860922,103.878309805797,792439,12.3815996732734,0.19152082491003916,11.0
SENGKANG,3 ROOM,448B,SENGKANG WEST WAY,07 TO 09,67.0,Model A,2014,1117,325000.0,448B SENGKANG WEST WAY,1.39341981691827,103.873319886194,792448,12.417261347031918,0.37345836126260695,8.0
SENGKANG,3 ROOM,433A,SENGKANG WEST WAY,13 TO 15,67.0,Model A,2014,1119,325000.0,433A SENGKANG WEST WAY,1.39494947298112,103.877566961287,791433,12.683583936759362,0.33983314546717924,14.0
SENGKANG,4 ROOM,336C,ANCHORVALE CRES,13 TO 15,92.0,Premium Apartment,2015,1134,470000.0,336C ANCHORVALE CRES,1.39774373171815,103.88858318745,543336,13.313151121072524,0.10247878390458086,14.0
SENGKANG,4 ROOM,336C,ANCHORVALE CRES,16 TO 18,92.0,Premium Apartment,2015,1134,482000.0,336C ANCHORVALE CRES,1.39774373171815,103.88858318745,543336,13.313151121072524,0.10247878390458086,17.0
SENGKANG,4 ROOM,336D,ANCHORVALE CRES,13 TO 15,95.0,Premium Apartment,2015,1133,510000.0,336D ANCHORVALE CRES,1.39776902487201,103.888235889907,544336,13.303923981079718,0.13620838627659967,14.0
SENGKANG,4 ROOM,334B,ANCHORVALE CRES,10 TO 12,95.0,Premium Apartment,2015,1133,498000.0,334B ANCHORVALE CRES,1.39846172684413,103.889969214694,542334,13.43732537039195,0.161490166585731,11.0
SENGKANG,4 ROOM,334C,ANCHORVALE CRES,10 TO 12,95.0,Premium Apartment,2015,1133,470000.0,334C ANCHORVALE CRES,1.39742222673837,103.889703923973,543334,13.318365700779669,0.05247605447181811,11.0
SENGKANG,4 ROOM,334B,ANCHORVALE CRES,10 TO 12,95.0,Premium Apartment,2015,1133,488000.0,334B ANCHORVALE CRES,1.39846172684413,103.889969214694,542334,13.43732537039195,0.161490166585731,11.0
SENGKANG,4 ROOM,336A,ANCHORVALE CRES,13 TO 15,92.0,Premium Apartment,2015,1133,510000.0,336A ANCHORVALE CRES,1.39754408575022,103.88932509626,541336,13.317853263890337,0.04163570588806288,14.0
SENGKANG,4 ROOM,332B,ANCHORVALE LINK,07 TO 09,92.0,Model A,2015,1128,445000.0,332B ANCHORVALE LINK,1.39510794817993,103.891456224107,542332,13.139286128230989,0.2909184587080052,8.0
SENGKANG,4 ROOM,332C,ANCHORVALE LINK,04 TO 06,92.0,Model A,2015,1127,430000.0,332C ANCHORVALE LINK,1.39500219567352,103.891960984474,543332,13.14731030345515,0.24854873708130687,5.0
SENGKANG,4 ROOM,333C,ANCHORVALE LINK,16 TO 18,92.0,Model A,2015,1127,495000.0,333C ANCHORVALE LINK,1.39441572025048,103.891773836701,543333,13.078915330325966,0.30569925300321227,17.0
SENGKANG,4 ROOM,305A,ANCHORVALE LINK,04 TO 06,90.0,Model A,2002,968,325000.0,305A ANCHORVALE LINK,1.38840183014731,103.88816713058,541305,12.314244263588172,0.2788359652526755,5.0
SENGKANG,4 ROOM,326B,ANCHORVALE RD,01 TO 03,92.0,Premium Apartment,2015,1126,420000.0,326B ANCHORVALE RD,1.3953117728698,103.888014709966,542326,13.03647443464556,0.25153433229365435,2.0
SENGKANG,4 ROOM,327A,ANCHORVALE RD,10 TO 12,92.0,Premium Apartment,2015,1126,468000.0,327A ANCHORVALE RD,1.39525631314867,103.888613356075,541327,13.051497803434279,0.22626935387602568,11.0
SENGKANG,4 ROOM,326C,ANCHORVALE RD,10 TO 12,92.0,Premium Apartment,2015,1125,467000.0,326C ANCHORVALE RD,1.39571712840417,103.888065431995,543326,13.081065701760467,0.21233725499916897,11.0
SENGKANG,4 ROOM,317C,ANCHORVALE RD,07 TO 09,92.0,Premium Apartment,2003,980,388000.0,317C ANCHORVALE RD,1.39345998492639,103.888223477645,543317,12.84831641573832,0.4297112937495592,8.0
SENGKANG,4 ROOM,330A,ANCHORVALE ST,07 TO 09,93.0,Model A,2015,1129,441000.0,330A ANCHORVALE ST,1.39662723563942,103.889865427006,541330,13.24038380886897,0.08676846571534565,8.0
SENGKANG,4 ROOM,330B,ANCHORVALE ST,07 TO 09,92.0,Model A,2015,1129,463000.0,330B ANCHORVALE ST,1.39655770884234,103.890240536174,542330,13.246562975932308,0.12432986286464127,8.0
SENGKANG,4 ROOM,266A,COMPASSVALE BOW,16 TO 18,92.0,Premium Apartment,2007,1033,500000.0,266A COMPASSVALE BOW,1.38245908019497,103.89680184151,541266,12.060953254965321,0.20208757110494188,17.0
SENGKANG,4 ROOM,295A,COMPASSVALE CRES,13 TO 15,90.0,Model A,2002,969,349500.0,295A COMPASSVALE CRES,1.39827117432616,103.899278132144,541295,13.782010887216098,0.4412624189641151,14.0
SENGKANG,4 ROOM,201A,COMPASSVALE DR,07 TO 09,90.0,Model A,2001,961,388000.0,201A COMPASSVALE DR,1.38900121148939,103.892763307705,541201,12.554689463616645,0.35388636948325336,8.0
SENGKANG,4 ROOM,211D,COMPASSVALE LANE,10 TO 12,93.0,Model A,2013,1099,436000.0,211D COMPASSVALE LANE,1.38552172050188,103.899866305926,544211,12.513754621954309,0.3145789763048815,11.0
SENGKANG,4 ROOM,208A,COMPASSVALE LANE,13 TO 15,92.0,Model A,2011,1084,438000.0,208A COMPASSVALE LANE,1.38446364084956,103.898491366571,541208,12.342154348536692,0.14639678883740728,14.0
SENGKANG,4 ROOM,208A,COMPASSVALE LANE,07 TO 09,92.0,Model A,2011,1084,438888.0,208A COMPASSVALE LANE,1.38446364084956,103.898491366571,541208,12.342154348536692,0.14639678883740728,8.0
SENGKANG,4 ROOM,210C,COMPASSVALE LANE,04 TO 06,93.0,Model A,2013,1099,420000.0,210C COMPASSVALE LANE,1.38424155856171,103.899542187144,543210,12.369768884207998,0.26095733592701975,5.0
SENGKANG,4 ROOM,207D,COMPASSVALE LANE,04 TO 06,85.0,Model A,2005,1007,360000.0,207D COMPASSVALE LANE,1.38430948653884,103.897629498821,547207,12.28633075211847,0.04906840698441696,5.0
SENGKANG,4 ROOM,208A,COMPASSVALE LANE,10 TO 12,92.0,Model A,2011,1084,433000.0,208A COMPASSVALE LANE,1.38446364084956,103.898491366571,541208,12.342154348536692,0.14639678883740728,11.0
SENGKANG,4 ROOM,211D,COMPASSVALE LANE,13 TO 15,95.0,Model A,2013,1099,460000.0,211D COMPASSVALE LANE,1.38552172050188,103.899866305926,544211,12.513754621954309,0.3145789763048815,14.0
SENGKANG,4 ROOM,265B,COMPASSVALE LINK,01 TO 03,92.0,Premium Apartment,2008,1043,450000.0,265B COMPASSVALE LINK,1.38213716574566,103.895742316336,542265,11.979602591253244,0.2835573924575809,2.0
SENGKANG,4 ROOM,275B,COMPASSVALE LINK,10 TO 12,90.0,Premium Apartment,2009,1056,570000.0,275B COMPASSVALE LINK,1.38333897024769,103.894522123516,542275,12.047090952213003,0.16391526529083217,11.0
SENGKANG,4 ROOM,275B,COMPASSVALE LINK,13 TO 15,90.0,Premium Apartment,2009,1055,590000.0,275B COMPASSVALE LINK,1.38333897024769,103.894522123516,542275,12.047090952213003,0.16391526529083217,14.0
SENGKANG,4 ROOM,297B,COMPASSVALE ST,07 TO 09,94.0,Premium Apartment,2001,962,360000.0,297B COMPASSVALE ST,1.39473706267062,103.900964937802,542297,13.495554245778493,0.05911718591466882,8.0
SENGKANG,4 ROOM,230,COMPASSVALE WALK,13 TO 15,101.0,Model A,1999,938,380000.0,230 COMPASSVALE WALK,1.38835481994174,103.901270877485,540230,12.865306884101797,0.46231268088020994,14.0
SENGKANG,4 ROOM,430D,FERNVALE LINK,01 TO 03,92.0,Model A,2015,1127,385000.0,430D FERNVALE LINK,1.3948267807044,103.878003319945,794430,12.681484090682705,0.37739485461976946,2.0
SENGKANG,4 ROOM,414B,FERNVALE LINK,07 TO 09,93.0,Model A,2016,1135,438000.0,414B FERNVALE LINK,1.39001961783905,103.879574314696,792414,12.205693997149972,0.23461006332447756,8.0
SENGKANG,4 ROOM,416C,FERNVALE LINK,04 TO 06,93.0,Model A,2016,1135,420000.0,416C FERNVALE LINK,1.38979947929697,103.88064410102,793416,12.213038354336293,0.2626043549205714,5.0
SENGKANG,4 ROOM,416A,FERNVALE LINK,04 TO 06,93.0,Model A,2016,1135,403000.0,416A FERNVALE LINK,1.3906119627657,103.879963560438,791416,12.28045941445051,0.1633853751017747,5.0
SENGKANG,4 ROOM,440B,FERNVALE LINK,04 TO 06,92.0,Model A,2015,1129,400000.0,440B FERNVALE LINK,1.39329062882167,103.878138964178,792440,12.518966929465579,0.24959257793425893,5.0
SENGKANG,4 ROOM,440C,FERNVALE LINK,07 TO 09,92.0,Model A,2015,1129,410000.0,440C FERNVALE LINK,1.39254251803193,103.878161021085,793440,12.438741266569377,0.21399178592040283,8.0
SENGKANG,4 ROOM,430A,FERNVALE LINK,04 TO 06,92.0,Model A,2015,1127,380000.0,430A FERNVALE LINK,1.39387016239186,103.878517201425,791430,12.591551202739177,0.26056792423379416,5.0
SENGKANG,4 ROOM,414A,FERNVALE LINK,01 TO 03,93.0,Model A,2016,1134,385000.0,414A FERNVALE LINK,1.38958310807082,103.87947708432,791414,12.156006358448955,0.28433651662171966,2.0
SENGKANG,4 ROOM,416A,FERNVALE LINK,01 TO 03,93.0,Model A,2016,1134,380000.0,416A FERNVALE LINK,1.3906119627657,103.879963560438,791416,12.28045941445051,0.1633853751017747,2.0
SENGKANG,4 ROOM,430D,FERNVALE LINK,13 TO 15,92.0,Model A,2015,1126,419000.0,430D FERNVALE LINK,1.3948267807044,103.878003319945,794430,12.681484090682705,0.37739485461976946,14.0
SENGKANG,4 ROOM,440C,FERNVALE LINK,13 TO 15,92.0,Model A,2015,1128,438000.0,440C FERNVALE LINK,1.39254251803193,103.878161021085,793440,12.438741266569377,0.21399178592040283,14.0
SENGKANG,4 ROOM,415C,FERNVALE LINK,04 TO 06,93.0,Model A,2016,1134,400000.0,415C FERNVALE LINK,1.38931984965925,103.88050116533,793415,12.157401806093898,0.3113414624356045,5.0
SENGKANG,4 ROOM,416A,FERNVALE LINK,04 TO 06,93.0,Model A,2016,1134,400000.0,416A FERNVALE LINK,1.3906119627657,103.879963560438,791416,12.28045941445051,0.1633853751017747,5.0
SENGKANG,4 ROOM,430B,FERNVALE LINK,16 TO 18,92.0,Model A,2015,1126,430000.0,430B FERNVALE LINK,1.39390769406304,103.8782232872,792430,12.587853439635767,0.2857059744538345,17.0
SENGKANG,4 ROOM,414A,FERNVALE LINK,19 TO 21,93.0,Model A,2016,1134,470000.0,414A FERNVALE LINK,1.38958310807082,103.87947708432,791414,12.156006358448955,0.28433651662171966,20.0
SENGKANG,4 ROOM,416B,FERNVALE LINK,13 TO 15,93.0,Model A,2016,1134,448000.0,416B FERNVALE LINK,1.39048519034443,103.880509545623,792416,12.282635084240878,0.18516925748264207,14.0
SENGKANG,4 ROOM,453B,FERNVALE RD,13 TO 15,92.0,Model A,2015,1129,435000.0,453B FERNVALE RD,1.3942988861693,103.875110781799,792453,12.553251484689302,0.29953585586009823,14.0
SENGKANG,4 ROOM,435B,FERNVALE RD,10 TO 12,94.0,Premium Apartment,2013,1104,442888.0,435B FERNVALE RD,1.39339364366596,103.876644854346,792435,12.491885925101826,0.17177081666579402,11.0
SENGKANG,4 ROOM,410C,FERNVALE RD,13 TO 15,95.0,Premium Apartment,2012,1097,398000.0,410C FERNVALE RD,1.38993920373878,103.876479595851,793410,12.113590358869994,0.2172942679134772,14.0
SENGKANG,4 ROOM,441D,FERNVALE RD,07 TO 09,93.0,Model A,2012,1088,408000.0,441D FERNVALE RD,1.39209223539633,103.875248015845,794441,12.31667428278927,0.12010995945025507,8.0
SENGKANG,4 ROOM,453C,FERNVALE RD,19 TO 21,92.0,Model A,2015,1128,432000.0,453C FERNVALE RD,1.39353259342993,103.875029902679,793453,12.468050410052774,0.23180258583292596,20.0
SENGKANG,4 ROOM,408A,FERNVALE RD,04 TO 06,95.0,Premium Apartment,2004,1001,381800.0,408A FERNVALE RD,1.38876434017521,103.876211939865,791408,11.979609820537116,0.34726656267981065,5.0
SENGKANG,4 ROOM,453B,FERNVALE RD,13 TO 15,92.0,Model A,2015,1128,410000.0,453B FERNVALE RD,1.3942988861693,103.875110781799,792453,12.553251484689302,0.29953585586009823,14.0
SENGKANG,4 ROOM,453B,FERNVALE RD,04 TO 06,92.0,Model A,2015,1128,435000.0,453B FERNVALE RD,1.3942988861693,103.875110781799,792453,12.553251484689302,0.29953585586009823,5.0
SENGKANG,4 ROOM,443B,FERNVALE RD,01 TO 03,94.0,Model A,2012,1096,360000.0,443B FERNVALE RD,1.39118380458731,103.873946079101,792443,12.187575987658679,0.2739818190807025,2.0
SENGKANG,4 ROOM,408C,FERNVALE RD,19 TO 21,95.0,Premium Apartment,2005,1003,380000.0,408C FERNVALE RD,1.38924471342298,103.876556317593,793408,12.040406178842831,0.2949732141888738,20.0
SENGKANG,4 ROOM,409B,FERNVALE RD,22 TO 24,95.0,Premium Apartment,2004,1001,390000.0,409B FERNVALE RD,1.38949816122418,103.877011997742,792409,12.079617910584657,0.27677709205702167,23.0
SENGKANG,4 ROOM,434B,FERNVALE RD,13 TO 15,94.0,Premium Apartment,2013,1103,453000.0,434B FERNVALE RD,1.39460960429021,103.876585517065,792434,12.622243351637573,0.30442367529173464,14.0
SENGKANG,4 ROOM,410A,FERNVALE RD,25 TO 27,96.0,Premium Apartment,2012,1096,455000.0,410A FERNVALE RD,1.39005269523174,103.875940509386,791410,12.112291322964118,0.2079081611388739,26.0
SENGKANG,4 ROOM,472A,FERNVALE ST,22 TO 24,93.0,Model A,2016,1143,470000.0,472A FERNVALE ST,1.39740224240408,103.881338084424,791472,13.049463786337151,0.09059125982505965,23.0
SENGKANG,4 ROOM,472A,FERNVALE ST,04 TO 06,93.0,Model A,2016,1143,440000.0,472A FERNVALE ST,1.39740224240408,103.881338084424,791472,13.049463786337151,0.09059125982505965,5.0
SENGKANG,4 ROOM,471A,FERNVALE ST,25 TO 27,93.0,Model A,2016,1142,435000.0,471A FERNVALE ST,1.39604094734393,103.880735419984,791471,12.886064414112793,0.24834437364137874,26.0
SENGKANG,4 ROOM,472B,FERNVALE ST,16 TO 18,93.0,Model A,2016,1142,458000.0,472B FERNVALE ST,1.39677177049675,103.881104301377,792472,12.975057416204054,0.1611257854978749,17.0
SENGKANG,4 ROOM,472A,FERNVALE ST,19 TO 21,93.0,Model A,2016,1142,460000.0,472A FERNVALE ST,1.39740224240408,103.881338084424,791472,13.049463786337151,0.09059125982505965,20.0
SENGKANG,4 ROOM,471B,FERNVALE ST,13 TO 15,93.0,Model A,2016,1142,456000.0,471B FERNVALE ST,1.39649875629749,103.880447337309,792471,12.927322275973816,0.2107414794524195,14.0
SENGKANG,4 ROOM,472B,FERNVALE ST,13 TO 15,93.0,Model A,2016,1142,452000.0,472B FERNVALE ST,1.39677177049675,103.881104301377,792472,12.975057416204054,0.1611257854978749,14.0
SENGKANG,4 ROOM,447A,JLN KAYU,16 TO 18,94.0,Model A,2013,1108,415000.0,447A JLN KAYU,1.3921382852483,103.872490556246,791447,12.259657685441942,0.42534993739699445,17.0
SENGKANG,4 ROOM,185C,RIVERVALE CRES,13 TO 15,85.0,Model A2,2000,954,347000.0,185C RIVERVALE CRES,1.39317369502634,103.906494405169,543185,13.601950372638285,0.19825104173548688,14.0
SENGKANG,4 ROOM,185C,RIVERVALE CRES,16 TO 18,85.0,Model A2,2000,956,350000.0,185C RIVERVALE CRES,1.39317369502634,103.906494405169,543185,13.601950372638285,0.19825104173548688,17.0
SENGKANG,4 ROOM,178A,RIVERVALE CRES,07 TO 09,93.0,Model A,2015,1124,375000.0,178A RIVERVALE CRES,1.3889732362803,103.909651594176,541178,13.352724811077671,0.4835089978003877,8.0
SENGKANG,4 ROOM,178A,RIVERVALE CRES,07 TO 09,93.0,Model A,2015,1124,375000.0,178A RIVERVALE CRES,1.3889732362803,103.909651594176,541178,13.352724811077671,0.4835089978003877,8.0
SENGKANG,4 ROOM,178B,RIVERVALE CRES,16 TO 18,93.0,Model A,2015,1124,405000.0,178B RIVERVALE CRES,1.38854689304718,103.910034044279,542178,13.331962157124797,0.5172563361862026,17.0
SENGKANG,4 ROOM,178B,RIVERVALE CRES,16 TO 18,93.0,Model A,2015,1124,392888.0,178B RIVERVALE CRES,1.38854689304718,103.910034044279,542178,13.331962157124797,0.5172563361862026,17.0
SENGKANG,4 ROOM,186B,RIVERVALE DR,13 TO 15,90.0,Model A,2001,955,362000.0,186B RIVERVALE DR,1.39280009752535,103.905610062045,542186,13.520833021362238,0.1534827801869124,14.0
SENGKANG,4 ROOM,195,RIVERVALE DR,13 TO 15,91.0,Model A,2001,960,335000.0,195 RIVERVALE DR,1.39282417800809,103.902400185088,540195,13.368336342556102,0.28179562132935404,14.0
SENGKANG,4 ROOM,121,RIVERVALE DR,16 TO 18,90.0,Model A,2000,949,378888.0,121 RIVERVALE DR,1.38700727244301,103.904788709879,540121,12.904961956195734,0.12978299766609036,17.0
SENGKANG,4 ROOM,123A,RIVERVALE DR,01 TO 03,101.0,Model A,1999,938,360000.0,123A RIVERVALE DR,1.38604163686578,103.902900571161,541123,12.713960992890575,0.24342618040600564,2.0
SENGKANG,4 ROOM,272A,SENGKANG CTRL,13 TO 15,90.0,Premium Apartment,2009,1061,552000.0,272A SENGKANG CTRL,1.38526180662915,103.893959317126,541272,12.219321260247042,0.28096538830782647,14.0
SENGKANG,4 ROOM,270A,SENGKANG CTRL,10 TO 12,93.0,Premium Apartment,2010,1066,556000.0,270A SENGKANG CTRL,1.3857519775168,103.894255028725,541270,12.282296518537116,0.3435284852741934,11.0
SENGKANG,4 ROOM,272C,SENGKANG CTRL,13 TO 15,90.0,Premium Apartment,2009,1061,565000.0,272C SENGKANG CTRL,1.38427332655847,103.893821005371,543272,12.112032557975532,0.1735589920296473,14.0
SENGKANG,4 ROOM,280B,SENGKANG EAST AVE,04 TO 06,92.0,Premium Apartment,2015,1130,548888.0,280B SENGKANG EAST AVE,1.38616197671749,103.892091814343,542280,12.233621373487729,0.1835315164169395,5.0
SENGKANG,4 ROOM,282B,SENGKANG EAST AVE,07 TO 09,92.0,Premium Apartment,2015,1130,560000.0,282B SENGKANG EAST AVE,1.38475821943149,103.891986745715,542282,12.084319483146691,0.2441943448896752,8.0
SENGKANG,4 ROOM,280B,SENGKANG EAST AVE,10 TO 12,92.0,Premium Apartment,2015,1130,582000.0,280B SENGKANG EAST AVE,1.38616197671749,103.892091814343,542280,12.233621373487729,0.1835315164169395,11.0
SENGKANG,4 ROOM,281B,SENGKANG EAST AVE,13 TO 15,92.0,Premium Apartment,2015,1129,590000.0,281B SENGKANG EAST AVE,1.38572827063194,103.891859598966,542281,12.179276090262594,0.18383029422360855,14.0
SENGKANG,4 ROOM,282A,SENGKANG EAST AVE,04 TO 06,92.0,Premium Apartment,2015,1129,548000.0,282A SENGKANG EAST AVE,1.38528977819863,103.891907359174,541282,12.135924353874097,0.220348697409872,5.0
SENGKANG,4 ROOM,282A,SENGKANG EAST AVE,04 TO 06,92.0,Premium Apartment,2015,1129,558000.0,282A SENGKANG EAST AVE,1.38528977819863,103.891907359174,541282,12.135924353874097,0.220348697409872,5.0
SENGKANG,4 ROOM,121C,SENGKANG EAST WAY,07 TO 09,91.0,Model A,2000,951,330000.0,121C SENGKANG EAST WAY,1.38629426559838,103.905380700368,543121,12.865084192406343,0.18891958935303294,8.0
SENGKANG,4 ROOM,261B,SENGKANG EAST WAY,07 TO 09,90.0,Model A,2000,951,420000.0,261B SENGKANG EAST WAY,1.39349432451651,103.894408242074,542261,13.086574210112316,0.23316435354465376,8.0
SENGKANG,4 ROOM,439C,SENGKANG WEST AVE,04 TO 06,94.0,Model A,2011,1077,412000.0,439C SENGKANG WEST AVE,1.39221691150855,103.878650536649,793439,12.416696275120385,0.1540555391358696,5.0
SENGKANG,4 ROOM,438B,SENGKANG WEST AVE,13 TO 15,94.0,Model A,2011,1076,438000.0,438B SENGKANG WEST AVE,1.39274518333866,103.877720031685,792438,12.44905979472847,0.18370132643622458,14.0
SENGKANG,4 ROOM,439C,SENGKANG WEST AVE,10 TO 12,94.0,Model A,2011,1075,408000.0,439C SENGKANG WEST AVE,1.39221691150855,103.878650536649,793439,12.416696275120385,0.1540555391358696,11.0
SENGKANG,4 ROOM,469C,SENGKANG WEST WAY,19 TO 21,93.0,Model A,2016,1142,450000.0,469C SENGKANG WEST WAY,1.39632353747039,103.877422028405,793469,12.828750814525941,0.22734621966071739,20.0
SENGKANG,4 ROOM,432B,SENGKANG WEST WAY,07 TO 09,93.0,Model A,2014,1120,400000.0,432B SENGKANG WEST WAY,1.39397232900968,103.877135274753,792432,12.566859771759637,0.24953802259561006,8.0
SENGKANG,4 ROOM,432B,SENGKANG WEST WAY,04 TO 06,93.0,Model A,2014,1120,397000.0,432B SENGKANG WEST WAY,1.39397232900968,103.877135274753,792432,12.566859771759637,0.24953802259561006,5.0
SENGKANG,4 ROOM,452A,SENGKANG WEST WAY,16 TO 18,92.0,Model A,2015,1127,410000.0,452A SENGKANG WEST WAY,1.39354732029357,103.874486020747,791452,12.45710934092389,0.27418583423090415,17.0
SENGKANG,4 ROOM,452A,SENGKANG WEST WAY,16 TO 18,92.0,Model A,2015,1128,416000.0,452A SENGKANG WEST WAY,1.39354732029357,103.874486020747,791452,12.45710934092389,0.27418583423090415,17.0
SENGKANG,4 ROOM,469A,SENGKANG WEST WAY,16 TO 18,93.0,Model A,2016,1141,420000.0,469A SENGKANG WEST WAY,1.39589511654296,103.878083108343,791469,12.799101756677633,0.31478087525540305,17.0
SENGKANG,4 ROOM,450A,SENGKANG WEST WAY,04 TO 06,92.0,Model A,2014,1116,410000.0,450A SENGKANG WEST WAY,1.39446814841577,103.873506723327,791450,12.535642125843044,0.39548644877033273,5.0
SENGKANG,4 ROOM,469B,SENGKANG WEST WAY,25 TO 27,93.0,Model A,2016,1141,460000.0,469B SENGKANG WEST WAY,1.39585256390138,103.877684905205,792469,12.784346593717359,0.2801347788623441,26.0
SENGKANG,5 ROOM,336D,ANCHORVALE CRES,07 TO 09,115.0,Premium Apartment,2015,1133,597000.0,336D ANCHORVALE CRES,1.39776902487201,103.888235889907,544336,13.303923981079718,0.13620838627659967,8.0
SENGKANG,5 ROOM,335A,ANCHORVALE CRES,16 TO 18,111.0,Premium Apartment,2015,1133,613500.0,335A ANCHORVALE CRES,1.39835828293606,103.889074371303,541335,13.395069988481106,0.13456974629742058,17.0
SENGKANG,5 ROOM,335A,ANCHORVALE CRES,13 TO 15,115.0,Premium Apartment,2015,1133,620000.0,335A ANCHORVALE CRES,1.39835828293606,103.889074371303,541335,13.395069988481106,0.13456974629742058,14.0
SENGKANG,5 ROOM,336B,ANCHORVALE CRES,10 TO 12,115.0,Premium Apartment,2015,1133,598000.0,336B ANCHORVALE CRES,1.39753870318824,103.889080056801,542336,13.308709793408877,0.0479920665069447,11.0
SENGKANG,5 ROOM,335A,ANCHORVALE CRES,01 TO 03,111.0,Premium Apartment,2015,1133,590000.0,335A ANCHORVALE CRES,1.39835828293606,103.889074371303,541335,13.395069988481106,0.13456974629742058,2.0
SENGKANG,5 ROOM,311A,ANCHORVALE LANE,13 TO 15,111.0,Premium Apartment,2002,974,407000.0,311A ANCHORVALE LANE,1.39096468167495,103.884060305383,541311,12.443125504908082,0.2676551633628627,14.0
SENGKANG,5 ROOM,304B,ANCHORVALE LINK,01 TO 03,110.0,Improved,2001,966,395000.0,304B ANCHORVALE LINK,1.38865003717567,103.889215386426,542304,12.37927015015322,0.2598722443806993,2.0
SENGKANG,5 ROOM,305B,ANCHORVALE LINK,01 TO 03,110.0,Improved,2001,966,385000.0,305B ANCHORVALE LINK,1.3891951454752,103.888598523836,542305,12.41336801704582,0.30665347463937626,2.0
SENGKANG,5 ROOM,309D,ANCHORVALE RD,13 TO 15,111.0,Premium Apartment,2002,976,412000.0,309D ANCHORVALE RD,1.3908111042137,103.885496222761,544309,12.474216133889929,0.16722885501644322,14.0
SENGKANG,5 ROOM,331A,ANCHORVALE ST,04 TO 06,112.0,Improved,2015,1130,550000.0,331A ANCHORVALE ST,1.39594975733852,103.890467920512,541331,13.190931935850703,0.18743830761338104,5.0
SENGKANG,5 ROOM,331A,ANCHORVALE ST,13 TO 15,112.0,Improved,2015,1130,575000.0,331A ANCHORVALE ST,1.39594975733852,103.890467920512,541331,13.190931935850703,0.18743830761338104,14.0
SENGKANG,5 ROOM,293D,COMPASSVALE CRES,01 TO 03,113.0,Improved,2016,1144,530000.0,293D COMPASSVALE CRES,1.39674216564884,103.895331584899,544293,13.460333216815041,0.178217025949951,2.0
SENGKANG,5 ROOM,227B,COMPASSVALE DR,16 TO 18,115.0,Improved,2000,943,465000.0,227B COMPASSVALE DR,1.3872099216084,103.900708221294,542227,12.723475697232598,0.3988805998726939,17.0
SENGKANG,5 ROOM,205C,COMPASSVALE LANE,04 TO 06,123.0,Improved,1999,935,465000.0,205C COMPASSVALE LANE,1.38609075927476,103.896503892256,543205,12.415650129563145,0.2203254368241571,5.0
SENGKANG,5 ROOM,267B,COMPASSVALE LINK,10 TO 12,110.0,Premium Apartment,2006,1016,498000.0,267B COMPASSVALE LINK,1.38319999468029,103.897433235307,542267,12.165155810234188,0.11794730918320788,11.0
SENGKANG,5 ROOM,267A,COMPASSVALE LINK,07 TO 09,110.0,Premium Apartment,2006,1015,530000.0,267A COMPASSVALE LINK,1.38295233185929,103.897862620782,541267,12.160319335416945,0.16065436657037743,8.0
SENGKANG,5 ROOM,268A,COMPASSVALE LINK,13 TO 15,110.0,Premium Apartment,2006,1015,538000.0,268A COMPASSVALE LINK,1.38416869382668,103.896647916276,541268,12.226912415892059,0.06120499466023918,14.0
SENGKANG,5 ROOM,203C,COMPASSVALE RD,01 TO 03,110.0,Improved,2001,955,420000.0,203C COMPASSVALE RD,1.38681200686527,103.895283375622,543203,12.435363471013204,0.3568524856416031,2.0
SENGKANG,5 ROOM,259C,COMPASSVALE RD,07 TO 09,110.0,Improved,2000,954,498000.0,259C COMPASSVALE RD,1.3933884601797,103.898081358537,543259,13.230028726585772,0.2948246392626462,8.0
SENGKANG,5 ROOM,236,COMPASSVALE WALK,10 TO 12,123.0,Improved,1999,936,480000.0,236 COMPASSVALE WALK,1.3904871662738,103.899438527283,540236,12.994912141300542,0.4595666748155726,11.0
SENGKANG,5 ROOM,241,COMPASSVALE WALK,04 TO 06,115.0,Improved,1999,939,480000.0,241 COMPASSVALE WALK,1.38999929694363,103.897698680698,540241,12.867043544147704,0.3081381569341226,5.0
SENGKANG,5 ROOM,228C,COMPASSVALE WALK,07 TO 09,121.0,Improved,2000,943,450000.0,228C COMPASSVALE WALK,1.38773170405615,103.900634316251,543228,12.772367929897808,0.45525333901527376,8.0
SENGKANG,5 ROOM,404A,FERNVALE LANE,04 TO 06,112.0,Premium Apartment,2004,994,375000.0,404A FERNVALE LANE,1.38834821726981,103.873814853605,791404,11.876072047219862,0.48123486924109365,5.0
SENGKANG,5 ROOM,405A,FERNVALE LANE,10 TO 12,112.0,Premium Apartment,2004,991,410000.0,405A FERNVALE LANE,1.38882291640561,103.873859040678,791405,11.92871945838327,0.4360578980023,11.0
SENGKANG,5 ROOM,415B,FERNVALE LINK,13 TO 15,113.0,Improved,2016,1135,540000.0,415B FERNVALE LINK,1.38884403585275,103.880083476817,792415,12.09411413538639,0.3598547076459326,14.0
SENGKANG,5 ROOM,416C,FERNVALE LINK,07 TO 09,112.0,Improved,2016,1135,560000.0,416C FERNVALE LINK,1.38979947929697,103.88064410102,793416,12.213038354336293,0.2626043549205714,8.0
SENGKANG,5 ROOM,468C,FERNVALE LINK,10 TO 12,113.0,Improved,2016,1142,562888.0,468C FERNVALE LINK,1.39689621112725,103.877785328873,793468,12.899897813350716,0.24357863296972815,11.0
SENGKANG,5 ROOM,415A,FERNVALE LINK,13 TO 15,113.0,Improved,2016,1134,589000.0,415A FERNVALE LINK,1.3890450841015,103.879415312113,791415,12.096418289463395,0.3442890952590384,14.0
SENGKANG,5 ROOM,416B,FERNVALE LINK,13 TO 15,112.0,Improved,2016,1134,585000.0,416B FERNVALE LINK,1.39048519034443,103.880509545623,792416,12.282635084240878,0.18516925748264207,14.0
SENGKANG,5 ROOM,415B,FERNVALE LINK,10 TO 12,113.0,Improved,2016,1134,580000.0,415B FERNVALE LINK,1.38884403585275,103.880083476817,792415,12.09411413538639,0.3598547076459326,11.0
SENGKANG,5 ROOM,415C,FERNVALE LINK,01 TO 03,113.0,Improved,2016,1134,518000.0,415C FERNVALE LINK,1.38931984965925,103.88050116533,793415,12.157401806093898,0.3113414624356045,2.0
SENGKANG,5 ROOM,416C,FERNVALE LINK,16 TO 18,113.0,Improved,2016,1134,585000.0,416C FERNVALE LINK,1.38979947929697,103.88064410102,793416,12.213038354336293,0.2626043549205714,17.0
SENGKANG,5 ROOM,440C,FERNVALE LINK,07 TO 09,113.0,Improved,2015,1128,542888.0,440C FERNVALE LINK,1.39254251803193,103.878161021085,793440,12.438741266569377,0.21399178592040283,8.0
SENGKANG,5 ROOM,415B,FERNVALE LINK,16 TO 18,113.0,Improved,2016,1134,598000.0,415B FERNVALE LINK,1.38884403585275,103.880083476817,792415,12.09411413538639,0.3598547076459326,17.0
SENGKANG,5 ROOM,416A,FERNVALE LINK,10 TO 12,113.0,Improved,2016,1134,560000.0,416A FERNVALE LINK,1.3906119627657,103.879963560438,791416,12.28045941445051,0.1633853751017747,11.0
SENGKANG,5 ROOM,440A,FERNVALE LINK,22 TO 24,113.0,Improved,2015,1128,572500.0,440A FERNVALE LINK,1.39318853941818,103.878692030242,791440,12.522636013996193,0.19314836899473267,23.0
SENGKANG,5 ROOM,416A,FERNVALE LINK,04 TO 06,113.0,Improved,2016,1134,525000.0,416A FERNVALE LINK,1.3906119627657,103.879963560438,791416,12.28045941445051,0.1633853751017747,5.0
SENGKANG,5 ROOM,415C,FERNVALE LINK,10 TO 12,113.0,Improved,2016,1134,608000.0,415C FERNVALE LINK,1.38931984965925,103.88050116533,793415,12.157401806093898,0.3113414624356045,11.0
SENGKANG,5 ROOM,416A,FERNVALE LINK,13 TO 15,113.0,Improved,2016,1134,542000.0,416A FERNVALE LINK,1.3906119627657,103.879963560438,791416,12.28045941445051,0.1633853751017747,14.0
SENGKANG,5 ROOM,416C,FERNVALE LINK,16 TO 18,112.0,Improved,2016,1134,595000.0,416C FERNVALE LINK,1.38979947929697,103.88064410102,793416,12.213038354336293,0.2626043549205714,17.0
SENGKANG,5 ROOM,434B,FERNVALE RD,25 TO 27,113.0,Premium Apartment,2013,1104,530000.0,434B FERNVALE RD,1.39460960429021,103.876585517065,792434,12.622243351637573,0.30442367529173464,26.0
SENGKANG,5 ROOM,406C,FERNVALE RD,07 TO 09,110.0,Premium Apartment,2004,1001,405000.0,406C FERNVALE RD,1.38867904803847,103.874702601249,793406,11.932991028158515,0.3987787088226809,8.0
SENGKANG,5 ROOM,409B,FERNVALE RD,07 TO 09,115.0,Premium Apartment,2004,1001,420000.0,409B FERNVALE RD,1.38949816122418,103.877011997742,792409,12.079617910584657,0.27677709205702167,8.0
SENGKANG,5 ROOM,472A,FERNVALE ST,22 TO 24,113.0,Improved,2016,1143,588888.88,472A FERNVALE ST,1.39740224240408,103.881338084424,791472,13.049463786337151,0.09059125982505965,23.0
SENGKANG,5 ROOM,472C,FERNVALE ST,10 TO 12,113.0,Improved,2016,1142,575000.0,472C FERNVALE ST,1.39631552198212,103.881167314758,793472,12.927775556511184,0.211202211752106,11.0
SENGKANG,5 ROOM,471A,FERNVALE ST,25 TO 27,113.0,Improved,2016,1142,585000.0,471A FERNVALE ST,1.39604094734393,103.880735419984,791471,12.886064414112793,0.24834437364137874,26.0
SENGKANG,5 ROOM,472A,FERNVALE ST,10 TO 12,113.0,Improved,2016,1142,585000.0,472A FERNVALE ST,1.39740224240408,103.881338084424,791472,13.049463786337151,0.09059125982505965,11.0
SENGKANG,5 ROOM,155,RIVERVALE CRES,04 TO 06,110.0,Improved,2005,1014,410000.0,155 RIVERVALE CRES,1.3906986624878,103.907208774203,540155,13.393211077748326,0.1618034602287776,5.0
SENGKANG,5 ROOM,155,RIVERVALE CRES,10 TO 12,110.0,Improved,2005,1014,435000.0,155 RIVERVALE CRES,1.3906986624878,103.907208774203,540155,13.393211077748326,0.1618034602287776,11.0
SENGKANG,5 ROOM,148,RIVERVALE CRES,01 TO 03,116.0,Improved,1999,937,405000.0,148 RIVERVALE CRES,1.39076215487922,103.905195828794,540148,13.297532910696281,0.11680669577354562,2.0
SENGKANG,5 ROOM,158D,RIVERVALE CRES,16 TO 18,111.0,Premium Apartment,2003,986,400000.0,158D RIVERVALE CRES,1.38841932024871,103.907241901937,544158,13.170736348992975,0.20865273028684628,17.0
SENGKANG,5 ROOM,183B,RIVERVALE CRES,04 TO 06,110.0,Improved,2003,982,400000.0,183B RIVERVALE CRES,1.39130624638809,103.908329711702,542183,13.510964709335614,0.26253162269450986,5.0
SENGKANG,5 ROOM,188A,RIVERVALE DR,16 TO 18,115.0,Improved,2000,949,412000.0,188A RIVERVALE DR,1.39428260901923,103.905324978488,541188,13.65474857200093,0.32111435616684497,17.0
SENGKANG,5 ROOM,121,RIVERVALE DR,01 TO 03,110.0,Improved,2000,949,415000.0,121 RIVERVALE DR,1.38700727244301,103.904788709879,540121,12.904961956195734,0.12978299766609036,2.0
SENGKANG,5 ROOM,190A,RIVERVALE DR,16 TO 18,115.0,Improved,2000,946,430000.0,190A RIVERVALE DR,1.39508286035406,103.902774420891,541190,13.613664020955396,0.2620093671815004,17.0
SENGKANG,5 ROOM,123D,RIVERVALE DR,04 TO 06,115.0,Improved,1999,935,416000.0,123D RIVERVALE DR,1.38684496487943,103.902192105408,544123,12.758840922333265,0.320913208414587,5.0
SENGKANG,5 ROOM,127,RIVERVALE ST,07 TO 09,120.0,Improved,1999,937,420000.0,127 RIVERVALE ST,1.39059360318199,103.902213493166,540127,13.135120168928136,0.42915296735840014,8.0
SENGKANG,5 ROOM,133,RIVERVALE ST,13 TO 15,122.0,Improved,1999,931,410000.0,133 RIVERVALE ST,1.38864259962865,103.903635505967,540133,13.009162138059455,0.21048529729263446,14.0
SENGKANG,5 ROOM,280A,SENGKANG EAST AVE,07 TO 09,112.0,Premium Apartment,2015,1130,665000.0,280A SENGKANG EAST AVE,1.38616165479022,103.892278601256,541280,12.241262192181887,0.20318876920196716,8.0
SENGKANG,5 ROOM,279B,SENGKANG EAST AVE,01 TO 03,112.0,Premium Apartment,2015,1130,580000.0,279B SENGKANG EAST AVE,1.38541559450444,103.892986078183,542279,12.193767896032746,0.28258505068999284,2.0
SENGKANG,5 ROOM,282B,SENGKANG EAST AVE,01 TO 03,112.0,Premium Apartment,2015,1130,635000.0,282B SENGKANG EAST AVE,1.38475821943149,103.891986745715,542282,12.084319483146691,0.2441943448896752,2.0
SENGKANG,5 ROOM,280B,SENGKANG EAST AVE,01 TO 03,112.0,Premium Apartment,2015,1129,630000.0,280B SENGKANG EAST AVE,1.38616197671749,103.892091814343,542280,12.233621373487729,0.1835315164169395,2.0
SENGKANG,5 ROOM,469B,SENGKANG WEST WAY,13 TO 15,113.0,Improved,2016,1142,558000.0,469B SENGKANG WEST WAY,1.39585256390138,103.877684905205,792469,12.784346593717359,0.2801347788623441,14.0
SENGKANG,5 ROOM,469C,SENGKANG WEST WAY,01 TO 03,113.0,Improved,2016,1142,516000.0,469C SENGKANG WEST WAY,1.39632353747039,103.877422028405,793469,12.828750814525941,0.22734621966071739,2.0
SENGKANG,5 ROOM,469C,SENGKANG WEST WAY,10 TO 12,113.0,Improved,2016,1141,555000.0,469C SENGKANG WEST WAY,1.39632353747039,103.877422028405,793469,12.828750814525941,0.22734621966071739,11.0
SENGKANG,EXECUTIVE,312B,ANCHORVALE LANE,10 TO 12,126.0,Premium Apartment,2002,977,506000.0,312B ANCHORVALE LANE,1.39173421861576,103.885497782179,542312,12.572128147208272,0.26811952637362735,11.0
SENGKANG,EXECUTIVE,306B,ANCHORVALE LINK,07 TO 09,125.0,Apartment,2001,965,540000.0,306B ANCHORVALE LINK,1.38967246123379,103.888614222807,542306,12.464018340462905,0.3100344339697106,8.0
SENGKANG,EXECUTIVE,310A,ANCHORVALE RD,13 TO 15,128.0,Premium Apartment,2003,978,565000.0,310A ANCHORVALE RD,1.3909053148199,103.885024959643,541310,12.468441242916287,0.1956541341151154,14.0
SENGKANG,EXECUTIVE,299B,COMPASSVALE ST,16 TO 18,134.0,Premium Apartment,2001,962,565000.0,299B COMPASSVALE ST,1.39682859571624,103.901186812758,542299,13.718180540058668,0.2709289835127573,17.0
SENGKANG,EXECUTIVE,297A,COMPASSVALE ST,13 TO 15,134.0,Premium Apartment,2001,961,570077.0,297A COMPASSVALE ST,1.39483596039701,103.900697317347,541297,13.493512457776017,0.04441336171431276,14.0
SENGKANG,EXECUTIVE,297A,COMPASSVALE ST,04 TO 06,134.0,Premium Apartment,2001,961,532000.0,297A COMPASSVALE ST,1.39483596039701,103.900697317347,541297,13.493512457776017,0.04441336171431276,5.0
SENGKANG,EXECUTIVE,139,RIVERVALE ST,13 TO 15,140.0,Apartment,1999,930,580000.0,139 RIVERVALE ST,1.38887019170638,103.904295614592,540139,13.064623676789317,0.15802259564340987,14.0
SENGKANG,EXECUTIVE,324C,SENGKANG EAST WAY,04 TO 06,125.0,Apartment,2002,972,558000.0,324C SENGKANG EAST WAY,1.39254408668838,103.891776534324,543324,12.883673733988024,0.4205711246526509,5.0
SERANGOON,3 ROOM,4,LOR LEW LIAN,07 TO 09,64.0,Improved,1978,682,300000.0,4 LOR LEW LIAN,1.35026200356709,103.876485050647,531004,7.884526690449559,0.4148584007528498,8.0
SERANGOON,3 ROOM,4,LOR LEW LIAN,13 TO 15,64.0,Improved,1978,682,335000.0,4 LOR LEW LIAN,1.35026200356709,103.876485050647,531004,7.884526690449559,0.4148584007528498,14.0
SERANGOON,3 ROOM,306,SERANGOON AVE 2,10 TO 12,60.0,Improved,1985,764,328000.0,306 SERANGOON AVE 2,1.354170253505,103.866885717087,550306,7.998698168127194,0.4162488550477095,11.0
SERANGOON,3 ROOM,303,SERANGOON AVE 2,04 TO 06,60.0,Improved,1984,761,266000.0,303 SERANGOON AVE 2,1.35349356621383,103.867045529778,550303,7.929063713474152,0.38370870959296677,5.0
SERANGOON,3 ROOM,221,SERANGOON AVE 4,07 TO 09,67.0,New Generation,1984,762,283500.0,221 SERANGOON AVE 4,1.3591460613704,103.871810901097,550221,8.666275328983097,0.9525472332533393,8.0
SERANGOON,3 ROOM,215,SERANGOON AVE 4,01 TO 03,67.0,New Generation,1985,766,295000.0,215 SERANGOON AVE 4,1.35786532790131,103.873424839621,550215,8.578105084143175,0.8074013465897654,2.0
SERANGOON,3 ROOM,108,SERANGOON NTH AVE 1,04 TO 06,70.0,Improved,1985,764,290000.0,108 SERANGOON NTH AVE 1,1.36990140336943,103.87120683593,550108,9.810639867383673,1.881980461713553,5.0
SERANGOON,3 ROOM,105,SERANGOON NTH AVE 1,13 TO 15,60.0,Improved,1985,766,270000.0,105 SERANGOON NTH AVE 1,1.37024745860601,103.870225980491,550105,9.824471547070516,1.9935785650416233,14.0
SERANGOON,3 ROOM,153,SERANGOON NTH AVE 1,01 TO 03,64.0,Simplified,1986,781,255000.0,153 SERANGOON NTH AVE 1,1.36995099685808,103.872312298412,550153,9.84417010710908,1.786138146782244,2.0
SERANGOON,4 ROOM,309,SERANGOON AVE 2,07 TO 09,93.0,New Generation,1985,766,456000.0,309 SERANGOON AVE 2,1.35380565313156,103.865214056968,550309,7.921244400343015,0.27097885663451793,8.0
SERANGOON,4 ROOM,309,SERANGOON AVE 2,07 TO 09,95.0,New Generation,1985,765,459000.0,309 SERANGOON AVE 2,1.35380565313156,103.865214056968,550309,7.921244400343015,0.27097885663451793,8.0
SERANGOON,4 ROOM,323,SERANGOON AVE 3,10 TO 12,84.0,Simplified,1985,774,425000.0,323 SERANGOON AVE 3,1.35116857435372,103.869408469694,550323,7.740320924853221,0.3785685246058238,11.0
SERANGOON,4 ROOM,330,SERANGOON AVE 3,10 TO 12,84.0,Simplified,1986,780,555000.0,330 SERANGOON AVE 3,1.34993696977745,103.869562944176,550330,7.612573075531898,0.3650084316948202,11.0
SERANGOON,4 ROOM,246,SERANGOON AVE 3,10 TO 12,84.0,Simplified,1986,774,470000.0,246 SERANGOON AVE 3,1.35192270531399,103.869660835834,550246,7.8285728835646635,0.3743424040723915,11.0
SERANGOON,4 ROOM,414,SERANGOON CTRL,04 TO 06,108.0,Model A,1989,810,592000.0,414 SERANGOON CTRL,1.34880894396479,103.874405968198,550414,7.6535536915117435,0.2723459056929083,5.0
SERANGOON,4 ROOM,421,SERANGOON CTRL,04 TO 06,111.0,Model A,1989,814,660000.0,421 SERANGOON CTRL,1.348845490498,103.875224639926,550421,7.688128648568139,0.33747533206951214,5.0
SERANGOON,4 ROOM,210,SERANGOON CTRL,07 TO 09,88.0,Simplified,1985,770,518000.0,210 SERANGOON CTRL,1.35492978202648,103.873639912916,550210,8.272742417143778,0.48736488744684975,8.0
SERANGOON,4 ROOM,114,SERANGOON NTH AVE 1,04 TO 06,98.0,New Generation,1986,777,365000.0,114 SERANGOON NTH AVE 1,1.3688522558684,103.871488888571,550114,9.704092343410364,1.790979897165249,5.0
SERANGOON,4 ROOM,111,SERANGOON NTH AVE 1,04 TO 06,91.0,New Generation,1985,772,330000.0,111 SERANGOON NTH AVE 1,1.36904731272801,103.870584006425,550111,9.70271722908412,1.8877611780591075,5.0
SERANGOON,4 ROOM,118,SERANGOON NTH AVE 1,04 TO 06,91.0,New Generation,1986,774,338000.0,118 SERANGOON NTH AVE 1,1.36759548630876,103.870917753447,550118,9.55356737644456,1.7757410852364806,5.0
SERANGOON,4 ROOM,141,SERANGOON NTH AVE 2,07 TO 09,103.0,Model A,1989,814,440000.0,141 SERANGOON NTH AVE 2,1.36859421304209,103.874523243764,550141,9.75914955482784,1.4995885259559734,8.0
SERANGOON,4 ROOM,547,SERANGOON NTH AVE 3,13 TO 15,100.0,Model A,1997,917,412000.0,547 SERANGOON NTH AVE 3,1.37375213159225,103.87064478064,550547,10.215256468606169,2.1123916644242633,14.0
SERANGOON,4 ROOM,546,SERANGOON NTH AVE 3,01 TO 03,100.0,Model A,1998,918,350000.0,546 SERANGOON NTH AVE 3,1.37482523313127,103.870146844732,550546,10.320731665865617,2.0169275321897104,2.0
SERANGOON,4 ROOM,524,SERANGOON NTH AVE 4,10 TO 12,104.0,Model A,1992,855,395000.0,524 SERANGOON NTH AVE 4,1.37269507866103,103.872856788426,550524,10.154984790933684,1.9438454683156043,11.0
SERANGOON,5 ROOM,213,SERANGOON AVE 4,13 TO 15,125.0,Improved,1985,763,646000.0,213 SERANGOON AVE 4,1.35717269116489,103.873093293448,550213,8.493800368845863,0.7279906370605296,14.0
SERANGOON,5 ROOM,414,SERANGOON CTRL,04 TO 06,121.0,Improved,1989,811,730000.0,414 SERANGOON CTRL,1.34880894396479,103.874405968198,550414,7.6535536915117435,0.2723459056929083,5.0
SERANGOON,5 ROOM,121,SERANGOON NTH AVE 1,10 TO 12,121.0,Improved,1985,768,490000.0,121 SERANGOON NTH AVE 1,1.36693542180082,103.8712847222,550121,9.49145395512376,1.7061501588783627,11.0
SERANGOON,5 ROOM,114,SERANGOON NTH AVE 1,07 TO 09,123.0,Improved,1986,776,496000.0,114 SERANGOON NTH AVE 1,1.3688522558684,103.871488888571,550114,9.704092343410364,1.790979897165249,8.0
SERANGOON,5 ROOM,548,SERANGOON NTH AVE 3,10 TO 12,120.0,Improved,1998,918,518000.0,548 SERANGOON NTH AVE 3,1.37315869844339,103.870675913355,550548,10.151453216126797,2.1544057789620394,11.0
SERANGOON,5 ROOM,500,SERANGOON NTH AVE 4,13 TO 15,124.0,Improved,1992,857,520000.0,500 SERANGOON NTH AVE 4,1.37452601630701,103.875744233814,550500,10.431329531264378,1.88397178753702,14.0
SERANGOON,5 ROOM,540,SERANGOON NTH AVE 4,10 TO 12,122.0,Improved,1992,856,515000.0,540 SERANGOON NTH AVE 4,1.37461893085731,103.872573520638,550540,10.355930786384613,1.964379060134342,11.0
SERANGOON,EXECUTIVE,317,SERANGOON AVE 2,07 TO 09,149.0,Maisonette,1985,767,800000.0,317 SERANGOON AVE 2,1.35260972084146,103.866222094228,550317,7.813491971402552,0.2554644358433661,8.0
SERANGOON,EXECUTIVE,544,SERANGOON NTH AVE 3,10 TO 12,140.0,Apartment,1997,916,720000.0,544 SERANGOON NTH AVE 3,1.37440959294033,103.870931188069,550544,10.29340405905468,2.0331368510365513,11.0
SERANGOON,EXECUTIVE,539,SERANGOON NTH AVE 4,01 TO 03,147.0,Maisonette,1992,857,665000.0,539 SERANGOON NTH AVE 4,1.37496192242403,103.872188582292,550539,10.383522921368554,1.9367888281322558,2.0
TAMPINES,3 ROOM,890B,TAMPINES AVE 1,13 TO 15,69.0,Model A,2015,1130,405000.0,890B TAMPINES AVE 1,1.34690555756363,103.933409216927,522890,11.48880050198784,0.579891510234346,14.0
TAMPINES,3 ROOM,909,TAMPINES AVE 4,01 TO 03,80.0,Model A,1984,753,330000.0,909 TAMPINES AVE 4,1.35019740098746,103.939407095255,520909,12.241000644365892,0.5316773570277449,2.0
TAMPINES,3 ROOM,499B,TAMPINES AVE 9,01 TO 03,67.0,Model A,2014,1113,350000.0,499B TAMPINES AVE 9,1.35887020526725,103.956331658876,522499,14.328346578411349,0.35258454005263057,2.0
TAMPINES,3 ROOM,524B,TAMPINES CTRL 7,07 TO 09,67.0,Model A,2015,1130,390000.0,524B TAMPINES CTRL 7,1.35895813519086,103.938911100785,522524,12.809327182132941,0.9358426033589944,8.0
TAMPINES,3 ROOM,524B,TAMPINES CTRL 7,16 TO 18,67.0,Model A,2015,1129,412000.0,524B TAMPINES CTRL 7,1.35895813519086,103.938911100785,522524,12.809327182132941,0.9358426033589944,17.0
TAMPINES,3 ROOM,523B,TAMPINES CTRL 7,10 TO 12,67.0,Model A,2015,1129,410000.0,523B TAMPINES CTRL 7,1.35986668073238,103.938372890966,522523,12.830284468122786,1.048614217694251,11.0
TAMPINES,3 ROOM,522A,TAMPINES CTRL 7,07 TO 09,67.0,Model A,2015,1129,385000.0,522A TAMPINES CTRL 7,1.3577691377884,103.938391967692,521522,12.679562296976764,0.900151744438587,8.0
TAMPINES,3 ROOM,520C,TAMPINES CTRL 8,13 TO 15,61.0,DBSS,2014,1116,497000.0,520C TAMPINES CTRL 8,1.35674170789189,103.939692399456,523520,12.7169681818949,0.7167170052774668,14.0
TAMPINES,3 ROOM,519A,TAMPINES CTRL 8,07 TO 09,62.0,DBSS,2014,1115,460000.0,519A TAMPINES CTRL 8,1.35727594461393,103.940381600354,521519,12.81386860404318,0.6896799376019348,8.0
TAMPINES,3 ROOM,101,TAMPINES ST 11,04 TO 06,75.0,Model A,1982,729,285000.0,101 TAMPINES ST 11,1.34739870794535,103.945292359327,521101,12.592281274048526,0.656569430514945,5.0
TAMPINES,3 ROOM,138,TAMPINES ST 11,01 TO 03,79.0,Model A,1984,750,320888.0,138 TAMPINES ST 11,1.3455045062724,103.945588355383,521138,12.50291535955116,0.7949793116574818,2.0
TAMPINES,3 ROOM,109,TAMPINES ST 11,10 TO 12,74.0,Model A,1984,758,309000.0,109 TAMPINES ST 11,1.34740780737329,103.948811827647,521109,12.918649458781667,0.6896076705551423,11.0
TAMPINES,3 ROOM,264,TAMPINES ST 21,04 TO 06,74.0,Model A,1984,759,275000.0,264 TAMPINES ST 21,1.35280486506653,103.951145711638,520264,13.468772558768173,0.5405693800031475,5.0
TAMPINES,3 ROOM,269,TAMPINES ST 21,07 TO 09,79.0,Model A,1984,753,313000.0,269 TAMPINES ST 21,1.35074543601676,103.948024392634,520269,13.05314085762841,0.42808902190536513,8.0
TAMPINES,3 ROOM,207,TAMPINES ST 21,04 TO 06,79.0,Model A,1982,731,315000.0,207 TAMPINES ST 21,1.35136271207896,103.952226216363,520207,13.477826119930809,0.599973076305623,5.0
TAMPINES,3 ROOM,207,TAMPINES ST 21,07 TO 09,75.0,Model A,1982,731,335000.0,207 TAMPINES ST 21,1.35136271207896,103.952226216363,520207,13.477826119930809,0.599973076305623,8.0
TAMPINES,3 ROOM,201D,TAMPINES ST 21,04 TO 06,68.0,New Generation,1987,796,300000.0,201D TAMPINES ST 21,1.35226231425316,103.953586491358,524201,13.659128883511777,0.4521683756314067,5.0
TAMPINES,3 ROOM,271,TAMPINES ST 21,10 TO 12,75.0,Model A,1984,759,340000.0,271 TAMPINES ST 21,1.34980832347153,103.949577963482,520271,13.13706416234284,0.6274931811134508,11.0
TAMPINES,3 ROOM,296,TAMPINES ST 22,07 TO 09,67.0,New Generation,1985,769,322000.0,296 TAMPINES ST 22,1.35098787549144,103.955482035159,520296,13.757347055302704,0.5862357376702694,8.0
TAMPINES,3 ROOM,280,TAMPINES ST 22,07 TO 09,74.0,Model A,1984,756,313800.0,280 TAMPINES ST 22,1.34753519689194,103.951702776881,520280,13.196519074313436,0.5162198478144948,8.0
TAMPINES,3 ROOM,223,TAMPINES ST 24,04 TO 06,67.0,New Generation,1985,773,260000.0,223 TAMPINES ST 24,1.35538447535137,103.953204502396,521223,13.820571484901592,0.18253940154885098,5.0
TAMPINES,3 ROOM,218,TAMPINES ST 24,04 TO 06,73.0,Model A,1985,764,315000.0,218 TAMPINES ST 24,1.35443550096726,103.952286197035,520218,13.676401653541053,0.3259878194962424,5.0
TAMPINES,3 ROOM,420,TAMPINES ST 41,04 TO 06,74.0,Model A,1985,768,306500.0,420 TAMPINES ST 41,1.35786466213391,103.947534562834,520420,13.476396876084273,0.5727396804019907,5.0
TAMPINES,3 ROOM,422,TAMPINES ST 41,04 TO 06,64.0,Simplified,1985,770,338000.0,422 TAMPINES ST 41,1.35731431611461,103.947005050195,520422,13.392426253660313,0.49179640423791265,5.0
TAMPINES,3 ROOM,403,TAMPINES ST 41,07 TO 09,60.0,Improved,1985,771,262000.0,403 TAMPINES ST 41,1.35751161946385,103.944917908671,520403,13.222820293405956,0.46881856154684504,8.0
TAMPINES,3 ROOM,408,TAMPINES ST 41,07 TO 09,69.0,Improved,1985,767,300888.0,408 TAMPINES ST 41,1.35877855850616,103.945268291852,520408,13.340895764016137,0.6091724402283536,8.0
TAMPINES,3 ROOM,494D,TAMPINES ST 43,10 TO 12,67.0,Model A,2015,1132,390000.0,494D TAMPINES ST 43,1.36380015761494,103.953438683803,524494,14.39962797345209,0.8564248207145296,11.0
TAMPINES,3 ROOM,436,TAMPINES ST 43,04 TO 06,74.0,Model A,1986,784,320000.0,436 TAMPINES ST 43,1.3595896657359,103.95159077743,520436,13.951200477647744,0.5072056979708583,5.0
TAMPINES,3 ROOM,818,TAMPINES ST 81,07 TO 09,73.0,Model A,1984,755,335000.0,818 TAMPINES ST 81,1.34797229492491,103.93683820272,520818,11.864048539872995,0.32592532507336325,8.0
TAMPINES,3 ROOM,817,TAMPINES ST 81,01 TO 03,73.0,Model A,1984,759,305000.0,817 TAMPINES ST 81,1.34763507689117,103.936695602239,520817,11.828873652864567,0.3050091661550481,2.0
TAMPINES,3 ROOM,845,TAMPINES ST 83,07 TO 09,74.0,Model A,1987,797,343000.0,845 TAMPINES ST 83,1.35218255588167,103.934926756252,520845,11.985785545401667,0.8377857780912926,8.0
TAMPINES,3 ROOM,930,TAMPINES ST 91,10 TO 12,73.0,Model A,1984,761,366000.0,930 TAMPINES ST 91,1.34596292007996,103.939614775098,520930,11.98221701757737,0.14007102438403585,11.0
TAMPINES,4 ROOM,168A,SIMEI LANE,07 TO 09,94.0,DBSS,2011,1077,655000.0,168A SIMEI LANE,1.34273869646672,103.958976326972,521168,13.621757048654027,0.29891257174179797,8.0
TAMPINES,4 ROOM,102,SIMEI ST 1,04 TO 06,104.0,Model A,1988,809,458000.0,102 SIMEI ST 1,1.34134724976252,103.951355074928,520102,12.807217752060753,0.3046809962923351,5.0
TAMPINES,4 ROOM,107,SIMEI ST 1,01 TO 03,104.0,Model A,1988,808,460000.0,107 SIMEI ST 1,1.3421611396727,103.950489942022,520107,12.769624055695692,0.34064849878254533,2.0
TAMPINES,4 ROOM,134,SIMEI ST 1,04 TO 06,103.0,Model A,1988,806,395000.0,134 SIMEI ST 1,1.34814861594365,103.955648416036,520134,13.604486631879753,0.6053821984406886,5.0
TAMPINES,4 ROOM,133,SIMEI ST 1,01 TO 03,88.0,Simplified,1988,805,374000.0,133 SIMEI ST 1,1.34731366588756,103.955678504969,520133,13.558821202368165,0.5241149214312605,2.0
TAMPINES,4 ROOM,134,SIMEI ST 1,04 TO 06,84.0,Simplified,1988,806,350000.0,134 SIMEI ST 1,1.34814861594365,103.955648416036,520134,13.604486631879753,0.6053821984406886,5.0
TAMPINES,4 ROOM,146,SIMEI ST 2,07 TO 09,104.0,Model A,1988,806,464000.0,146 SIMEI ST 2,1.34464143544848,103.955916773177,520146,13.429588957306583,0.32501011696437015,8.0
TAMPINES,4 ROOM,146,SIMEI ST 2,01 TO 03,104.0,Model A,1988,806,411000.0,146 SIMEI ST 2,1.34464143544848,103.955916773177,520146,13.429588957306583,0.32501011696437015,2.0
TAMPINES,4 ROOM,231,SIMEI ST 4,07 TO 09,104.0,Model A,1989,813,430118.0,231 SIMEI ST 4,1.34360960148098,103.956903452364,520231,13.46757551564281,0.39520171406059906,8.0
TAMPINES,4 ROOM,224,SIMEI ST 4,01 TO 03,104.0,Model A,1989,816,430000.0,224 SIMEI ST 4,1.34287178966991,103.95756183721,520224,13.491237134162105,0.45257815088392245,2.0
TAMPINES,4 ROOM,246,SIMEI ST 5,01 TO 03,105.0,Model A,1997,906,465000.0,246 SIMEI ST 5,1.34505922260533,103.954165735566,520246,13.285423550370458,0.22449557651961846,2.0
TAMPINES,4 ROOM,890A,TAMPINES AVE 1,01 TO 03,93.0,Model A,2015,1131,480000.0,890A TAMPINES AVE 1,1.34672448664678,103.933876119392,521890,11.517757598548954,0.5245290766625857,2.0
TAMPINES,4 ROOM,890A,TAMPINES AVE 1,01 TO 03,93.0,Model A,2015,1130,505000.0,890A TAMPINES AVE 1,1.34672448664678,103.933876119392,521890,11.517757598548954,0.5245290766625857,2.0
TAMPINES,4 ROOM,890A,TAMPINES AVE 1,13 TO 15,93.0,Model A,2015,1130,560000.0,890A TAMPINES AVE 1,1.34672448664678,103.933876119392,521890,11.517757598548954,0.5245290766625857,14.0
TAMPINES,4 ROOM,890A,TAMPINES AVE 1,07 TO 09,93.0,Model A,2015,1130,550000.0,890A TAMPINES AVE 1,1.34672448664678,103.933876119392,521890,11.517757598548954,0.5245290766625857,8.0
TAMPINES,4 ROOM,890C,TAMPINES AVE 1,10 TO 12,93.0,Model A,2015,1130,558000.0,890C TAMPINES AVE 1,1.34731357875035,103.933767368291,523890,11.548027294705799,0.5562740873747228,11.0
TAMPINES,4 ROOM,908,TAMPINES AVE 4,04 TO 06,108.0,Model A,1983,748,410000.0,908 TAMPINES AVE 4,1.35054009247178,103.938716143463,520908,12.202870429451085,0.5595920477981966,5.0
TAMPINES,4 ROOM,805,TAMPINES AVE 4,10 TO 12,92.0,New Generation,1985,764,435000.0,805 TAMPINES AVE 4,1.34611545769579,103.937408478235,520805,11.792504881815919,0.1323825339974552,11.0
TAMPINES,4 ROOM,902,TAMPINES AVE 4,01 TO 03,104.0,Model A,1984,756,435000.0,902 TAMPINES AVE 4,1.35128036439795,103.939195191948,520902,12.29520930045848,0.6465627588492862,2.0
TAMPINES,4 ROOM,807,TAMPINES AVE 4,07 TO 09,104.0,Model A,1984,753,428000.0,807 TAMPINES AVE 4,1.34586624483884,103.936093443277,520807,11.658032318656181,0.2634229099242815,8.0
TAMPINES,4 ROOM,869A,TAMPINES AVE 8,04 TO 06,92.0,Model A,2015,1128,470000.0,869A TAMPINES AVE 8,1.35501799093941,103.93231742743,521869,11.968707629526293,1.2566948028869924,5.0
TAMPINES,4 ROOM,868A,TAMPINES AVE 8,16 TO 18,92.0,Model A,2015,1127,545000.0,868A TAMPINES AVE 8,1.35544681770999,103.932544278099,521868,12.019157021896408,1.2839980149035346,17.0
TAMPINES,4 ROOM,868A,TAMPINES AVE 8,04 TO 06,92.0,Model A,2015,1127,503000.0,868A TAMPINES AVE 8,1.35544681770999,103.932544278099,521868,12.019157021896408,1.2839980149035346,5.0
TAMPINES,4 ROOM,485B,TAMPINES AVE 9,04 TO 06,104.0,Model A,1989,815,392000.0,485B TAMPINES AVE 9,1.35984427795017,103.956436060173,521485,14.401030205892722,0.4528629591169722,5.0
TAMPINES,4 ROOM,487A,TAMPINES AVE 9,10 TO 12,109.0,Model A,1989,821,458000.0,487A TAMPINES AVE 9,1.35955070322442,103.957814102254,520487,14.506443375054053,0.5142544606361334,11.0
TAMPINES,4 ROOM,486C,TAMPINES AVE 9,07 TO 09,108.0,Model A,1993,866,410000.0,486C TAMPINES AVE 9,1.35886425463447,103.957299555489,522486,14.415611207676251,0.41964027536478826,8.0
TAMPINES,4 ROOM,505,TAMPINES CTRL 1,01 TO 03,103.0,Model A,1989,817,463000.0,505 TAMPINES CTRL 1,1.3555484823662,103.945616071023,520505,13.150482023721253,0.25528521682941974,2.0
TAMPINES,4 ROOM,523C,TAMPINES CTRL 7,13 TO 15,93.0,Model A,2015,1130,578000.0,523C TAMPINES CTRL 7,1.35988670789408,103.938870018657,523523,12.873393662256403,1.011286835425008,14.0
TAMPINES,4 ROOM,523C,TAMPINES CTRL 7,01 TO 03,93.0,Model A,2015,1129,500000.0,523C TAMPINES CTRL 7,1.35988670789408,103.938870018657,523523,12.873393662256403,1.011286835425008,2.0
TAMPINES,4 ROOM,519B,TAMPINES CTRL 8,04 TO 06,84.0,DBSS,2014,1115,615000.0,519B TAMPINES CTRL 8,1.35743365377488,103.940051716546,522519,12.796810654570317,0.7291393072520456,5.0
TAMPINES,4 ROOM,127,TAMPINES ST 11,04 TO 06,103.0,Model A,1985,772,365000.0,127 TAMPINES ST 11,1.34543163487949,103.95064762788,521127,12.972792709534724,0.3913008355499355,5.0
TAMPINES,4 ROOM,150,TAMPINES ST 12,04 TO 06,103.0,Model A,1984,756,490000.0,150 TAMPINES ST 12,1.35094609975013,103.943260115057,521150,12.63452639473142,0.3353906382753168,5.0
TAMPINES,4 ROOM,141,TAMPINES ST 12,04 TO 06,107.0,Model A,1984,758,415000.0,141 TAMPINES ST 12,1.34824895315275,103.944920713854,521141,12.61149148806981,0.5623726578037175,5.0
TAMPINES,4 ROOM,240,TAMPINES ST 21,04 TO 06,105.0,Model A,1984,758,450000.0,240 TAMPINES ST 21,1.35500406974434,103.947121420342,520240,13.24778961947892,0.2900443798295924,5.0
TAMPINES,4 ROOM,234,TAMPINES ST 21,07 TO 09,104.0,Model A,1984,762,468500.0,234 TAMPINES ST 21,1.35590413566011,103.948024616734,521234,13.388096554815053,0.4315579515444751,8.0
TAMPINES,4 ROOM,203,TAMPINES ST 21,01 TO 03,104.0,Model A,1983,748,400000.0,203 TAMPINES ST 21,1.35221380431142,103.952454044118,520203,13.551692595959725,0.5043581637770963,2.0
TAMPINES,4 ROOM,261,TAMPINES ST 21,01 TO 03,105.0,Model A,1984,758,385000.0,261 TAMPINES ST 21,1.35430349274332,103.950965475574,520261,13.54789986785941,0.45871709201983824,2.0
TAMPINES,4 ROOM,246,TAMPINES ST 21,01 TO 03,93.0,New Generation,1984,759,400000.0,246 TAMPINES ST 21,1.35322549774418,103.947232182338,521246,13.140691355537895,0.23220789742227654,2.0
TAMPINES,4 ROOM,263,TAMPINES ST 21,07 TO 09,103.0,Model A,1984,758,460000.0,263 TAMPINES ST 21,1.35330602954221,103.95114433296,520263,13.50042461705156,0.503456943097127,8.0
TAMPINES,4 ROOM,250,TAMPINES ST 21,07 TO 09,102.0,Model A,1984,761,408000.0,250 TAMPINES ST 21,1.35231862292149,103.948457987374,520250,13.192884979933286,0.38419318353537546,8.0
TAMPINES,4 ROOM,205,TAMPINES ST 21,07 TO 09,104.0,Model A,1983,744,430000.0,205 TAMPINES ST 21,1.35171755145102,103.951966044566,520205,13.475846469533327,0.5792022512056313,8.0
TAMPINES,4 ROOM,259,TAMPINES ST 21,01 TO 03,105.0,Model A,1985,763,385000.0,259 TAMPINES ST 21,1.35513568082374,103.949985923955,520259,13.51320551395967,0.5299174848556079,2.0
TAMPINES,4 ROOM,272,TAMPINES ST 22,01 TO 03,103.0,Model A,1984,757,390000.0,272 TAMPINES ST 22,1.34915941831555,103.950281487099,520272,13.162126992258456,0.7336264656475833,2.0
TAMPINES,4 ROOM,287,TAMPINES ST 22,04 TO 06,103.0,Model A,1984,757,420000.0,287 TAMPINES ST 22,1.349174345716,103.954250054814,520287,13.533267507281444,0.6711359200526905,5.0
TAMPINES,4 ROOM,286,TAMPINES ST 22,07 TO 09,105.0,Model A,1984,755,400000.0,286 TAMPINES ST 22,1.34953667920762,103.952988196976,520286,13.436924843599703,0.7055737543691922,8.0
TAMPINES,4 ROOM,272,TAMPINES ST 22,07 TO 09,103.0,Model A,1984,756,448000.0,272 TAMPINES ST 22,1.34915941831555,103.950281487099,520272,13.162126992258456,0.7336264656475833,8.0
TAMPINES,4 ROOM,274,TAMPINES ST 22,01 TO 03,103.0,Model A,1984,756,393000.0,274 TAMPINES ST 22,1.34829994079049,103.95005945995,520274,13.089014535124072,0.6758668726687768,2.0
TAMPINES,4 ROOM,272,TAMPINES ST 22,01 TO 03,103.0,Model A,1984,756,388000.0,272 TAMPINES ST 22,1.34915941831555,103.950281487099,520272,13.162126992258456,0.7336264656475833,2.0
TAMPINES,4 ROOM,212,TAMPINES ST 23,10 TO 12,105.0,Model A,1985,765,440000.0,212 TAMPINES ST 23,1.35443416250724,103.954404790753,520212,13.869912579260733,0.19706600002903335,11.0
TAMPINES,4 ROOM,348,TAMPINES ST 33,01 TO 03,109.0,Model A,1996,899,405000.0,348 TAMPINES ST 33,1.35252559927253,103.963366935432,520348,14.590308162635631,1.0528473174624382,2.0
TAMPINES,4 ROOM,320,TAMPINES ST 33,10 TO 12,111.0,Model A,1995,891,418000.0,320 TAMPINES ST 33,1.3507018176439,103.957051867879,520320,13.887258200183997,0.6669565155198509,11.0
TAMPINES,4 ROOM,347,TAMPINES ST 33,07 TO 09,105.0,Model A,1996,899,400000.0,347 TAMPINES ST 33,1.35188042673512,103.96311373702,520347,14.52887287430175,1.057481568407023,8.0
TAMPINES,4 ROOM,359,TAMPINES ST 34,04 TO 06,103.0,Model A,1996,896,400000.0,359 TAMPINES ST 34,1.35588169299314,103.961638534274,520359,14.627701270239161,0.7793607159197082,5.0
TAMPINES,4 ROOM,406,TAMPINES ST 41,04 TO 06,84.0,Simplified,1986,784,405000.0,406 TAMPINES ST 41,1.35782898281099,103.945792875974,520406,13.321094323655451,0.5085598660776048,5.0
TAMPINES,4 ROOM,459,TAMPINES ST 42,01 TO 03,84.0,Simplified,1987,794,365000.0,459 TAMPINES ST 42,1.35836507850491,103.954080977461,520459,14.092530033869576,0.24940136158345583,2.0
TAMPINES,4 ROOM,489A,TAMPINES ST 45,04 TO 06,104.0,Model A,1989,815,405000.0,489A TAMPINES ST 45,1.36108575636585,103.957224811648,520489,14.553126819191283,0.6157031402270433,5.0
TAMPINES,4 ROOM,489B,TAMPINES ST 45,07 TO 09,107.0,Model A,1993,867,430000.0,489B TAMPINES ST 45,1.36132334023489,103.95746980781,521489,14.590702039246983,0.6518964920663846,8.0
TAMPINES,4 ROOM,734,TAMPINES ST 71,13 TO 15,103.0,Model A,1997,911,420000.0,734 TAMPINES ST 71,1.35820447554431,103.934339097013,520734,12.372064761856038,1.3191219720219098,14.0
TAMPINES,4 ROOM,719,TAMPINES ST 72,07 TO 09,100.0,Model A,1997,911,440000.0,719 TAMPINES ST 72,1.35881240055992,103.935913216026,520719,12.547631192448636,1.1952395783710348,8.0
TAMPINES,4 ROOM,717,TAMPINES ST 72,01 TO 03,100.0,Model A,1997,910,400000.0,717 TAMPINES ST 72,1.3588121878635,103.935212702172,520717,12.489484698465635,1.2627183191442066,2.0
TAMPINES,4 ROOM,898A,TAMPINES ST 81,01 TO 03,104.0,Model A,1988,810,395000.0,898A TAMPINES ST 81,1.34681318250334,103.934887284051,521898,11.613266966091492,0.4201610092819388,2.0
TAMPINES,4 ROOM,813,TAMPINES ST 81,04 TO 06,105.0,Model A,1984,757,450000.0,813 TAMPINES ST 81,1.34695081847394,103.936416159541,520813,11.758493658573968,0.275577798125401,5.0
TAMPINES,4 ROOM,819,TAMPINES ST 81,07 TO 09,93.0,New Generation,1984,761,365000.0,819 TAMPINES ST 81,1.3483964837387,103.936808711751,520819,11.889817454887261,0.36796873386787754,8.0
TAMPINES,4 ROOM,888A,TAMPINES ST 81,10 TO 12,104.0,Model A,1989,811,410000.0,888A TAMPINES ST 81,1.35048494954503,103.930912572366,521888,11.521736423073245,1.002498616940313,11.0
TAMPINES,4 ROOM,840,TAMPINES ST 82,04 TO 06,84.0,Simplified,1986,774,374000.0,840 TAMPINES ST 82,1.35114217456369,103.935616863987,520840,11.97266053472721,0.6998239593740956,5.0
TAMPINES,4 ROOM,845,TAMPINES ST 83,04 TO 06,104.0,Model A,1987,797,435000.0,845 TAMPINES ST 83,1.35218255588167,103.934926756252,520845,11.985785545401667,0.8377857780912926,5.0
TAMPINES,4 ROOM,841,TAMPINES ST 83,04 TO 06,84.0,Simplified,1986,779,370000.0,841 TAMPINES ST 83,1.35160924133047,103.934497019359,520841,11.908453710336358,0.806839132214973,5.0
TAMPINES,4 ROOM,851,TAMPINES ST 83,10 TO 12,105.0,Model A,1987,796,416000.0,851 TAMPINES ST 83,1.35294870037294,103.93494067824,520851,12.041123510251706,0.9133744310535907,11.0
TAMPINES,4 ROOM,871,TAMPINES ST 84,10 TO 12,104.0,Model A,1988,808,415000.0,871 TAMPINES ST 84,1.35440347555796,103.932702293995,520871,11.95594053419039,1.1760819774079734,11.0
TAMPINES,4 ROOM,871,TAMPINES ST 84,07 TO 09,104.0,Model A,1988,807,380000.0,871 TAMPINES ST 84,1.35440347555796,103.932702293995,520871,11.95594053419039,1.1760819774079734,8.0
TAMPINES,4 ROOM,929,TAMPINES ST 91,04 TO 06,104.0,Model A,1984,759,440000.0,929 TAMPINES ST 91,1.34639172413315,103.93961398508,520929,12.009669424933895,0.16314640574226424,5.0
TAMPINES,4 ROOM,912,TAMPINES ST 91,04 TO 06,103.0,Model A,1984,759,415000.0,912 TAMPINES ST 91,1.34943561239534,103.939252333523,520912,12.176388686186662,0.44524170574631033,5.0
TAMPINES,4 ROOM,933,TAMPINES ST 91,07 TO 09,104.0,Model A,1985,768,467000.0,933 TAMPINES ST 91,1.34524172287507,103.939098694607,520933,11.88917601265209,0.07960221725722984,8.0
TAMPINES,4 ROOM,916,TAMPINES ST 91,01 TO 03,104.0,Model A,1984,759,395000.0,916 TAMPINES ST 91,1.34863107372522,103.940290409375,520916,12.216111594938608,0.4030927004578725,2.0
TAMPINES,4 ROOM,934,TAMPINES ST 91,01 TO 03,107.0,Model A,1985,763,415000.0,934 TAMPINES ST 91,1.34533410814811,103.940122148336,520934,11.988391249823303,0.18841190214980327,2.0
TAMPINES,4 ROOM,933,TAMPINES ST 91,07 TO 09,107.0,Model A,1985,767,425000.0,933 TAMPINES ST 91,1.34524172287507,103.939098694607,520933,11.88917601265209,0.07960221725722984,8.0
TAMPINES,5 ROOM,168D,SIMEI LANE,01 TO 03,111.0,DBSS,2011,1076,690000.0,168D SIMEI LANE,1.34285868951136,103.958258733447,524168,13.558289478453052,0.3783106161063826,2.0
TAMPINES,5 ROOM,156,SIMEI RD,04 TO 06,122.0,Improved,1989,811,488000.0,156 SIMEI RD,1.34515048204718,103.958719815836,520156,13.72780482905032,0.48745691943219355,5.0
TAMPINES,5 ROOM,154,SIMEI ST 1,10 TO 12,123.0,Improved,1988,800,560000.0,154 SIMEI ST 1,1.34480692542205,103.956996641927,520154,13.542673956211187,0.4406733962301931,11.0
TAMPINES,5 ROOM,117,SIMEI ST 1,07 TO 09,122.0,Improved,1988,801,545000.0,117 SIMEI ST 1,1.34458555119791,103.951315573207,520117,12.98680708487332,0.2754638730133353,8.0
TAMPINES,5 ROOM,243,SIMEI ST 5,01 TO 03,122.0,Improved,1997,909,550000.0,243 SIMEI ST 5,1.34395928033042,103.955168198066,520243,13.319537377039385,0.21669524263077455,2.0
TAMPINES,5 ROOM,861,TAMPINES AVE 5,04 TO 06,127.0,Improved,1988,805,530000.0,861 TAMPINES AVE 5,1.35506437613521,103.937282370562,520861,12.391665915945152,0.8957173600463346,5.0
TAMPINES,5 ROOM,396,TAMPINES AVE 7,07 TO 09,128.0,Improved,1994,880,520000.0,396 TAMPINES AVE 7,1.35567033756803,103.956434779626,520396,14.133765933154141,0.2083508594136595,8.0
TAMPINES,5 ROOM,494B,TAMPINES AVE 9,07 TO 09,124.0,Improved,1993,864,484000.0,494B TAMPINES AVE 9,1.36300828940548,103.952704897502,520494,14.281120423191927,0.7877591681820828,8.0
TAMPINES,5 ROOM,518C,TAMPINES CTRL 7,16 TO 18,108.0,DBSS,2008,1050,830000.0,518C TAMPINES CTRL 7,1.35636967092522,103.938987991759,523518,12.630264675715088,0.7647204333986654,17.0
TAMPINES,5 ROOM,523A,TAMPINES CTRL 7,13 TO 15,113.0,Improved,2015,1129,700000.0,523A TAMPINES CTRL 7,1.35937098724463,103.938378633561,521523,12.794545753088006,1.0105418725838367,14.0
TAMPINES,5 ROOM,524A,TAMPINES CTRL 7,13 TO 15,113.0,Improved,2015,1129,710000.0,524A TAMPINES CTRL 7,1.35835090076118,103.938908850193,521524,12.765245976326755,0.8920580050567241,14.0
TAMPINES,5 ROOM,515A,TAMPINES CTRL 7,13 TO 15,109.0,DBSS,2008,1049,758888.0,515A TAMPINES CTRL 7,1.35696557399587,103.938383041261,521515,12.621104924008183,0.8549690106250812,14.0
TAMPINES,5 ROOM,143,TAMPINES ST 12,07 TO 09,133.0,Model A,1984,755,580000.0,143 TAMPINES ST 12,1.34806952870407,103.943577088123,520143,12.47736196829275,0.6073103577572688,8.0
TAMPINES,5 ROOM,254,TAMPINES ST 21,01 TO 03,124.0,Improved,1984,759,500000.0,254 TAMPINES ST 21,1.35299329912397,103.949349977597,521254,13.317156721209967,0.46873111066717643,2.0
TAMPINES,5 ROOM,278,TAMPINES ST 22,01 TO 03,132.0,Model A,1985,765,470000.0,278 TAMPINES ST 22,1.34678375050017,103.951136569321,520278,13.098639610107847,0.4693368660727628,2.0
TAMPINES,5 ROOM,289,TAMPINES ST 22,10 TO 12,126.0,Improved,1985,765,505000.0,289 TAMPINES ST 22,1.34964117458858,103.955337216192,520289,13.663125867869976,0.7325385350367816,11.0
TAMPINES,5 ROOM,230,TAMPINES ST 24,10 TO 12,121.0,Improved,1985,765,530000.0,230 TAMPINES ST 24,1.35593242580821,103.952746609869,524230,13.814199069578512,0.2118286424430754,11.0
TAMPINES,5 ROOM,384,TAMPINES ST 32,04 TO 06,125.0,Improved,1993,867,520000.0,384 TAMPINES ST 32,1.35401864329292,103.958052645778,520384,14.180764272604492,0.4502868944611358,5.0
TAMPINES,5 ROOM,386,TAMPINES ST 32,10 TO 12,135.0,Model A,1993,867,570000.0,386 TAMPINES ST 32,1.35483911065985,103.959153480624,520386,14.333144055470825,0.524375790169652,11.0
TAMPINES,5 ROOM,363,TAMPINES ST 34,01 TO 03,124.0,Improved,1996,897,450000.0,363 TAMPINES ST 34,1.3555206788848,103.960860222796,520363,14.533323476272953,0.6960870080251012,2.0
TAMPINES,5 ROOM,371,TAMPINES ST 34,04 TO 06,125.0,Improved,1995,890,510000.0,371 TAMPINES ST 34,1.3570908947321,103.958597718781,520371,14.421401371585558,0.4517790236995281,5.0
TAMPINES,5 ROOM,407,TAMPINES ST 41,04 TO 06,123.0,Improved,1985,771,525000.0,407 TAMPINES ST 41,1.35819601830911,103.945015695225,520407,13.278571204442942,0.5444308199594827,5.0
TAMPINES,5 ROOM,451,TAMPINES ST 42,04 TO 06,122.0,Improved,1987,795,501688.0,451 TAMPINES ST 42,1.35657751681143,103.953994305986,520451,13.968811945185124,0.08310609835761247,5.0
TAMPINES,5 ROOM,456,TAMPINES ST 42,07 TO 09,122.0,Improved,1987,796,510000.0,456 TAMPINES ST 42,1.35764861818949,103.954539467919,520456,14.087281853294453,0.16236979445176938,8.0
TAMPINES,5 ROOM,450G,TAMPINES ST 42,10 TO 12,123.0,Improved,1996,904,550000.0,450G TAMPINES ST 42,1.35836063792521,103.95287369311,527450,13.983860867372734,0.31062624795151084,11.0
TAMPINES,5 ROOM,493D,TAMPINES ST 43,07 TO 09,123.0,Improved,1993,864,455000.0,493D TAMPINES ST 43,1.36238061333949,103.951492191718,523493,14.131957570321728,0.7717732701103002,8.0
TAMPINES,5 ROOM,494C,TAMPINES ST 43,01 TO 03,125.0,Improved,1993,864,463000.0,494C TAMPINES ST 43,1.36370339705173,103.952575138742,522494,14.317533839966755,0.8660884238564828,2.0
TAMPINES,5 ROOM,496B,TAMPINES ST 43,04 TO 06,126.0,Improved,1993,864,460000.0,496B TAMPINES ST 43,1.36123685622591,103.950996094324,525496,14.01020192070016,0.691611655025577,5.0
TAMPINES,5 ROOM,493D,TAMPINES ST 43,01 TO 03,124.0,Improved,1993,864,490000.0,493D TAMPINES ST 43,1.36238061333949,103.951492191718,523493,14.131957570321728,0.7717732701103002,2.0
TAMPINES,5 ROOM,494C,TAMPINES ST 43,04 TO 06,125.0,Improved,1993,864,450000.0,494C TAMPINES ST 43,1.36370339705173,103.952575138742,522494,14.317533839966755,0.8660884238564828,5.0
TAMPINES,5 ROOM,498G,TAMPINES ST 45,04 TO 06,124.0,Premium Apartment,1997,912,530000.0,498G TAMPINES ST 45,1.36227844944127,103.958121867302,525498,14.711950715539944,0.7800013449810907,5.0
TAMPINES,5 ROOM,715,TAMPINES ST 71,04 TO 06,120.0,Improved,1997,910,525000.0,715 TAMPINES ST 71,1.35955696952682,103.937031845348,520715,12.695607469881363,1.1389304912542277,5.0
TAMPINES,5 ROOM,730,TAMPINES ST 71,01 TO 03,123.0,Improved,1997,918,448000.0,730 TAMPINES ST 71,1.35670606456443,103.933499178921,520730,12.191456418208457,1.3487761517685475,2.0
TAMPINES,5 ROOM,730,TAMPINES ST 71,01 TO 03,124.0,Improved,1997,917,480000.0,730 TAMPINES ST 71,1.35670606456443,103.933499178921,520730,12.191456418208457,1.3487761517685475,2.0
TAMPINES,5 ROOM,711,TAMPINES ST 71,04 TO 06,119.0,Improved,1997,909,518000.0,711 TAMPINES ST 71,1.35843202933435,103.937035946114,520711,12.613412065771993,1.0667580829918737,5.0
TAMPINES,5 ROOM,719,TAMPINES ST 72,01 TO 03,119.0,Improved,1997,911,508000.0,719 TAMPINES ST 72,1.35881240055992,103.935913216026,520719,12.547631192448636,1.1952395783710348,2.0
TAMPINES,5 ROOM,842,TAMPINES ST 82,10 TO 12,122.0,Improved,1986,778,527000.0,842 TAMPINES ST 82,1.35173850943011,103.935952386296,520842,12.043234844792192,0.7450724840647273,11.0
TAMPINES,5 ROOM,862,TAMPINES ST 83,13 TO 15,122.0,Improved,1988,802,580000.0,862 TAMPINES ST 83,1.35468486241786,103.936502887927,520862,12.298056604001175,0.9728928818641082,14.0
TAMPINES,5 ROOM,857B,TAMPINES ST 83,04 TO 06,122.0,Improved,1987,795,536500.0,857B TAMPINES ST 83,1.35429345502082,103.936665829624,522857,12.28420249926229,0.9489745142612936,5.0
TAMPINES,5 ROOM,864A,TAMPINES ST 83,07 TO 09,122.0,Improved,1988,805,538000.0,864A TAMPINES ST 83,1.35468494629081,103.93573717832,521864,12.232780427481966,1.0570285594136342,8.0
TAMPINES,5 ROOM,882,TAMPINES ST 84,07 TO 09,122.0,Improved,1986,783,510000.0,882 TAMPINES ST 84,1.35204684938015,103.933462049385,521882,11.850591588674009,0.912863621662968,8.0
TAMPINES,5 ROOM,872,TAMPINES ST 84,10 TO 12,121.0,Improved,1988,809,540000.0,872 TAMPINES ST 84,1.35422172661633,103.932354147638,520872,11.913473078304754,1.1808774433938605,11.0
TAMPINES,5 ROOM,871C,TAMPINES ST 86,07 TO 09,114.0,Improved,2017,1147,625000.0,871C TAMPINES ST 86,1.35670900289357,103.931385349285,523871,12.016993166297306,1.4709562760749928,8.0
TAMPINES,EXECUTIVE,128,SIMEI ST 1,01 TO 03,145.0,Maisonette,1987,791,745000.0,128 SIMEI ST 1,1.34690072088086,103.954855759578,520128,13.456825169042848,0.44304102591201777,2.0
TAMPINES,EXECUTIVE,148,TAMPINES AVE 5,04 TO 06,142.0,Apartment,1985,765,743000.0,148 TAMPINES AVE 5,1.35061317143501,103.942249974279,521148,12.52207531131275,0.43921286627556577,5.0
TAMPINES,EXECUTIVE,938,TAMPINES AVE 5,07 TO 09,146.0,Maisonette,1988,808,725000.0,938 TAMPINES AVE 5,1.34790449944267,103.941725378469,520938,12.298430739043173,0.4518934910616799,8.0
TAMPINES,EXECUTIVE,148,TAMPINES AVE 5,07 TO 09,150.0,Maisonette,1985,763,750000.0,148 TAMPINES AVE 5,1.35061317143501,103.942249974279,521148,12.52207531131275,0.43921286627556577,8.0
TAMPINES,EXECUTIVE,858,TAMPINES AVE 5,01 TO 03,146.0,Maisonette,1988,799,740000.0,858 TAMPINES AVE 5,1.3542933216388,103.937594965945,520858,12.363972761138584,0.8464713138116838,2.0
TAMPINES,EXECUTIVE,938,TAMPINES AVE 5,01 TO 03,146.0,Maisonette,1988,807,675000.0,938 TAMPINES AVE 5,1.34790449944267,103.941725378469,520938,12.298430739043173,0.4518934910616799,2.0
TAMPINES,EXECUTIVE,860,TAMPINES AVE 5,04 TO 06,154.0,Maisonette,1987,796,778000.0,860 TAMPINES AVE 5,1.35546034663524,103.937595591612,520860,12.446582877502749,0.8728448333753718,5.0
TAMPINES,EXECUTIVE,893,TAMPINES AVE 8,01 TO 03,141.0,Maisonette,1997,909,685000.0,893 TAMPINES AVE 8,1.34847087534367,103.930228303778,520893,11.320207631278777,0.9698873619577972,2.0
TAMPINES,EXECUTIVE,893A,TAMPINES AVE 8,04 TO 06,144.0,Maisonette,1997,906,680000.0,893A TAMPINES AVE 8,1.34823505007642,103.93068020188,521893,11.342533927655495,0.9137709004357917,5.0
TAMPINES,EXECUTIVE,245,TAMPINES ST 21,01 TO 03,148.0,Maisonette,1984,762,668000.0,245 TAMPINES ST 21,1.35320840937901,103.946489840363,521245,13.072828870936297,0.14989038908101834,2.0
TAMPINES,EXECUTIVE,308,TAMPINES ST 32,10 TO 12,142.0,Apartment,1993,865,683000.0,308 TAMPINES ST 32,1.35286747357104,103.95673502603,520308,13.98806511981115,0.43719461688352385,11.0
TAMPINES,EXECUTIVE,337,TAMPINES ST 32,04 TO 06,147.0,Apartment,1996,894,610000.0,337 TAMPINES ST 32,1.35238866039921,103.959877071858,520337,14.252947031409661,0.7200337705615866,5.0
TAMPINES,EXECUTIVE,330,TAMPINES ST 32,07 TO 09,147.0,Apartment,1995,893,665000.0,330 TAMPINES ST 32,1.35335611053088,103.959531512588,520330,14.278388544664878,0.6290825496280019,8.0
TAMPINES,EXECUTIVE,312,TAMPINES ST 33,04 TO 06,142.0,Apartment,1993,864,630000.0,312 TAMPINES ST 33,1.35257036820685,103.957257299848,520312,14.018635552357546,0.497128411180174,5.0
TAMPINES,EXECUTIVE,427,TAMPINES ST 41,01 TO 03,148.0,Maisonette,1986,778,615000.0,427 TAMPINES ST 41,1.35954388945989,103.948530438356,520427,13.678283741753718,0.7741980029871968,2.0
TAMPINES,EXECUTIVE,427,TAMPINES ST 41,04 TO 06,143.0,Apartment,1986,778,610000.0,427 TAMPINES ST 41,1.35954388945989,103.948530438356,520427,13.678283741753718,0.7741980029871968,5.0
TAMPINES,EXECUTIVE,497A,TAMPINES ST 45,01 TO 03,139.0,Premium Apartment,1996,899,570000.0,497A TAMPINES ST 45,1.35933200137711,103.958581034137,520497,14.561965187897998,0.5607304939894776,2.0
TAMPINES,EXECUTIVE,894,TAMPINES ST 81,10 TO 12,146.0,Maisonette,1989,810,720000.0,894 TAMPINES ST 81,1.34860420057258,103.931922138374,520894,11.475693779566308,0.8015362097969385,11.0
TAMPINES,EXECUTIVE,856C,TAMPINES ST 82,01 TO 03,148.0,Apartment,1995,893,730000.0,856C TAMPINES ST 82,1.35250510171565,103.937587507316,523856,12.23841281357134,0.7829452840139275,2.0
TOA PAYOH,2 ROOM,161,LOR 1 TOA PAYOH,07 TO 09,41.0,Improved,1972,607,218000.0,161 LOR 1 TOA PAYOH,1.33050932305378,103.845003635197,310161,5.232793298211866,0.3642419467946538,8.0
TOA PAYOH,2 ROOM,54,LOR 5 TOA PAYOH,07 TO 09,43.0,Standard,1967,552,185000.0,54 LOR 5 TOA PAYOH,1.3373566637027,103.850390748824,310054,5.945388705912435,0.5066299236310216,8.0
TOA PAYOH,2 ROOM,52,LOR 6 TOA PAYOH,10 TO 12,43.0,Standard,1983,744,190000.0,52 LOR 6 TOA PAYOH,1.33824914332833,103.852481978622,310052,6.044334838845334,0.6691569935592397,11.0
TOA PAYOH,3 ROOM,194,KIM KEAT AVE,07 TO 09,66.0,Improved,1973,624,220000.0,194 KIM KEAT AVE,1.33093933675526,103.858181909317,310194,5.283015799499905,1.2020310723833394,8.0
TOA PAYOH,3 ROOM,119,LOR 1 TOA PAYOH,01 TO 03,65.0,Improved,1968,564,220000.0,119 LOR 1 TOA PAYOH,1.33910923815144,103.844687382414,310119,6.185524428719882,0.25522730475742916,2.0
TOA PAYOH,3 ROOM,163,LOR 1 TOA PAYOH,04 TO 06,65.0,Improved,1972,613,250000.0,163 LOR 1 TOA PAYOH,1.33206060664774,103.84410502428,310163,5.417944932049525,0.3828507570246728,5.0
TOA PAYOH,3 ROOM,168,LOR 1 TOA PAYOH,01 TO 03,65.0,Improved,1972,612,250000.0,168 LOR 1 TOA PAYOH,1.33176643070234,103.843423249665,310168,5.39770353978241,0.46342133630389015,2.0
TOA PAYOH,3 ROOM,124,LOR 1 TOA PAYOH,10 TO 12,67.0,Improved,1970,582,273000.0,124 LOR 1 TOA PAYOH,1.33864876713615,103.844627302235,310124,6.135538907212741,0.28673978852980564,11.0
TOA PAYOH,3 ROOM,157,LOR 1 TOA PAYOH,01 TO 03,67.0,Improved,1971,601,260000.0,157 LOR 1 TOA PAYOH,1.33220626321248,103.845452861739,310157,5.413313348472871,0.23256562091597358,2.0
TOA PAYOH,3 ROOM,174,LOR 1 TOA PAYOH,10 TO 12,65.0,Improved,1972,612,255000.0,174 LOR 1 TOA PAYOH,1.3306720968474,103.84191793174,310174,5.308783145694728,0.657760644491013,11.0
TOA PAYOH,3 ROOM,108,LOR 1 TOA PAYOH,10 TO 12,66.0,Improved,1970,582,270000.0,108 LOR 1 TOA PAYOH,1.34155252910062,103.847295147125,310108,6.427687746330365,0.17173573676554474,11.0
TOA PAYOH,3 ROOM,159,LOR 1 TOA PAYOH,01 TO 03,65.0,Improved,1972,606,283000.0,159 LOR 1 TOA PAYOH,1.3307454292856,103.845601223103,310159,5.25008668364378,0.2974936031595093,2.0
TOA PAYOH,3 ROOM,174,LOR 1 TOA PAYOH,01 TO 03,76.0,Improved,1972,612,285000.0,174 LOR 1 TOA PAYOH,1.3306720968474,103.84191793174,310174,5.308783145694728,0.657760644491013,2.0
TOA PAYOH,3 ROOM,116,LOR 2 TOA PAYOH,04 TO 06,62.0,Improved,1970,583,248000.0,116 LOR 2 TOA PAYOH,1.34047287241805,103.846142516335,310116,6.318746459408387,0.07950531353344176,5.0
TOA PAYOH,3 ROOM,53,LOR 5 TOA PAYOH,04 TO 06,68.0,Improved,1968,564,230000.0,53 LOR 5 TOA PAYOH,1.33780452154069,103.85079328117,310053,5.994424164214528,0.5166022425917821,5.0
TOA PAYOH,3 ROOM,61,LOR 5 TOA PAYOH,10 TO 12,65.0,Improved,1967,552,230000.0,61 LOR 5 TOA PAYOH,1.33645683383018,103.852110981584,310061,5.844447957961777,0.666110267074283,11.0
TOA PAYOH,3 ROOM,57,LOR 5 TOA PAYOH,07 TO 09,61.0,Standard,1973,618,228000.0,57 LOR 5 TOA PAYOH,1.33705392055699,103.851495573635,310057,5.910446317687888,0.6266739152049041,8.0
TOA PAYOH,3 ROOM,53,LOR 5 TOA PAYOH,10 TO 12,68.0,Improved,1968,563,205000.0,53 LOR 5 TOA PAYOH,1.33780452154069,103.85079328117,310053,5.994424164214528,0.5166022425917821,11.0
TOA PAYOH,3 ROOM,51,LOR 6 TOA PAYOH,13 TO 15,63.0,Standard,1983,744,258000.0,51 LOR 6 TOA PAYOH,1.33778337648439,103.852507455855,310051,5.992604710465263,0.6895250137434581,14.0
TOA PAYOH,3 ROOM,51,LOR 6 TOA PAYOH,10 TO 12,73.0,Standard,1983,744,283000.0,51 LOR 6 TOA PAYOH,1.33778337648439,103.852507455855,310051,5.992604710465263,0.6895250137434581,11.0
TOA PAYOH,3 ROOM,47,LOR 6 TOA PAYOH,10 TO 12,67.0,Standard,1969,570,245000.0,47 LOR 6 TOA PAYOH,1.33691029763166,103.854030352751,310047,5.901183995282191,0.8679543160753364,11.0
TOA PAYOH,3 ROOM,9,LOR 7 TOA PAYOH,10 TO 12,66.0,Improved,1970,589,220000.0,9 LOR 7 TOA PAYOH,1.337504820026,103.857839466376,310009,6.002100401187422,1.2655718421982003,11.0
TOA PAYOH,3 ROOM,20,LOR 7 TOA PAYOH,10 TO 12,67.0,Improved,1970,588,250000.0,20 LOR 7 TOA PAYOH,1.3349672085704,103.857205938309,310020,5.713732148079863,1.1096521342643235,11.0
TOA PAYOH,3 ROOM,9,LOR 7 TOA PAYOH,07 TO 09,66.0,Improved,1970,588,235000.0,9 LOR 7 TOA PAYOH,1.337504820026,103.857839466376,310009,6.002100401187422,1.2655718421982003,8.0
TOA PAYOH,3 ROOM,1,LOR 7 TOA PAYOH,04 TO 06,67.0,Improved,1969,575,230000.0,1 LOR 7 TOA PAYOH,1.33943033543358,103.853442790992,310001,6.1784674397086015,0.7471210025586489,5.0
TOA PAYOH,3 ROOM,231,LOR 8 TOA PAYOH,07 TO 09,65.0,Improved,1976,665,237000.0,231 LOR 8 TOA PAYOH,1.33696011414514,103.859489719839,310231,5.966494245997267,1.2312079425235125,8.0
TOA PAYOH,3 ROOM,232,LOR 8 TOA PAYOH,07 TO 09,65.0,Improved,1976,665,240000.0,232 LOR 8 TOA PAYOH,1.3375718690811,103.858843935428,310232,6.023619862893622,1.3276878767692517,8.0
TOA PAYOH,3 ROOM,231,LOR 8 TOA PAYOH,10 TO 12,76.0,Improved,1976,664,265000.0,231 LOR 8 TOA PAYOH,1.33696011414514,103.859489719839,310231,5.966494245997267,1.2312079425235125,11.0
TOA PAYOH,3 ROOM,234,LOR 8 TOA PAYOH,10 TO 12,65.0,Improved,1976,662,237000.0,234 LOR 8 TOA PAYOH,1.33860148626926,103.857914069837,310234,6.1241774018395185,1.251609620693204,11.0
TOA PAYOH,3 ROOM,104,POTONG PASIR AVE 1,04 TO 06,74.0,Model A,1984,761,358000.0,104 POTONG PASIR AVE 1,1.3343391689203,103.869158899303,350104,5.942204964372178,0.32929746149882044,5.0
TOA PAYOH,3 ROOM,117,POTONG PASIR AVE 1,04 TO 06,67.0,New Generation,1984,759,280000.0,117 POTONG PASIR AVE 1,1.33600825252357,103.863020849819,350117,5.934029109863174,0.8455523295951283,5.0
TOA PAYOH,3 ROOM,120,POTONG PASIR AVE 1,13 TO 15,67.0,New Generation,1984,759,310000.0,120 POTONG PASIR AVE 1,1.33545353246777,103.863387980398,350120,5.882849484242786,0.7760003381273493,14.0
TOA PAYOH,3 ROOM,145,POTONG PASIR AVE 2,04 TO 06,74.0,Model A,1984,756,375000.0,145 POTONG PASIR AVE 2,1.33237317770639,103.866165158665,350145,5.6311242211230015,0.3397884704668167,5.0
TOA PAYOH,3 ROOM,145,POTONG PASIR AVE 2,04 TO 06,74.0,Model A,1984,756,390000.0,145 POTONG PASIR AVE 2,1.33237317770639,103.866165158665,350145,5.6311242211230015,0.3397884704668167,5.0
TOA PAYOH,3 ROOM,23,TOA PAYOH EAST,07 TO 09,67.0,Improved,1970,589,220000.0,23 TOA PAYOH EAST,1.33455570085904,103.857191175608,310023,5.668076282914747,1.0982212965955322,8.0
TOA PAYOH,3 ROOM,27,TOA PAYOH EAST,01 TO 03,67.0,Improved,1971,594,230000.0,27 TOA PAYOH EAST,1.33227000712346,103.856360426029,310027,5.40557071854132,0.9855805811644215,2.0
TOA PAYOH,3 ROOM,27,TOA PAYOH EAST,10 TO 12,67.0,Improved,1971,594,225000.0,27 TOA PAYOH EAST,1.33227000712346,103.856360426029,310027,5.40557071854132,0.9855805811644215,11.0
TOA PAYOH,3 ROOM,205,TOA PAYOH NTH,10 TO 12,65.0,Improved,1973,624,260000.0,205 TOA PAYOH NTH,1.34220948332494,103.847727620222,310205,6.497266402021424,0.2577147216981005,11.0
TOA PAYOH,3 ROOM,203,TOA PAYOH NTH,01 TO 03,65.0,Improved,1982,726,280000.0,203 TOA PAYOH NTH,1.34205287411841,103.84939599719,310203,6.470533266381986,0.36473954146396015,2.0
TOA PAYOH,3 ROOM,205,TOA PAYOH NTH,07 TO 09,76.0,Improved,1973,624,320000.0,205 TOA PAYOH NTH,1.34220948332494,103.847727620222,310205,6.497266402021424,0.2577147216981005,8.0
TOA PAYOH,3 ROOM,205,TOA PAYOH NTH,01 TO 03,65.0,Improved,1973,624,240000.0,205 TOA PAYOH NTH,1.34220948332494,103.847727620222,310205,6.497266402021424,0.2577147216981005,2.0
TOA PAYOH,3 ROOM,5,UPP ALJUNIED LANE,01 TO 03,57.0,Standard,1968,564,208000.0,5 UPP ALJUNIED LANE,1.33372865982665,103.879898473982,360005,6.3769566860812485,0.8479963220386354,2.0
TOA PAYOH,3 ROOM,5,UPP ALJUNIED LANE,01 TO 03,57.0,Standard,1968,564,212000.0,5 UPP ALJUNIED LANE,1.33372865982665,103.879898473982,360005,6.3769566860812485,0.8479963220386354,2.0
TOA PAYOH,3 ROOM,4,UPP ALJUNIED LANE,07 TO 09,57.0,Standard,1968,563,225000.0,4 UPP ALJUNIED LANE,1.33354743210386,103.879065838406,360004,6.314018177484281,0.8753761249421804,8.0
TOA PAYOH,3 ROOM,3,UPP ALJUNIED LANE,07 TO 09,57.0,Standard,1968,563,210000.0,3 UPP ALJUNIED LANE,1.33399297498361,103.879892742452,360003,6.402195281677388,0.8747695172789924,8.0
TOA PAYOH,4 ROOM,16,JOO SENG RD,13 TO 15,113.0,Model A,1984,751,495000.0,16 JOO SENG RD,1.33647717186602,103.880345921024,360016,6.667998340349209,0.670099257064389,14.0
TOA PAYOH,4 ROOM,139A,LOR 1A TOA PAYOH,22 TO 24,91.0,DBSS,2012,1090,803000.0,139A LOR 1A TOA PAYOH,1.33627775831234,103.844044881122,311139,5.8828099255233814,0.5214922810280302,23.0
TOA PAYOH,4 ROOM,141,LOR 2 TOA PAYOH,10 TO 12,85.0,Model A,2001,955,565000.0,141 LOR 2 TOA PAYOH,1.33583761957175,103.84573120411,311141,5.810696143212428,0.4074729685847496,11.0
TOA PAYOH,4 ROOM,86,LOR 2 TOA PAYOH,10 TO 12,105.0,Model A,1997,911,630000.0,86 LOR 2 TOA PAYOH,1.33576224832845,103.847631110791,310086,5.782834621761256,0.3486993353572478,11.0
TOA PAYOH,4 ROOM,191,LOR 4 TOA PAYOH,22 TO 24,84.0,Improved,1974,637,480000.0,191 LOR 4 TOA PAYOH,1.33189327620475,103.851025403234,310191,5.336869614759579,0.40015641818779424,23.0
TOA PAYOH,4 ROOM,80A,LOR 4 TOA PAYOH,10 TO 12,104.0,Model A,1997,908,660000.0,80A LOR 4 TOA PAYOH,1.33529157376827,103.849247117442,311080,5.719967631537682,0.3539768781995433,11.0
TOA PAYOH,4 ROOM,7,LOR 7 TOA PAYOH,07 TO 09,106.0,Model A,1998,925,572000.0,7 LOR 7 TOA PAYOH,1.33805369690152,103.857286902601,310007,6.055881918678862,1.1926903977705576,8.0
TOA PAYOH,4 ROOM,10,LOR 7 TOA PAYOH,16 TO 18,106.0,Model A,1998,924,606000.0,10 LOR 7 TOA PAYOH,1.33716527577081,103.857228807914,310010,5.956968327814054,1.193168448302617,17.0
TOA PAYOH,4 ROOM,228,LOR 8 TOA PAYOH,10 TO 12,82.0,Improved,1976,663,310000.0,228 LOR 8 TOA PAYOH,1.33914880025231,103.858779661838,310228,6.19645702591068,1.3382787192884178,11.0
TOA PAYOH,4 ROOM,222,LOR 8 TOA PAYOH,07 TO 09,82.0,Improved,1976,656,320000.0,222 LOR 8 TOA PAYOH,1.34177310664554,103.856039796964,310222,6.454954474704717,1.0485689847839175,8.0
TOA PAYOH,4 ROOM,213,LOR 8 TOA PAYOH,16 TO 18,82.0,Improved,1975,642,336000.0,213 LOR 8 TOA PAYOH,1.34100493622927,103.85441254396,310213,6.358028480928811,0.8570042024314146,17.0
TOA PAYOH,4 ROOM,226,LOR 8 TOA PAYOH,16 TO 18,82.0,Improved,1976,658,330000.0,226 LOR 8 TOA PAYOH,1.33951566601807,103.857051021906,310226,6.214891259685075,1.1463259427481745,17.0
TOA PAYOH,4 ROOM,219,LOR 8 TOA PAYOH,16 TO 18,82.0,Improved,1978,678,328000.0,219 LOR 8 TOA PAYOH,1.3427643319014,103.855872559307,310219,6.56343895209431,1.055698994770846,17.0
TOA PAYOH,4 ROOM,119,POTONG PASIR AVE 1,07 TO 09,100.0,New Generation,1984,760,437889.0,119 POTONG PASIR AVE 1,1.33456149665389,103.862943044844,350119,5.775141804878164,0.7661068318196183,8.0
TOA PAYOH,4 ROOM,115,POTONG PASIR AVE 1,10 TO 12,93.0,New Generation,1984,759,438000.0,115 POTONG PASIR AVE 1,1.33726999806036,103.862806558366,350115,6.06611697450218,0.9158555839543642,11.0
TOA PAYOH,4 ROOM,113,POTONG PASIR AVE 1,07 TO 09,93.0,New Generation,1984,759,440000.0,113 POTONG PASIR AVE 1,1.33605593871885,103.863599507828,350113,5.9534095076022995,0.7989212092427727,8.0
TOA PAYOH,4 ROOM,144,POTONG PASIR AVE 2,01 TO 03,111.0,Model A,1984,756,550000.0,144 POTONG PASIR AVE 2,1.33262019907368,103.86551350588,350144,5.636972783094864,0.417231228761899,2.0
TOA PAYOH,4 ROOM,79B,TOA PAYOH CTRL,07 TO 09,92.0,Model A,2009,1054,758888.0,79B TOA PAYOH CTRL,1.33464078301907,103.847990266882,312079,5.6555917811072005,0.23019843613758698,8.0
TOA PAYOH,4 ROOM,202,TOA PAYOH NTH,07 TO 09,87.0,Improved,1973,625,393000.0,202 TOA PAYOH NTH,1.34152911615925,103.849589127712,310202,6.411585233616236,0.35251039654902044,8.0
TOA PAYOH,5 ROOM,11,JOO SENG RD,01 TO 03,123.0,Improved,1983,743,492000.0,11 JOO SENG RD,1.33500895047711,103.880706259667,360011,6.5451084116517295,0.8351655615437024,2.0
TOA PAYOH,5 ROOM,16,JOO SENG RD,13 TO 15,132.0,Model A,1984,751,550000.0,16 JOO SENG RD,1.33647717186602,103.880345921024,360016,6.667998340349209,0.670099257064389,14.0
TOA PAYOH,5 ROOM,12,JOO SENG RD,10 TO 12,132.0,Model A,1984,755,550000.0,12 JOO SENG RD,1.33585385483747,103.87893270615,360012,6.532513227782589,0.7519980646073918,11.0
TOA PAYOH,5 ROOM,139A,LOR 1A TOA PAYOH,16 TO 18,110.0,DBSS,2012,1090,935000.0,139A LOR 1A TOA PAYOH,1.33627775831234,103.844044881122,311139,5.8828099255233814,0.5214922810280302,17.0
TOA PAYOH,5 ROOM,138C,LOR 1A TOA PAYOH,04 TO 06,110.0,DBSS,2012,1090,838000.0,138C LOR 1A TOA PAYOH,1.33626413671063,103.844907413472,313138,5.868566836200943,0.4739688069293874,5.0
TOA PAYOH,5 ROOM,141,LOR 2 TOA PAYOH,19 TO 21,116.0,Improved,2001,954,865000.0,141 LOR 2 TOA PAYOH,1.33583761957175,103.84573120411,311141,5.810696143212428,0.4074729685847496,20.0
TOA PAYOH,5 ROOM,36,LOR 5 TOA PAYOH,22 TO 24,117.0,Improved,1997,914,755000.0,36 LOR 5 TOA PAYOH,1.33482139850243,103.855272944611,310036,5.677714112030591,0.8976206443828327,23.0
TOA PAYOH,5 ROOM,48,LOR 5 TOA PAYOH,10 TO 12,125.0,Improved,1993,860,630000.0,48 LOR 5 TOA PAYOH,1.337083957059,103.85354103689,310048,5.91813720354459,0.8256972159353515,11.0
TOA PAYOH,5 ROOM,14A,LOR 7 TOA PAYOH,04 TO 06,121.0,Improved,1998,925,650888.0,14A LOR 7 TOA PAYOH,1.3362682080095,103.858315233952,311014,5.872158007460804,1.2683615085577338,5.0
TOA PAYOH,5 ROOM,223,LOR 8 TOA PAYOH,04 TO 06,117.0,Standard,1976,656,475000.0,223 LOR 8 TOA PAYOH,1.34126479712806,103.855552754659,310223,6.394565054065435,0.9863596005412446,5.0
TOA PAYOH,5 ROOM,121,POTONG PASIR AVE 1,07 TO 09,143.0,Model A,1984,754,728000.0,121 POTONG PASIR AVE 1,1.33576029177039,103.865596996588,350121,5.975743355147554,0.6205735832441034,8.0
TOA PAYOH,EXECUTIVE,257,KIM KEAT AVE,01 TO 03,146.0,Maisonette,1988,809,726888.0,257 KIM KEAT AVE,1.33260688502861,103.857270508532,310257,5.453815936969283,1.0859438204819798,2.0
WOODLANDS,2 ROOM,780B,WOODLANDS CRES,10 TO 12,47.0,Model A,2015,1129,223000.0,780B WOODLANDS CRES,1.448942460118,103.801016266355,732780,19.190765758551464,0.929312354992348,11.0
WOODLANDS,2 ROOM,780A,WOODLANDS CRES,01 TO 03,47.0,Model A,2015,1129,222000.0,780A WOODLANDS CRES,1.44867890682994,103.80077081866,731780,19.17075129351956,0.9003249914904264,2.0
WOODLANDS,2 ROOM,780A,WOODLANDS CRES,01 TO 03,47.0,Model A,2015,1128,206000.0,780A WOODLANDS CRES,1.44867890682994,103.80077081866,731780,19.17075129351956,0.9003249914904264,2.0
WOODLANDS,3 ROOM,212,MARSILING CRES,01 TO 03,74.0,Model A,1983,740,215000.0,212 MARSILING CRES,1.44621408696805,103.773079709744,730212,20.043517243349164,1.4983486219591389,2.0
WOODLANDS,3 ROOM,212,MARSILING CRES,04 TO 06,74.0,Model A,1983,739,245000.0,212 MARSILING CRES,1.44621408696805,103.773079709744,730212,20.043517243349164,1.4983486219591389,5.0
WOODLANDS,3 ROOM,6,MARSILING DR,01 TO 03,65.0,Improved,1976,655,200000.0,6 MARSILING DR,1.44207297644105,103.776353990531,730006,19.470995160147158,1.0919182519603206,2.0
WOODLANDS,3 ROOM,30,MARSILING DR,13 TO 15,73.0,New Generation,1977,670,250000.0,30 MARSILING DR,1.44255907448697,103.772405528859,730030,19.71166250766368,1.1314822483940379,14.0
WOODLANDS,3 ROOM,1,MARSILING DR,07 TO 09,65.0,Improved,1974,636,195000.0,1 MARSILING DR,1.44067109860246,103.775739945213,730001,19.359900723633277,0.9249465450290322,8.0
WOODLANDS,3 ROOM,24,MARSILING DR,04 TO 06,82.0,New Generation,1977,671,270000.0,24 MARSILING DR,1.44150533051525,103.77213161946,730024,19.620537304238983,1.0220773021843574,5.0
WOODLANDS,3 ROOM,30,MARSILING DR,10 TO 12,73.0,New Generation,1977,669,245000.0,30 MARSILING DR,1.44255907448697,103.772405528859,730030,19.71166250766368,1.1314822483940379,11.0
WOODLANDS,3 ROOM,202,MARSILING DR,10 TO 12,68.0,New Generation,1981,719,230000.0,202 MARSILING DR,1.44315121142693,103.775164777049,730202,19.63612720542712,1.1882045058428599,11.0
WOODLANDS,3 ROOM,15,MARSILING LANE,07 TO 09,65.0,Improved,1976,654,218000.0,15 MARSILING LANE,1.44192560223859,103.778158395764,730015,19.370920721276608,1.0751416865872947,8.0
WOODLANDS,3 ROOM,15,MARSILING LANE,07 TO 09,65.0,Improved,1976,654,230000.0,15 MARSILING LANE,1.44192560223859,103.778158395764,730015,19.370920721276608,1.0751416865872947,8.0
WOODLANDS,3 ROOM,12A,MARSILING LANE,16 TO 18,67.0,Model A,2013,1103,330000.0,12A MARSILING LANE,1.44131726915198,103.778405129794,731012,19.29801712579213,1.017864789709705,17.0
WOODLANDS,3 ROOM,12,MARSILING LANE,10 TO 12,76.0,Improved,1976,656,240000.0,12 MARSILING LANE,1.44051412860781,103.778621611934,730012,19.206888583219428,0.956620814484859,11.0
WOODLANDS,3 ROOM,180B,MARSILING RD,25 TO 27,67.0,Model A,2015,1128,315000.0,180B MARSILING RD,1.43905659750822,103.778349763028,732180,19.072929294179925,0.86829846466452,26.0
WOODLANDS,3 ROOM,125,MARSILING RISE,01 TO 03,60.0,Improved,1985,762,245000.0,125 MARSILING RISE,1.43848292251437,103.779524807409,730125,18.959756201139868,0.7893653641013743,2.0
WOODLANDS,3 ROOM,886B,WOODLANDS DR 50,07 TO 09,67.0,Premium Apartment,2015,1123,315000.0,886B WOODLANDS DR 50,1.43825809969323,103.794115487248,732886,18.310919780432922,0.8065742405019792,8.0
WOODLANDS,3 ROOM,148,WOODLANDS ST 13,07 TO 09,68.0,New Generation,1985,765,245000.0,148 WOODLANDS ST 13,1.43576274995203,103.77402996229,730148,18.955561300157846,0.3604838741316593,8.0
WOODLANDS,4 ROOM,201,MARSILING DR,01 TO 03,92.0,New Generation,1980,710,262000.0,201 MARSILING DR,1.44270022874362,103.775436532502,730201,19.577850796892957,1.1419413642496714,2.0
WOODLANDS,4 ROOM,201,MARSILING DR,10 TO 12,91.0,New Generation,1980,710,278000.0,201 MARSILING DR,1.44270022874362,103.775436532502,730201,19.577850796892957,1.1419413642496714,11.0
WOODLANDS,4 ROOM,8,MARSILING DR,01 TO 03,88.0,Improved,1976,654,277000.0,8 MARSILING DR,1.44134504107456,103.777182721751,730008,19.35841786529722,1.0402234891197517,2.0
WOODLANDS,4 ROOM,5A,MARSILING DR,04 TO 06,90.0,Model A,2002,969,318000.0,5A MARSILING DR,1.44008479628214,103.77520066007,732005,19.327452699028104,0.8503024014987224,5.0
WOODLANDS,4 ROOM,205,MARSILING DR,04 TO 06,91.0,New Generation,1980,711,263800.0,205 MARSILING DR,1.4449461460443,103.773484126567,730205,19.897021047426456,1.383155193907838,5.0
WOODLANDS,4 ROOM,12A,MARSILING LANE,16 TO 18,93.0,Model A,2013,1104,410000.0,12A MARSILING LANE,1.44131726915198,103.778405129794,731012,19.29801712579213,1.017864789709705,17.0
WOODLANDS,4 ROOM,12C,MARSILING LANE,28 TO 30,93.0,Model A,2013,1103,415000.0,12C MARSILING LANE,1.44108587711762,103.777781234398,733012,19.30402226613974,1.0376624331028346,29.0
WOODLANDS,4 ROOM,12B,MARSILING LANE,25 TO 27,93.0,Model A,2013,1103,420000.0,12B MARSILING LANE,1.44108596725738,103.778120234676,732012,19.288063945326186,1.03419840619881,26.0
WOODLANDS,4 ROOM,308,WOODLANDS AVE 1,01 TO 03,103.0,Model A,1994,871,325000.0,308 WOODLANDS AVE 1,1.42980422383108,103.776560725647,730308,18.237590205519822,0.4094395890902977,2.0
WOODLANDS,4 ROOM,570A,WOODLANDS AVE 1,10 TO 12,92.0,Model A,2013,1109,435000.0,570A WOODLANDS AVE 1,1.43058343799569,103.790845778879,731570,17.649160389230683,0.44021693432181275,11.0
WOODLANDS,4 ROOM,571A,WOODLANDS AVE 1,07 TO 09,92.0,Model A,2013,1109,438000.0,571A WOODLANDS AVE 1,1.43017030750239,103.791091612057,731571,17.59626865672732,0.38716052718931093,8.0
WOODLANDS,4 ROOM,354,WOODLANDS AVE 1,04 TO 06,105.0,Model A,1996,900,335000.0,354 WOODLANDS AVE 1,1.43239170175696,103.785065334478,730354,18.08785295200253,0.5320591053484041,5.0
WOODLANDS,4 ROOM,571B,WOODLANDS AVE 1,04 TO 06,92.0,Model A,2013,1108,430000.0,571B WOODLANDS AVE 1,1.43013163139671,103.790642444468,732571,17.61141352194064,0.4167567456172255,5.0
WOODLANDS,4 ROOM,616,WOODLANDS AVE 4,04 TO 06,102.0,Model A,1998,923,310000.0,616 WOODLANDS AVE 4,1.4343227615451,103.795844279939,730616,17.833815880522653,0.8187540947130248,5.0
WOODLANDS,4 ROOM,614,WOODLANDS AVE 4,01 TO 03,101.0,Model A,1998,925,330000.0,614 WOODLANDS AVE 4,1.43445536966004,103.79641239237,730614,17.825852420844917,0.8504442100855261,2.0
WOODLANDS,4 ROOM,618,WOODLANDS AVE 4,07 TO 09,95.0,Model A2,1998,923,330000.0,618 WOODLANDS AVE 4,1.43364088827247,103.796644189543,730618,17.731947765647746,0.7869168696713055,8.0
WOODLANDS,4 ROOM,755,WOODLANDS AVE 4,04 TO 06,103.0,Model A,1997,917,313000.0,755 WOODLANDS AVE 4,1.44529965536515,103.793269737338,730755,19.078498429519048,0.7900373710954062,5.0
WOODLANDS,4 ROOM,614,WOODLANDS AVE 4,10 TO 12,102.0,Model A,1998,925,340000.0,614 WOODLANDS AVE 4,1.43445536966004,103.79641239237,730614,17.825852420844917,0.8504442100855261,11.0
WOODLANDS,4 ROOM,719,WOODLANDS AVE 6,01 TO 03,100.0,Model A,1997,911,355000.0,719 WOODLANDS AVE 6,1.44192155949726,103.800135496516,730719,18.475642297358313,0.17626035676315097,2.0
WOODLANDS,4 ROOM,626,WOODLANDS AVE 6,10 TO 12,90.0,Model A2,1998,925,300000.0,626 WOODLANDS AVE 6,1.43344635284838,103.800558138968,730626,17.566589992065772,0.7952183824618104,11.0
WOODLANDS,4 ROOM,763,WOODLANDS AVE 6,01 TO 03,101.0,Model A,1998,921,320000.0,763 WOODLANDS AVE 6,1.44538363557429,103.795975414968,730763,18.987390377562686,0.7714794897053738,2.0
WOODLANDS,4 ROOM,729,WOODLANDS CIRCLE,07 TO 09,91.0,Model A2,1997,917,320000.0,729 WOODLANDS CIRCLE,1.44259053811125,103.798580788565,730729,18.600336539975984,0.34832922998512955,8.0
WOODLANDS,4 ROOM,726,WOODLANDS CIRCLE,10 TO 12,103.0,Model A,1997,912,360000.0,726 WOODLANDS CIRCLE,1.44427656207237,103.799681444987,730726,18.740314362666176,0.4354190780338157,11.0
WOODLANDS,4 ROOM,727,WOODLANDS CIRCLE,04 TO 06,103.0,Model A,1997,911,340000.0,727 WOODLANDS CIRCLE,1.44367879146851,103.799836033871,730727,18.67178172392297,0.3670734111197573,5.0
WOODLANDS,4 ROOM,753,WOODLANDS CIRCLE,07 TO 09,103.0,Model A,1997,917,338000.0,753 WOODLANDS CIRCLE,1.44580506026781,103.794640299567,730753,19.08036178371736,0.9136730359671322,8.0
WOODLANDS,4 ROOM,736,WOODLANDS CIRCLE,10 TO 12,103.0,Model A,1998,919,352000.0,736 WOODLANDS CIRCLE,1.44283764811354,103.79681411892,730736,18.68935889187534,0.5272642779197766,11.0
WOODLANDS,4 ROOM,780D,WOODLANDS CRES,13 TO 15,92.0,Model A,2015,1131,405000.0,780D WOODLANDS CRES,1.44811995933796,103.801945845172,734780,19.073224016163856,0.8445873464067126,14.0
WOODLANDS,4 ROOM,787B,WOODLANDS CRES,10 TO 12,101.0,Model A,1997,915,372000.0,787B WOODLANDS CRES,1.44456206997385,103.800811554206,732787,18.732355960691876,0.4426646238549607,11.0
WOODLANDS,4 ROOM,787B,WOODLANDS CRES,04 TO 06,101.0,Model A,1997,915,342000.0,787B WOODLANDS CRES,1.44456206997385,103.800811554206,732787,18.732355960691876,0.4426646238549607,5.0
WOODLANDS,4 ROOM,780C,WOODLANDS CRES,01 TO 03,92.0,Model A,2015,1128,363000.0,780C WOODLANDS CRES,1.44911111477951,103.801346682135,733780,19.19800147616007,0.9488986032587032,2.0
WOODLANDS,4 ROOM,782D,WOODLANDS CRES,13 TO 15,92.0,Model A,2015,1127,410000.0,782D WOODLANDS CRES,1.44817394200904,103.803035445933,734782,19.044352366827475,0.8740047957221365,14.0
WOODLANDS,4 ROOM,502A,WOODLANDS DR 14,04 TO 06,101.0,Model A,1998,929,336000.0,502A WOODLANDS DR 14,1.43330461383635,103.791313633199,731502,17.909667727835334,0.6758365756192566,5.0
WOODLANDS,4 ROOM,519,WOODLANDS DR 14,07 TO 09,105.0,Premium Apartment,2000,950,375000.0,519 WOODLANDS DR 14,1.43458853077239,103.791962661857,730519,18.015544969662077,0.666208572175914,8.0
WOODLANDS,4 ROOM,525,WOODLANDS DR 14,10 TO 12,104.0,Premium Apartment,2000,944,370000.0,525 WOODLANDS DR 14,1.43232278107759,103.793250049436,730525,17.728694930828002,0.5436729216915899,11.0
WOODLANDS,4 ROOM,579,WOODLANDS DR 16,07 TO 09,90.0,Model A,2001,957,352000.0,579 WOODLANDS DR 16,1.43071319275918,103.795708910476,730579,17.463272466951086,0.4561157651930754,8.0
WOODLANDS,4 ROOM,575,WOODLANDS DR 16,01 TO 03,86.0,Model A2,2000,954,330000.0,575 WOODLANDS DR 16,1.43118720442285,103.797237729001,730575,17.453091496088643,0.6093042620168513,2.0
WOODLANDS,4 ROOM,588,WOODLANDS DR 16,10 TO 12,91.0,Model A,2001,957,415000.0,588 WOODLANDS DR 16,1.42766679871283,103.794643990954,730588,17.190205848528727,0.15770645527209876,11.0
WOODLANDS,4 ROOM,887B,WOODLANDS DR 50,07 TO 09,92.0,Premium Apartment,2015,1124,435000.0,887B WOODLANDS DR 50,1.43720254481335,103.794350937623,732887,18.19178984921167,0.8281136772063266,8.0
WOODLANDS,4 ROOM,886C,WOODLANDS DR 50,10 TO 12,92.0,Premium Apartment,2015,1124,425000.0,886C WOODLANDS DR 50,1.43773146039956,103.794135764157,733886,18.255252765677522,0.8251399848225608,11.0
WOODLANDS,4 ROOM,896C,WOODLANDS DR 50,01 TO 03,99.0,Model A,1997,912,320000.0,896C WOODLANDS DR 50,1.4367617558598,103.793339992473,732896,18.185519593040375,0.7648518619437814,2.0
WOODLANDS,4 ROOM,897C,WOODLANDS DR 50,04 TO 06,99.0,Model A,1997,913,345000.0,897C WOODLANDS DR 50,1.43574395739063,103.794134055957,732897,18.04840738511523,0.8635731446197841,5.0
WOODLANDS,4 ROOM,887A,WOODLANDS DR 50,16 TO 18,92.0,Premium Apartment,2015,1123,455000.0,887A WOODLANDS DR 50,1.43719216541067,103.793890876939,731887,18.208632182669152,0.8261186587137341,17.0
WOODLANDS,4 ROOM,887A,WOODLANDS DR 50,16 TO 18,95.0,Premium Apartment,2015,1123,465000.0,887A WOODLANDS DR 50,1.43719216541067,103.793890876939,731887,18.208632182669152,0.8261186587137341,17.0
WOODLANDS,4 ROOM,625A,WOODLANDS DR 52,04 TO 06,101.0,Model A,1998,927,328000.0,625A WOODLANDS DR 52,1.43364126031079,103.799619143241,731625,17.620994212203158,0.786959490560512,5.0
WOODLANDS,4 ROOM,620,WOODLANDS DR 52,01 TO 03,91.0,Model A2,1998,924,310000.0,620 WOODLANDS DR 52,1.43342596098074,103.798861660947,730620,17.626149091004294,0.8303985741552055,2.0
WOODLANDS,4 ROOM,681A,WOODLANDS DR 62,10 TO 12,101.0,Premium Apartment,2000,944,380000.0,681A WOODLANDS DR 62,1.43953354132813,103.803797276395,731681,18.099877798816266,0.3334478241320846,11.0
WOODLANDS,4 ROOM,709,WOODLANDS DR 70,04 TO 06,102.0,Model A,1996,906,350000.0,709 WOODLANDS DR 70,1.44023981392028,103.797932567952,730709,18.375776335023073,0.34180326115505183,5.0
WOODLANDS,4 ROOM,710,WOODLANDS DR 70,04 TO 06,101.0,Model A,1997,908,350000.0,710 WOODLANDS DR 70,1.4407767693337,103.797420277053,730710,18.450747511233907,0.3971602478631637,5.0
WOODLANDS,4 ROOM,688A,WOODLANDS DR 75,10 TO 12,90.0,Premium Apartment,2004,991,370000.0,688A WOODLANDS DR 75,1.44282519946342,103.807197738189,731688,18.3450726769532,0.7338436793453371,11.0
WOODLANDS,4 ROOM,689A,WOODLANDS DR 75,13 TO 15,90.0,Premium Apartment,2004,992,375000.0,689A WOODLANDS DR 75,1.44438629292754,103.807925409687,731689,18.490990069337343,0.8794032711406096,14.0
WOODLANDS,4 ROOM,664,WOODLANDS RING RD,07 TO 09,100.0,Model A,1998,920,350000.0,664 WOODLANDS RING RD,1.43619845734491,103.797798851368,730664,17.956175680193628,0.6029803934573118,8.0
WOODLANDS,4 ROOM,662,WOODLANDS RING RD,10 TO 12,100.0,Model A,1998,920,340000.0,662 WOODLANDS RING RD,1.43556537853694,103.798090214896,730662,17.879018472992186,0.6444365844700225,11.0
WOODLANDS,4 ROOM,645,WOODLANDS RING RD,04 TO 06,100.0,Model A,1998,924,330000.0,645 WOODLANDS RING RD,1.43705047335975,103.800942560385,730645,17.932980470000462,0.39305400956823,5.0
WOODLANDS,4 ROOM,653,WOODLANDS RING RD,07 TO 09,101.0,Model A,1998,920,369000.0,653 WOODLANDS RING RD,1.43808142337938,103.799032334026,730653,18.109148756554738,0.3532101473726197,8.0
WOODLANDS,4 ROOM,629,WOODLANDS RING RD,01 TO 03,100.0,Model A,1998,925,330000.0,629 WOODLANDS RING RD,1.43412645158437,103.801200901409,730629,17.61538274734826,0.7185477743555612,2.0
WOODLANDS,4 ROOM,105,WOODLANDS ST 13,01 TO 03,91.0,New Generation,1985,765,318000.0,105 WOODLANDS ST 13,1.43684476168491,103.781579113316,730105,18.698699712001645,0.5430053721115734,2.0
WOODLANDS,4 ROOM,334,WOODLANDS ST 32,04 TO 06,104.0,Model A,1985,773,335000.0,334 WOODLANDS ST 32,1.43004416735978,103.780454637803,730334,18.067970442716792,0.7608073423206902,5.0
WOODLANDS,4 ROOM,404,WOODLANDS ST 41,01 TO 03,93.0,New Generation,1995,890,365000.0,404 WOODLANDS ST 41,1.43035044236451,103.77225886776,730404,18.514327093972042,0.3146431180861515,2.0
WOODLANDS,4 ROOM,418,WOODLANDS ST 41,10 TO 12,106.0,Model A,1996,895,374800.0,418 WOODLANDS ST 41,1.42885742321272,103.774818014083,730418,18.233758724891338,0.41568376493267456,11.0
WOODLANDS,4 ROOM,428,WOODLANDS ST 41,07 TO 09,104.0,Model A,1996,901,350000.0,428 WOODLANDS ST 41,1.42698292390675,103.772578475525,730428,18.16866634977769,0.6378853436781404,8.0
WOODLANDS,4 ROOM,418,WOODLANDS ST 41,10 TO 12,106.0,Model A,1996,895,360000.0,418 WOODLANDS ST 41,1.42885742321272,103.774818014083,730418,18.233758724891338,0.41568376493267456,11.0
WOODLANDS,4 ROOM,436,WOODLANDS ST 41,07 TO 09,84.0,Simplified,1996,901,298000.0,436 WOODLANDS ST 41,1.42661624805888,103.774872341652,730436,18.010982624644463,0.6625554803094571,8.0
WOODLANDS,4 ROOM,825,WOODLANDS ST 81,04 TO 06,84.0,Simplified,1990,828,315000.0,825 WOODLANDS ST 81,1.43883122583239,103.789589257706,730825,18.551386105584054,0.404624976203762,5.0
WOODLANDS,4 ROOM,843,WOODLANDS ST 82,07 TO 09,84.0,Simplified,1994,875,295000.0,843 WOODLANDS ST 82,1.44314929042286,103.79305512541,730843,18.86195168645953,0.8724487130519647,8.0
WOODLANDS,4 ROOM,843,WOODLANDS ST 82,10 TO 12,84.0,Simplified,1994,875,325000.0,843 WOODLANDS ST 82,1.44314929042286,103.79305512541,730843,18.86195168645953,0.8724487130519647,11.0
WOODLANDS,4 ROOM,875,WOODLANDS ST 82,07 TO 09,111.0,Model A,1996,896,365000.0,875 WOODLANDS ST 82,1.44253261259412,103.789611665242,730875,18.933300109417132,0.6484125780904734,8.0
WOODLANDS,4 ROOM,842,WOODLANDS ST 82,10 TO 12,84.0,Simplified,1994,875,295000.0,842 WOODLANDS ST 82,1.44343770450452,103.792255388168,730842,18.92281959312114,0.7808811788209779,11.0
WOODLANDS,4 ROOM,845,WOODLANDS ST 82,01 TO 03,84.0,Simplified,1994,875,308000.0,845 WOODLANDS ST 82,1.44275455946434,103.792532086511,730845,18.840901738839918,0.8508132846297491,2.0
WOODLANDS,4 ROOM,854,WOODLANDS ST 83,04 TO 06,104.0,Model A,1993,866,345000.0,854 WOODLANDS ST 83,1.43979292303567,103.793067357987,730854,18.511549714841795,0.7985629758174675,5.0
WOODLANDS,5 ROOM,5A,MARSILING DR,07 TO 09,110.0,Improved,2002,970,348000.0,5A MARSILING DR,1.44008479628214,103.77520066007,732005,19.327452699028104,0.8503024014987224,8.0
WOODLANDS,5 ROOM,214,MARSILING LANE,01 TO 03,118.0,Improved,1981,718,320000.0,214 MARSILING LANE,1.44697084540303,103.771713364181,730214,20.185597241366075,1.6280314046579976,2.0
WOODLANDS,5 ROOM,214,MARSILING LANE,04 TO 06,118.0,Improved,1981,718,320000.0,214 MARSILING LANE,1.44697084540303,103.771713364181,730214,20.185597241366075,1.6280314046579976,5.0
WOODLANDS,5 ROOM,142,MARSILING RD,04 TO 06,134.0,Model A,1995,886,450000.0,142 MARSILING RD,1.43703348852642,103.777069314339,730142,18.93145993498748,0.6021352649934791,5.0
WOODLANDS,5 ROOM,134,MARSILING RD,07 TO 09,134.0,Model A,1995,887,440000.0,134 MARSILING RD,1.43663707059525,103.777397588342,730134,18.87586935420625,0.5881347081695983,8.0
WOODLANDS,5 ROOM,129,MARSILING RISE,07 TO 09,139.0,Model A,1985,763,422000.0,129 MARSILING RISE,1.43781136682326,103.778702019627,730129,18.9310015818479,0.7814212156478924,8.0
WOODLANDS,5 ROOM,129,MARSILING RISE,04 TO 06,138.0,Model A,1985,763,380000.0,129 MARSILING RISE,1.43781136682326,103.778702019627,730129,18.9310015818479,0.7814212156478924,5.0
WOODLANDS,5 ROOM,572A,WOODLANDS AVE 1,04 TO 06,112.0,Improved,2013,1109,490000.0,572A WOODLANDS AVE 1,1.43086687491645,103.78955465026,731572,17.733528279951223,0.5603597029196957,5.0
WOODLANDS,5 ROOM,614,WOODLANDS AVE 4,01 TO 03,122.0,Improved,1998,925,395000.0,614 WOODLANDS AVE 4,1.43445536966004,103.79641239237,730614,17.825852420844917,0.8504442100855261,2.0
WOODLANDS,5 ROOM,616,WOODLANDS AVE 4,10 TO 12,122.0,Improved,1998,922,420000.0,616 WOODLANDS AVE 4,1.4343227615451,103.795844279939,730616,17.833815880522653,0.8187540947130248,11.0
WOODLANDS,5 ROOM,679,WOODLANDS AVE 6,07 TO 09,123.0,Improved,1998,926,450000.0,679 WOODLANDS AVE 6,1.43992345062736,103.80201525015,730679,18.200226085092808,0.13583192791222906,8.0
WOODLANDS,5 ROOM,760,WOODLANDS AVE 6,07 TO 09,122.0,Improved,1998,919,402000.0,760 WOODLANDS AVE 6,1.44682318326801,103.796542079788,730760,19.118615156847316,0.8517022221331818,8.0
WOODLANDS,5 ROOM,736,WOODLANDS CIRCLE,07 TO 09,122.0,Improved,1998,920,410000.0,736 WOODLANDS CIRCLE,1.44283764811354,103.79681411892,730736,18.68935889187534,0.5272642779197766,8.0
WOODLANDS,5 ROOM,746,WOODLANDS CIRCLE,10 TO 12,122.0,Improved,1998,919,420000.0,746 WOODLANDS CIRCLE,1.4425071362764,103.795304649405,730746,18.709963733500114,0.6669345890972429,11.0
WOODLANDS,5 ROOM,727,WOODLANDS CIRCLE,04 TO 06,122.0,Improved,1997,911,420000.0,727 WOODLANDS CIRCLE,1.44367879146851,103.799836033871,730727,18.67178172392297,0.3670734111197573,5.0
WOODLANDS,5 ROOM,782A,WOODLANDS CRES,04 TO 06,112.0,Improved,2015,1128,435000.0,782A WOODLANDS CRES,1.44746650320484,103.802661294631,731782,18.98076996057244,0.7874705440792359,5.0
WOODLANDS,5 ROOM,782A,WOODLANDS CRES,10 TO 12,112.0,Improved,2015,1128,470000.0,782A WOODLANDS CRES,1.44746650320484,103.802661294631,731782,18.98076996057244,0.7874705440792359,11.0
WOODLANDS,5 ROOM,782E,WOODLANDS CRES,07 TO 09,112.0,Improved,2015,1127,473000.0,782E WOODLANDS CRES,1.44805153860282,103.802708834923,735782,19.041607984201285,0.8519924093287544,8.0
WOODLANDS,5 ROOM,782E,WOODLANDS CRES,13 TO 15,112.0,Improved,2015,1127,475000.0,782E WOODLANDS CRES,1.44805153860282,103.802708834923,735782,19.041607984201285,0.8519924093287544,14.0
WOODLANDS,5 ROOM,502A,WOODLANDS DR 14,10 TO 12,123.0,Improved,1998,929,410000.0,502A WOODLANDS DR 14,1.43330461383635,103.791313633199,731502,17.909667727835334,0.6758365756192566,11.0
WOODLANDS,5 ROOM,504,WOODLANDS DR 14,04 TO 06,123.0,Improved,1999,931,420000.0,504 WOODLANDS DR 14,1.4329824226314,103.79106326286,730504,17.886875838883874,0.6629563328571717,5.0
WOODLANDS,5 ROOM,518,WOODLANDS DR 14,04 TO 06,129.0,Premium Apartment,2000,951,470000.0,518 WOODLANDS DR 14,1.43438159664305,103.791681037687,730518,18.00568427660946,0.6474878086504429,5.0
WOODLANDS,5 ROOM,521,WOODLANDS DR 14,04 TO 06,126.0,Premium Apartment,2000,948,445000.0,521 WOODLANDS DR 14,1.43371600015319,103.793326209161,730521,17.869934206437758,0.6986503731534794,5.0
WOODLANDS,5 ROOM,502,WOODLANDS DR 14,07 TO 09,124.0,Improved,1998,928,458000.0,502 WOODLANDS DR 14,1.43318008766271,103.791790437361,730502,17.877077224601564,0.6591290835213436,8.0
WOODLANDS,5 ROOM,513,WOODLANDS DR 14,10 TO 12,128.0,Premium Apartment,1999,932,492888.0,513 WOODLANDS DR 14,1.43386698574021,103.789472977537,730513,18.044878519879777,0.4805293641364119,11.0
WOODLANDS,5 ROOM,503,WOODLANDS DR 14,04 TO 06,124.0,Improved,1998,929,420000.0,503 WOODLANDS DR 14,1.43249995976888,103.791786711705,730503,17.807033279666577,0.5862196705274099,5.0
WOODLANDS,5 ROOM,527,WOODLANDS DR 14,10 TO 12,125.0,Premium Apartment,1999,937,450000.0,527 WOODLANDS DR 14,1.43173161043485,103.792106203248,730527,17.714515864976853,0.49440645607426115,11.0
WOODLANDS,5 ROOM,542,WOODLANDS DR 16,10 TO 12,120.0,Improved,2000,947,475000.0,542 WOODLANDS DR 16,1.42773187485332,103.793625057871,730542,17.23888631249738,0.05375840367748567,11.0
WOODLANDS,5 ROOM,586,WOODLANDS DR 16,10 TO 12,111.0,Improved,2001,959,430000.0,586 WOODLANDS DR 16,1.42861439008497,103.794717960696,730586,17.285231393826262,0.20992404472681242,11.0
WOODLANDS,5 ROOM,602,WOODLANDS DR 42,04 TO 06,122.0,Improved,1997,910,438000.0,602 WOODLANDS DR 42,1.43821741607197,103.796391500509,730602,18.220060279178867,0.5747814510515018,5.0
WOODLANDS,5 ROOM,894B,WOODLANDS DR 50,10 TO 12,121.0,Improved,1996,904,493000.0,894B WOODLANDS DR 50,1.43600943919705,103.789507492911,731894,18.263808320502083,0.3548801383718488,11.0
WOODLANDS,5 ROOM,898A,WOODLANDS DR 50,01 TO 03,118.0,Improved,1997,913,420000.0,898A WOODLANDS DR 50,1.43537224460869,103.794675132372,730898,17.988537246823295,0.8969657074715438,2.0
WOODLANDS,5 ROOM,899A,WOODLANDS DR 50,01 TO 03,118.0,Improved,1997,915,360000.0,899A WOODLANDS DR 50,1.43580504809942,103.795253987843,730899,18.011166652839382,0.8299205684735833,2.0
WOODLANDS,5 ROOM,896A,WOODLANDS DR 50,07 TO 09,123.0,Improved,1997,906,438000.0,896A WOODLANDS DR 50,1.43646755646399,103.793072616108,730896,18.165553070719483,0.7368918295107975,8.0
WOODLANDS,5 ROOM,557,WOODLANDS DR 53,10 TO 12,120.0,Improved,1999,942,410888.0,557 WOODLANDS DR 53,1.43272193932997,103.796846435522,730557,17.62827204697282,0.7114181776698534,11.0
WOODLANDS,5 ROOM,786F,WOODLANDS DR 60,10 TO 12,121.0,Improved,1997,912,420000.0,786F WOODLANDS DR 60,1.44624972053447,103.800417990569,736786,18.924488245139464,0.6330669276240776,11.0
WOODLANDS,5 ROOM,709,WOODLANDS DR 70,07 TO 09,119.0,Improved,1996,905,450000.0,709 WOODLANDS DR 70,1.44023981392028,103.797932567952,730709,18.375776335023073,0.34180326115505183,8.0
WOODLANDS,5 ROOM,672,WOODLANDS DR 71,01 TO 03,110.0,Improved,2000,952,410000.0,672 WOODLANDS DR 71,1.439485644214,103.799753267452,730672,18.231595318461718,0.18379783527612203,2.0
WOODLANDS,5 ROOM,685C,WOODLANDS DR 73,01 TO 03,115.0,Premium Apartment,2002,978,400000.0,685C WOODLANDS DR 73,1.44168775932162,103.805788847375,733685,18.266217480489658,0.5475672569898647,2.0
WOODLANDS,5 ROOM,689B,WOODLANDS DR 75,01 TO 03,110.0,Premium Apartment,2004,992,375000.0,689B WOODLANDS DR 75,1.44446942805204,103.808397457375,732689,18.4862413960243,0.930017935884253,2.0
WOODLANDS,5 ROOM,689F,WOODLANDS DR 75,04 TO 06,110.0,Premium Apartment,2004,991,385000.0,689F WOODLANDS DR 75,1.44357856654871,103.808771154988,736689,18.37980612474163,0.9269986555078077,5.0
WOODLANDS,5 ROOM,687A,WOODLANDS DR 75,01 TO 03,115.0,Premium Apartment,2003,979,380000.0,687A WOODLANDS DR 75,1.44100430753825,103.807223345894,731687,18.149340702954206,0.6946859189576717,2.0
WOODLANDS,5 ROOM,687A,WOODLANDS DR 75,01 TO 03,115.0,Premium Apartment,2003,978,400000.0,687A WOODLANDS DR 75,1.44100430753825,103.807223345894,731687,18.149340702954206,0.6946859189576717,2.0
WOODLANDS,5 ROOM,688B,WOODLANDS DR 75,01 TO 03,110.0,Premium Apartment,2004,992,385000.0,688B WOODLANDS DR 75,1.44346858175011,103.807033335539,732688,18.418893475340116,0.7445740691522934,2.0
WOODLANDS,5 ROOM,689F,WOODLANDS DR 75,07 TO 09,110.0,Premium Apartment,2004,990,385000.0,689F WOODLANDS DR 75,1.44357856654871,103.808771154988,736689,18.37980612474163,0.9269986555078077,8.0
WOODLANDS,5 ROOM,630,WOODLANDS RING RD,07 TO 09,124.0,Improved,1998,926,410000.0,630 WOODLANDS RING RD,1.43459740049636,103.801501088314,730630,17.654515387483773,0.668229274733815,8.0
WOODLANDS,5 ROOM,325,WOODLANDS ST 32,01 TO 03,132.0,Model A,1995,882,425000.0,325 WOODLANDS ST 32,1.43078891155605,103.779517722142,730325,18.188067653977356,0.6349734893260917,2.0
WOODLANDS,5 ROOM,426,WOODLANDS ST 41,04 TO 06,120.0,Improved,1997,908,363000.0,426 WOODLANDS ST 41,1.42711341742034,103.773283188353,730426,18.143702386181175,0.6077142047362977,5.0
WOODLANDS,5 ROOM,406,WOODLANDS ST 41,04 TO 06,126.0,Improved,1995,893,440000.0,406 WOODLANDS ST 41,1.42940389596979,103.772728145323,730406,18.39693339686242,0.37755847095597705,5.0
WOODLANDS,5 ROOM,875,WOODLANDS ST 82,01 TO 03,135.0,Model A,1996,897,437000.0,875 WOODLANDS ST 82,1.44253261259412,103.789611665242,730875,18.933300109417132,0.6484125780904734,2.0
WOODLANDS,5 ROOM,880,WOODLANDS ST 82,07 TO 09,125.0,Improved,1996,903,398000.0,880 WOODLANDS ST 82,1.44448968447959,103.792643075252,730880,19.017654562495142,0.7587313494588748,8.0
WOODLANDS,5 ROOM,861,WOODLANDS ST 83,01 TO 03,127.0,Improved,1996,897,413000.0,861 WOODLANDS ST 83,1.43966015258891,103.795235776713,730861,18.414463371475666,0.6476331754794551,2.0
WOODLANDS,5 ROOM,861,WOODLANDS ST 83,07 TO 09,124.0,Improved,1996,896,440000.0,861 WOODLANDS ST 83,1.43966015258891,103.795235776713,730861,18.414463371475666,0.6476331754794551,8.0
WOODLANDS,EXECUTIVE,141,MARSILING RD,01 TO 03,173.0,Apartment,1995,886,580000.0,141 MARSILING RD,1.43736870010289,103.77707219926,730141,18.964852246726977,0.6336987017037204,2.0
WOODLANDS,EXECUTIVE,136,MARSILING RD,01 TO 03,162.0,Apartment,1995,885,543000.0,136 MARSILING RD,1.43832145748732,103.777752029807,730136,19.027553424649625,0.7635966142716478,2.0
WOODLANDS,EXECUTIVE,128,MARSILING RISE,01 TO 03,170.0,Apartment,1995,884,600000.0,128 MARSILING RISE,1.43745488294257,103.778927259843,730128,18.884464470595812,0.7693763286250674,2.0
WOODLANDS,EXECUTIVE,358,WOODLANDS AVE 5,04 TO 06,145.0,Apartment,1996,904,545000.0,358 WOODLANDS AVE 5,1.43368262673441,103.78387506315,730358,18.273015612197714,0.4649714406735928,5.0
WOODLANDS,EXECUTIVE,358,WOODLANDS AVE 5,01 TO 03,149.0,Maisonette,1996,901,580000.0,358 WOODLANDS AVE 5,1.43368262673441,103.78387506315,730358,18.273015612197714,0.4649714406735928,2.0
WOODLANDS,EXECUTIVE,788E,WOODLANDS CRES,01 TO 03,143.0,Maisonette,1999,932,531888.0,788E WOODLANDS CRES,1.44441749764901,103.802337261902,735788,18.66666775021631,0.45177694312183375,2.0
WOODLANDS,EXECUTIVE,524,WOODLANDS DR 14,10 TO 12,141.0,Premium Apartment,2000,944,545000.0,524 WOODLANDS DR 14,1.43264768513006,103.79367954254,730524,17.744981932894447,0.5818125899902747,11.0
WOODLANDS,EXECUTIVE,583,WOODLANDS DR 16,04 TO 06,131.0,Apartment,2001,958,520888.0,583 WOODLANDS DR 16,1.43039588715816,103.795316786283,730583,17.445851837748048,0.40195870272904044,5.0
WOODLANDS,EXECUTIVE,581,WOODLANDS DR 16,10 TO 12,131.0,Apartment,2001,958,525000.0,581 WOODLANDS DR 16,1.42989030003699,103.796403905753,730581,17.35034393760052,0.44493638855142154,11.0
WOODLANDS,EXECUTIVE,893A,WOODLANDS DR 50,01 TO 03,145.0,Maisonette,1996,903,565000.0,893A WOODLANDS DR 50,1.43684431239404,103.79061311257,730893,18.30401032682871,0.46159302827425314,2.0
WOODLANDS,EXECUTIVE,670,WOODLANDS DR 71,01 TO 03,130.0,Apartment,2000,948,540000.0,670 WOODLANDS DR 71,1.43882635430604,103.799297445551,730670,18.178157394249144,0.2712110616666902,2.0
WOODLANDS,EXECUTIVE,798,WOODLANDS DR 72,10 TO 12,141.0,Apartment,1997,915,560000.0,798 WOODLANDS DR 72,1.443718029954,103.803634259711,730798,18.55044417060803,0.4559550571263029,11.0
WOODLANDS,EXECUTIVE,636,WOODLANDS RING RD,01 TO 03,141.0,Maisonette,1999,939,521000.0,636 WOODLANDS RING RD,1.43686472282189,103.802701256247,730636,17.852995703224263,0.45540891235857106,2.0
WOODLANDS,EXECUTIVE,658,WOODLANDS RING RD,01 TO 03,144.0,Maisonette,1998,920,540000.0,658 WOODLANDS RING RD,1.43664171298146,103.79960155942,730658,17.937213254405187,0.46476991714532917,2.0
WOODLANDS,EXECUTIVE,345,WOODLANDS ST 32,04 TO 06,174.0,Apartment,1995,883,665000.0,345 WOODLANDS ST 32,1.43245895439208,103.780459402089,730345,18.309618547491542,0.7097648549025759,5.0
WOODLANDS,EXECUTIVE,328,WOODLANDS ST 32,04 TO 06,163.0,Apartment,1994,873,615000.0,328 WOODLANDS ST 32,1.43005749573809,103.779439838598,730328,18.118893587804514,0.6563041620558981,5.0
WOODLANDS,EXECUTIVE,419,WOODLANDS ST 41,07 TO 09,179.0,Apartment,1995,891,675000.0,419 WOODLANDS ST 41,1.42851420473475,103.774572425077,730419,18.212833497523814,0.44897464473538357,8.0
WOODLANDS,EXECUTIVE,803,WOODLANDS ST 81,10 TO 12,192.0,Apartment,1994,871,725000.0,803 WOODLANDS ST 81,1.44035067628585,103.787094366564,730803,18.812181407020937,0.38261219156518445,11.0
WOODLANDS,EXECUTIVE,807,WOODLANDS ST 81,01 TO 03,192.0,Apartment,1994,871,715000.0,807 WOODLANDS ST 81,1.44226027181922,103.78751724184,730807,18.991055017984905,0.5897116585153274,2.0
WOODLANDS,EXECUTIVE,808,WOODLANDS ST 81,04 TO 06,192.0,Apartment,1994,870,748000.0,808 WOODLANDS ST 81,1.44228123978512,103.78691557368,730808,19.018364380002577,0.5782949520450681,5.0
WOODLANDS,EXECUTIVE,820,WOODLANDS ST 82,10 TO 12,177.0,Apartment,1995,884,730000.0,820 WOODLANDS ST 82,1.44118653611303,103.790150923168,730820,18.772072689549443,0.6229913362003356,11.0
WOODLANDS,EXECUTIVE,820,WOODLANDS ST 82,07 TO 09,177.0,Apartment,1995,884,730000.0,820 WOODLANDS ST 82,1.44118653611303,103.790150923168,730820,18.772072689549443,0.6229913362003356,8.0
WOODLANDS,EXECUTIVE,833,WOODLANDS ST 83,01 TO 03,151.0,Maisonette,1989,816,540000.0,833 WOODLANDS ST 83,1.44013740744835,103.790566121023,730833,18.64661838516577,0.5764259810540029,2.0
WOODLANDS,EXECUTIVE,832,WOODLANDS ST 83,10 TO 12,176.0,Apartment,1994,879,710000.0,832 WOODLANDS ST 83,1.43966937766405,103.790761499462,730832,18.59024164930399,0.5644308548218552,11.0
YISHUN,2 ROOM,424B,YISHUN AVE 11,01 TO 03,47.0,Model A,2015,1133,220000.0,424B YISHUN AVE 11,1.42324554532359,103.84854187629,762424,15.498006707124022,1.6550560096655218,2.0
YISHUN,2 ROOM,438,YISHUN AVE 11,04 TO 06,40.0,Model A,2000,950,210000.0,438 YISHUN AVE 11,1.42167934851855,103.846089210389,760438,15.3321672838582,1.504456258473356,5.0
YISHUN,2 ROOM,451,YISHUN RING RD,07 TO 09,47.0,Model A,2012,1094,215000.0,451 YISHUN RING RD,1.42205375166534,103.844675188975,760451,15.38071890033264,1.353000377476308,8.0
YISHUN,3 ROOM,424C,YISHUN AVE 11,13 TO 15,67.0,Model A,2015,1133,326000.0,424C YISHUN AVE 11,1.42325871209596,103.849154996435,763424,15.498174243148101,1.7166690910835778,14.0
YISHUN,3 ROOM,429B,YISHUN AVE 11,04 TO 06,67.0,Model A,2015,1133,295000.0,429B YISHUN AVE 11,1.42171591948582,103.849243699301,762429,15.32648353384019,1.800955496339261,5.0
YISHUN,3 ROOM,347A,YISHUN AVE 11,04 TO 06,67.0,DBSS,2013,1106,408000.0,347A YISHUN AVE 11,1.42793924371366,103.842676976311,761347,16.046435744812,0.8690539897475323,5.0
YISHUN,3 ROOM,862,YISHUN AVE 4,10 TO 12,74.0,Model A,1988,804,265000.0,862 YISHUN AVE 4,1.41717564266771,103.839341384551,760862,14.88108316712911,0.7075245472315438,11.0
YISHUN,3 ROOM,703,YISHUN AVE 5,10 TO 12,68.0,New Generation,1984,751,260000.0,703 YISHUN AVE 5,1.42958489778701,103.828851112708,760703,16.393908788913595,0.6842549257679387,11.0
YISHUN,3 ROOM,701,YISHUN AVE 5,10 TO 12,68.0,New Generation,1984,751,290000.0,701 YISHUN AVE 5,1.42995455706118,103.828835235349,760701,16.434797056436178,0.688192167217619,11.0
YISHUN,3 ROOM,739,YISHUN AVE 5,10 TO 12,67.0,New Generation,1985,769,315000.0,739 YISHUN AVE 5,1.42974523614957,103.83213983452,760739,16.359429985973755,0.3202650337544889,11.0
YISHUN,3 ROOM,734,YISHUN AVE 5,10 TO 12,67.0,New Generation,1985,763,285000.0,734 YISHUN AVE 5,1.42926455279295,103.831074825531,760734,16.322493722247632,0.43733537131554073,11.0
YISHUN,3 ROOM,707,YISHUN AVE 5,07 TO 09,68.0,New Generation,1984,753,258000.0,707 YISHUN AVE 5,1.42893488907136,103.827716191445,760707,16.342428232413937,0.8121996698430537,8.0
YISHUN,3 ROOM,101,YISHUN AVE 5,01 TO 03,83.0,New Generation,1978,683,265000.0,101 YISHUN AVE 5,1.4305357538408,103.827667722074,760101,16.5189795411126,0.8246191237704222,2.0
YISHUN,3 ROOM,706,YISHUN AVE 5,04 TO 06,68.0,New Generation,1984,750,245000.0,706 YISHUN AVE 5,1.42886692085513,103.828909001953,760706,16.31403334159049,0.6806600772305201,5.0
YISHUN,3 ROOM,701,YISHUN AVE 5,10 TO 12,68.0,New Generation,1984,750,270000.0,701 YISHUN AVE 5,1.42995455706118,103.828835235349,760701,16.434797056436178,0.688192167217619,11.0
YISHUN,3 ROOM,710,YISHUN AVE 5,04 TO 06,68.0,New Generation,1984,753,255000.0,710 YISHUN AVE 5,1.42821779793313,103.827761264778,760710,16.262933139803923,0.8166664362855798,5.0
YISHUN,3 ROOM,140,YISHUN RING RD,07 TO 09,68.0,New Generation,1985,766,275000.0,140 YISHUN RING RD,1.43118625952732,103.830601339189,760140,16.541437001006894,0.5264962122647511,8.0
YISHUN,3 ROOM,365,YISHUN RING RD,04 TO 06,74.0,Model A,1989,814,242800.0,365 YISHUN RING RD,1.42924779338166,103.845192240134,760365,16.1771409092365,1.132620021793333,5.0
YISHUN,3 ROOM,117,YISHUN RING RD,01 TO 03,74.0,Model A,1983,744,240000.0,117 YISHUN RING RD,1.43555874650871,103.827699051305,760117,17.069975448917557,0.8796883911258968,2.0
YISHUN,3 ROOM,103,YISHUN RING RD,01 TO 03,67.0,New Generation,1985,763,257000.0,103 YISHUN RING RD,1.43136934951878,103.828892847163,760103,16.58930121092298,0.7123960174718258,2.0
YISHUN,3 ROOM,622,YISHUN RING RD,04 TO 06,73.0,Model A,1987,794,270000.0,622 YISHUN RING RD,1.41834281775212,103.835022881174,760622,15.061152964678913,0.25090956197692754,5.0
YISHUN,3 ROOM,114,YISHUN RING RD,07 TO 09,74.0,Model A,1983,744,230000.0,114 YISHUN RING RD,1.43413792566359,103.827020312888,760114,16.92588119216975,1.0297258125433018,8.0
YISHUN,3 ROOM,116,YISHUN RING RD,01 TO 03,74.0,Model A,1983,743,250000.0,116 YISHUN RING RD,1.43502750249052,103.82813490143,760116,17.004152082108373,0.9275803707972085,2.0
YISHUN,3 ROOM,849,YISHUN RING RD,04 TO 06,60.0,Model A,1999,936,298000.0,849 YISHUN RING RD,1.41696049844254,103.835347787187,760849,14.904204448494415,0.2673824867294623,5.0
YISHUN,3 ROOM,256,YISHUN RING RD,04 TO 06,64.0,Simplified,1985,767,247000.0,256 YISHUN RING RD,1.43409342098238,103.839979155802,760256,16.749779714504836,0.757040549058446,5.0
YISHUN,3 ROOM,165,YISHUN RING RD,10 TO 12,64.0,Simplified,1988,803,258000.0,165 YISHUN RING RD,1.43577180513264,103.831783821967,760165,17.029006105167145,0.7895822479033918,11.0
YISHUN,3 ROOM,125,YISHUN ST 11,10 TO 12,67.0,New Generation,1984,762,280000.0,125 YISHUN ST 11,1.4339506942268,103.830439843368,760125,16.848321673649618,0.7132670790605962,11.0
YISHUN,3 ROOM,148,YISHUN ST 11,07 TO 09,67.0,New Generation,1985,771,300000.0,148 YISHUN ST 11,1.43195018839118,103.832337855178,760148,16.59967072914742,0.4069652371548214,8.0
YISHUN,3 ROOM,147,YISHUN ST 11,07 TO 09,67.0,New Generation,1985,770,282000.0,147 YISHUN ST 11,1.4312806628618,103.831829692469,760147,16.533217403742935,0.4078489128731334,8.0
YISHUN,3 ROOM,202,YISHUN ST 21,10 TO 12,67.0,New Generation,1985,771,305000.0,202 YISHUN ST 21,1.43066191912434,103.837334321945,760202,16.39498008339807,0.2922484050258897,11.0
YISHUN,3 ROOM,210,YISHUN ST 21,07 TO 09,67.0,New Generation,1985,771,273000.0,210 YISHUN ST 21,1.43131678141962,103.838865952817,760210,16.45205387891741,0.4770776428814986,8.0
YISHUN,3 ROOM,219,YISHUN ST 21,07 TO 09,68.0,New Generation,1985,772,263000.0,219 YISHUN ST 21,1.43331614582593,103.836150284922,760219,16.7017096240183,0.449086924715707,8.0
YISHUN,3 ROOM,222,YISHUN ST 21,10 TO 12,67.0,New Generation,1985,771,280000.0,222 YISHUN ST 21,1.43402857149304,103.835717035715,760222,16.785480853625753,0.5159892434159686,11.0
YISHUN,3 ROOM,201,YISHUN ST 21,04 TO 06,67.0,New Generation,1985,767,285000.0,201 YISHUN ST 21,1.43064865606425,103.837996781156,760201,16.386602301614595,0.3585638366172627,5.0
YISHUN,3 ROOM,273,YISHUN ST 22,04 TO 06,74.0,Model A,1986,781,240000.0,273 YISHUN ST 22,1.43768538064724,103.839676978317,760273,17.15058675829137,1.053414495871482,5.0
YISHUN,3 ROOM,261,YISHUN ST 22,04 TO 06,64.0,Simplified,1985,773,255000.0,261 YISHUN ST 22,1.43530973604166,103.838606289364,760261,16.896895910414997,0.7653773344083546,5.0
YISHUN,3 ROOM,336B,YISHUN ST 31,10 TO 12,67.0,Model A,2015,1133,317000.0,336B YISHUN ST 31,1.43137338046797,103.844331402418,762336,16.41764299284726,1.0587063922687205,11.0
YISHUN,3 ROOM,336A,YISHUN ST 31,13 TO 15,67.0,Model A,2015,1132,315000.0,336A YISHUN ST 31,1.43128333457857,103.844642494649,761336,16.405998929267103,1.0906690669022931,14.0
YISHUN,3 ROOM,335A,YISHUN ST 31,13 TO 15,67.0,Model A,2015,1132,330000.0,335A YISHUN ST 31,1.43328052675083,103.844436750229,761335,16.62890412379572,1.131937753050175,14.0
YISHUN,3 ROOM,455,YISHUN ST 41,04 TO 06,67.0,Model A,2013,1105,295000.0,455 YISHUN ST 41,1.41998045171784,103.844383980966,760455,15.152118922970846,1.300162922120798,5.0
YISHUN,3 ROOM,628,YISHUN ST 61,04 TO 06,73.0,Model A,1988,800,270000.0,628 YISHUN ST 61,1.41807802756009,103.836957262586,760628,15.007244247239274,0.44882281886158837,5.0
YISHUN,3 ROOM,746,YISHUN ST 72,04 TO 06,82.0,New Generation,1984,762,310000.0,746 YISHUN ST 72,1.42892003886143,103.833476161421,760746,16.249489626632243,0.1796273714854145,5.0
YISHUN,3 ROOM,852,YISHUN ST 81,10 TO 12,74.0,Model A,1988,801,306000.0,852 YISHUN ST 81,1.41605960153323,103.836795807043,760852,14.786104746900321,0.44899267277712257,11.0
YISHUN,3 ROOM,829,YISHUN ST 81,10 TO 12,73.0,Model A,1988,799,280000.0,829 YISHUN ST 81,1.41454077208263,103.833346442271,760829,14.666092412126831,0.31869770291860133,11.0
YISHUN,4 ROOM,431C,YISHUN AVE 1,01 TO 03,92.0,Model A,2015,1131,350000.0,431C YISHUN AVE 1,1.42019719250114,103.84650450091,763431,15.165726722963582,1.5356178192283323,2.0
YISHUN,4 ROOM,431D,YISHUN AVE 1,10 TO 12,92.0,Model A,2015,1131,385000.0,431D YISHUN AVE 1,1.4199690584837,103.846969476811,764431,15.13856870697407,1.581447656338151,11.0
YISHUN,4 ROOM,424C,YISHUN AVE 11,10 TO 12,92.0,Model A,2015,1134,400000.0,424C YISHUN AVE 11,1.42325871209596,103.849154996435,763424,15.498174243148101,1.7166690910835778,11.0
YISHUN,4 ROOM,458,YISHUN AVE 11,13 TO 15,93.0,Model A,2013,1106,430000.0,458 YISHUN AVE 11,1.42066731724757,103.846207771514,760458,15.21920664837561,1.5150827946768632,14.0
YISHUN,4 ROOM,428B,YISHUN AVE 11,04 TO 06,92.0,Model A,2015,1125,360000.0,428B YISHUN AVE 11,1.42207815400064,103.847233385196,762428,15.3720284432653,1.5869423112711118,5.0
YISHUN,4 ROOM,345,YISHUN AVE 11,07 TO 09,104.0,Model A,1988,807,357000.0,345 YISHUN AVE 11,1.42847591927493,103.844070961331,760345,16.097306716585354,1.013492255033097,8.0
YISHUN,4 ROOM,348A,YISHUN AVE 11,13 TO 15,92.0,DBSS,2013,1107,597000.0,348A YISHUN AVE 11,1.42735308102406,103.84121918037,761348,15.992143299086147,0.7288110267633136,14.0
YISHUN,4 ROOM,429B,YISHUN AVE 11,10 TO 12,92.0,Model A,2015,1134,390000.0,429B YISHUN AVE 11,1.42171591948582,103.849243699301,762429,15.32648353384019,1.800955496339261,11.0
YISHUN,4 ROOM,430B,YISHUN AVE 11,01 TO 03,92.0,Model A,2015,1134,360000.0,430B YISHUN AVE 11,1.42098709730833,103.848612654306,762430,15.246768553543507,1.7810501787137223,2.0
YISHUN,4 ROOM,429A,YISHUN AVE 11,04 TO 06,92.0,Model A,2015,1134,378000.0,429A YISHUN AVE 11,1.42209731725453,103.849560369299,761429,15.36835317403648,1.8124654217884277,5.0
YISHUN,4 ROOM,430A,YISHUN AVE 11,01 TO 03,92.0,Model A,2015,1133,363888.0,430A YISHUN AVE 11,1.42141170441529,103.848563744666,761430,15.294087348180437,1.7519026434478109,2.0
YISHUN,4 ROOM,348C,YISHUN AVE 11,04 TO 06,92.0,DBSS,2013,1107,540000.0,348C YISHUN AVE 11,1.42714143019714,103.84223128885,763348,15.961011416989502,0.8430580379971205,5.0
YISHUN,4 ROOM,350,YISHUN AVE 11,04 TO 06,108.0,Model A,1988,805,312000.0,350 YISHUN AVE 11,1.42547985096679,103.84427895925,760350,15.763412780116408,1.1211365160280358,5.0
YISHUN,4 ROOM,426B,YISHUN AVE 11,10 TO 12,92.0,Model A,2015,1124,390000.0,426B YISHUN AVE 11,1.4227214845963,103.846366899948,762426,15.446787862705955,1.4675692627958714,11.0
YISHUN,4 ROOM,348D,YISHUN AVE 11,04 TO 06,92.0,DBSS,2013,1106,515000.0,348D YISHUN AVE 11,1.42692662097559,103.842896956705,764348,15.932562730948861,0.9208130677854389,5.0
YISHUN,4 ROOM,424D,YISHUN AVE 11,10 TO 12,92.0,Model A,2015,1133,410000.0,424D YISHUN AVE 11,1.42282966353596,103.849223389089,764424,15.450346586389582,1.7432206528209029,11.0
YISHUN,4 ROOM,429A,YISHUN AVE 11,13 TO 15,92.0,Model A,2015,1133,390000.0,429A YISHUN AVE 11,1.42209731725453,103.849560369299,761429,15.36835317403648,1.8124654217884277,14.0
YISHUN,4 ROOM,443,YISHUN AVE 11,10 TO 12,92.0,Model A,2012,1092,430000.0,443 YISHUN AVE 11,1.42381002085379,103.844973012516,760443,15.574194872295688,1.2728304685211924,11.0
YISHUN,4 ROOM,772,YISHUN AVE 3,07 TO 09,84.0,Simplified,1985,772,318000.0,772 YISHUN AVE 3,1.4236387330377,103.832580045903,760772,15.679934931542105,0.6969833986827735,8.0
YISHUN,4 ROOM,666A,YISHUN AVE 4,04 TO 06,83.0,Simplified,1987,790,280000.0,666A YISHUN AVE 4,1.41940805219597,103.839993791322,761666,15.121999548511072,0.8115229429299355,5.0
YISHUN,4 ROOM,651,YISHUN AVE 4,07 TO 09,88.0,Simplified,1987,794,316000.0,651 YISHUN AVE 4,1.42336510076503,103.839103527645,760651,15.568918263479237,0.8150594533343533,8.0
YISHUN,4 ROOM,733,YISHUN AVE 5,10 TO 12,100.0,New Generation,1984,758,368000.0,733 YISHUN AVE 5,1.42965421082047,103.830889934491,760733,16.36826575883852,0.4580391402684445,11.0
YISHUN,4 ROOM,288,YISHUN AVE 6,01 TO 03,84.0,Simplified,1987,794,295000.0,288 YISHUN AVE 6,1.43994549676732,103.83762430993,760288,17.419892089338447,0.9666802663509324,2.0
YISHUN,4 ROOM,401,YISHUN AVE 6,01 TO 03,104.0,Model A,1988,806,322000.0,401 YISHUN AVE 6,1.42703376622136,103.847088611879,760401,15.92330159333512,1.3696698894563062,2.0
YISHUN,4 ROOM,289,YISHUN AVE 6,04 TO 06,103.0,Model A,1987,792,325000.0,289 YISHUN AVE 6,1.44052449307012,103.839005531098,760289,17.471145335187874,1.0906943068108568,5.0
YISHUN,4 ROOM,289,YISHUN AVE 6,07 TO 09,84.0,Simplified,1987,792,300000.0,289 YISHUN AVE 6,1.44052449307012,103.839005531098,760289,17.471145335187874,1.0906943068108568,8.0
YISHUN,4 ROOM,403,YISHUN AVE 6,01 TO 03,84.0,Simplified,1988,808,285000.0,403 YISHUN AVE 6,1.42693726397599,103.848553174584,760403,15.90839114447273,1.531573919149743,2.0
YISHUN,4 ROOM,403,YISHUN AVE 6,10 TO 12,84.0,Simplified,1988,808,283000.0,403 YISHUN AVE 6,1.42693726397599,103.848553174584,760403,15.90839114447273,1.531573919149743,11.0
YISHUN,4 ROOM,173,YISHUN AVE 7,07 TO 09,83.0,Simplified,1987,796,298000.0,173 YISHUN AVE 7,1.43706628176725,103.831120689838,760173,17.181322432966972,0.7079777075678485,8.0
YISHUN,4 ROOM,315A,YISHUN AVE 9,04 TO 06,92.0,Model A,2015,1132,405000.0,315A YISHUN AVE 9,1.43238385408312,103.842384119393,761315,16.541719763295095,0.8830369726905292,5.0
YISHUN,4 ROOM,315C,YISHUN AVE 9,04 TO 06,92.0,Model A,2015,1132,418000.0,315C YISHUN AVE 9,1.43236735703997,103.843300870773,763315,16.53395799460777,0.9778149895763525,5.0
YISHUN,4 ROOM,315A,YISHUN AVE 9,10 TO 12,92.0,Model A,2015,1132,436000.0,315A YISHUN AVE 9,1.43238385408312,103.842384119393,761315,16.541719763295095,0.8830369726905292,11.0
YISHUN,4 ROOM,315C,YISHUN AVE 9,10 TO 12,92.0,Model A,2015,1131,437000.0,315C YISHUN AVE 9,1.43236735703997,103.843300870773,763315,16.53395799460777,0.9778149895763525,11.0
YISHUN,4 ROOM,317A,YISHUN AVE 9,07 TO 09,92.0,Model A,2015,1131,418000.0,317A YISHUN AVE 9,1.43450592896688,103.843292004282,761317,16.771453446845275,1.0795831881376021,8.0
YISHUN,4 ROOM,316A,YISHUN AVE 9,01 TO 03,92.0,Model A,2015,1131,365000.0,316A YISHUN AVE 9,1.43335530681195,103.842705084631,761316,16.64740529076489,0.9601416946358853,2.0
YISHUN,4 ROOM,315A,YISHUN AVE 9,04 TO 06,92.0,Model A,2015,1131,418000.0,315A YISHUN AVE 9,1.43238385408312,103.842384119393,761315,16.541719763295095,0.8830369726905292,5.0
YISHUN,4 ROOM,316A,YISHUN AVE 9,13 TO 15,92.0,Model A,2015,1131,432000.0,316A YISHUN AVE 9,1.43335530681195,103.842705084631,761316,16.64740529076489,0.9601416946358853,14.0
YISHUN,4 ROOM,248,YISHUN AVE 9,01 TO 03,84.0,Simplified,1984,761,292000.0,248 YISHUN AVE 9,1.43566049426782,103.842373027861,760248,16.9054698625434,1.0718029138231007,2.0
YISHUN,4 ROOM,316C,YISHUN AVE 9,01 TO 03,92.0,Model A,2015,1131,352000.0,316C YISHUN AVE 9,1.43292306072856,103.843472712009,763316,16.59461764961434,1.0177033248280904,2.0
YISHUN,4 ROOM,141,YISHUN RING RD,10 TO 12,99.0,New Generation,1984,762,340000.0,141 YISHUN RING RD,1.43089700238255,103.830000816371,760141,16.519118442633214,0.5792882435988111,11.0
YISHUN,4 ROOM,395,YISHUN RING RD,04 TO 06,104.0,Model A,1988,807,320000.0,395 YISHUN RING RD,1.42884941903143,103.847221024874,760395,16.12465747475923,1.3595358880359736,5.0
YISHUN,4 ROOM,366,YISHUN RING RD,04 TO 06,104.0,Model A,1988,806,323000.0,366 YISHUN RING RD,1.428839245144,103.845809916163,760366,16.12891655289531,1.2029483090807433,5.0
YISHUN,4 ROOM,452,YISHUN RING RD,10 TO 12,92.0,Model A,2012,1094,378000.0,452 YISHUN RING RD,1.42208264283536,103.84541571786,760452,15.380087621156045,1.4174236574535548,11.0
YISHUN,4 ROOM,365,YISHUN RING RD,10 TO 12,104.0,Model A,1989,814,339000.0,365 YISHUN RING RD,1.42924779338166,103.845192240134,760365,16.1771409092365,1.132620021793333,11.0
YISHUN,4 ROOM,118,YISHUN RING RD,04 TO 06,104.0,Model A,1983,744,329000.0,118 YISHUN RING RD,1.43598707842969,103.828641482509,760118,17.10114949061121,0.8135911497617527,5.0
YISHUN,4 ROOM,413,YISHUN RING RD,07 TO 09,104.0,Model A,1993,860,338000.0,413 YISHUN RING RD,1.42501074313135,103.846428227306,760413,15.700924579348397,1.3620980786359749,8.0
YISHUN,4 ROOM,237,YISHUN RING RD,10 TO 12,96.0,New Generation,1985,768,390000.0,237 YISHUN RING RD,1.43345412197149,103.83891867844,760237,16.6883678137931,0.6230430632714088,11.0
YISHUN,4 ROOM,787,YISHUN RING RD,10 TO 12,84.0,Simplified,1988,800,370000.0,787 YISHUN RING RD,1.42103613884206,103.832062559086,760787,15.401169323290537,0.4187745282982076,11.0
YISHUN,4 ROOM,451,YISHUN RING RD,07 TO 09,92.0,Model A,2012,1093,391000.0,451 YISHUN RING RD,1.42205375166534,103.844675188975,760451,15.38071890033264,1.353000377476308,8.0
YISHUN,4 ROOM,342B,YISHUN RING RD,04 TO 06,93.0,Premium Apartment,2016,1134,390000.0,342B YISHUN RING RD,1.43024596089696,103.844838329615,762342,16.289769544570223,1.0967105341245849,5.0
YISHUN,4 ROOM,236,YISHUN RING RD,07 TO 09,93.0,New Generation,1985,770,310000.0,236 YISHUN RING RD,1.43416807984448,103.838998943947,760236,16.766736445863767,0.6878543456438886,8.0
YISHUN,4 ROOM,314,YISHUN RING RD,01 TO 03,108.0,Model A,1995,883,342000.0,314 YISHUN RING RD,1.4317314171105,103.841752753756,760314,16.473776361863273,0.7920612442204481,2.0
YISHUN,4 ROOM,312,YISHUN RING RD,10 TO 12,84.0,Simplified,1987,790,326888.0,312 YISHUN RING RD,1.43158235383889,103.8412806199,760312,16.460776061725714,0.7370367833454576,11.0
YISHUN,4 ROOM,855,YISHUN RING RD,07 TO 09,104.0,Model A,1988,809,372000.0,855 YISHUN RING RD,1.41708100677982,103.83694222437,760855,14.897212049383164,0.44173593353843055,8.0
YISHUN,4 ROOM,327,YISHUN RING RD,04 TO 06,84.0,Simplified,1988,802,295000.0,327 YISHUN RING RD,1.43007109914643,103.842396446526,760327,16.284958593774917,0.8245926368492136,5.0
YISHUN,4 ROOM,123,YISHUN ST 11,04 TO 06,93.0,New Generation,1985,767,340000.0,123 YISHUN ST 11,1.43457263947313,103.831796919201,760123,16.896593974744174,0.672688152638121,5.0
YISHUN,4 ROOM,218,YISHUN ST 21,01 TO 03,93.0,New Generation,1985,767,330000.0,218 YISHUN ST 21,1.43296691864933,103.836238061311,760218,16.662084646794412,0.4151133350920936,2.0
YISHUN,4 ROOM,269,YISHUN ST 22,07 TO 09,104.0,Model A,1988,802,340000.0,269 YISHUN ST 22,1.4371253783415,103.840329022671,760269,17.083079230918077,1.039209778104658,8.0
YISHUN,4 ROOM,279,YISHUN ST 22,10 TO 12,84.0,Simplified,1985,771,295000.0,279 YISHUN ST 22,1.43837258876623,103.837384298272,760279,17.248093498926075,1.0229051150696995,11.0
YISHUN,4 ROOM,264,YISHUN ST 22,04 TO 06,104.0,Model A,1986,780,355000.0,264 YISHUN ST 22,1.43587416567207,103.838503689093,760264,16.960399956799385,0.814017529821885,5.0
YISHUN,4 ROOM,262,YISHUN ST 22,04 TO 06,84.0,Simplified,1985,771,293000.0,262 YISHUN ST 22,1.4357801119708,103.83917092486,760262,16.94381885604271,0.8431894715414812,5.0
YISHUN,4 ROOM,334B,YISHUN ST 31,04 TO 06,92.0,Model A,2015,1133,390000.0,334B YISHUN ST 31,1.43253702015663,103.845643034703,762334,16.540501742879545,1.231549390003619,5.0
YISHUN,4 ROOM,335C,YISHUN ST 31,04 TO 06,92.0,Model A,2015,1133,390000.0,335C YISHUN ST 31,1.43248777014111,103.844367368405,763335,16.541220370728542,1.094400732877591,5.0
YISHUN,4 ROOM,335B,YISHUN ST 31,04 TO 06,92.0,Model A,2015,1133,365000.0,335B YISHUN ST 31,1.43284184188975,103.844333075878,762335,16.580728933135347,1.1036310285718651,5.0
YISHUN,4 ROOM,334B,YISHUN ST 31,10 TO 12,92.0,Model A,2015,1132,418000.0,334B YISHUN ST 31,1.43253702015663,103.845643034703,762334,16.540501742879545,1.231549390003619,11.0
YISHUN,4 ROOM,334A,YISHUN ST 31,10 TO 12,92.0,Model A,2015,1132,421000.0,334A YISHUN ST 31,1.43290624174601,103.844695383831,761334,16.58599599387278,1.1439442760773268,11.0
YISHUN,4 ROOM,335B,YISHUN ST 31,13 TO 15,92.0,Model A,2015,1132,410000.0,335B YISHUN ST 31,1.43284184188975,103.844333075878,762335,16.580728933135347,1.1036310285718651,14.0
YISHUN,4 ROOM,335C,YISHUN ST 31,04 TO 06,92.0,Model A,2015,1132,365000.0,335C YISHUN ST 31,1.43248777014111,103.844367368405,763335,16.541220370728542,1.094400732877591,5.0
YISHUN,4 ROOM,504D,YISHUN ST 51,07 TO 09,93.0,Model A,2016,1137,380000.0,504D YISHUN ST 51,1.41833362541375,103.843721655882,764504,14.973324272001433,1.1987280663903417,8.0
YISHUN,4 ROOM,504D,YISHUN ST 51,04 TO 06,93.0,Model A,2016,1137,390000.0,504D YISHUN ST 51,1.41833362541375,103.843721655882,764504,14.973324272001433,1.1987280663903417,5.0
YISHUN,4 ROOM,504D,YISHUN ST 51,10 TO 12,93.0,Model A,2016,1136,420800.0,504D YISHUN ST 51,1.41833362541375,103.843721655882,764504,14.973324272001433,1.1987280663903417,11.0
YISHUN,4 ROOM,505D,YISHUN ST 51,01 TO 03,92.0,Model A,2016,1136,360000.0,505D YISHUN ST 51,1.41883284175427,103.844225827265,764505,15.025621915671557,1.2604531604383367,2.0
YISHUN,4 ROOM,504B,YISHUN ST 51,04 TO 06,93.0,Model A,2016,1137,390000.0,504B YISHUN ST 51,1.41773318073336,103.84382441362,762504,14.906011558332587,1.206112231488422,5.0
YISHUN,4 ROOM,504C,YISHUN ST 51,07 TO 09,93.0,Model A,2016,1136,395000.0,504C YISHUN ST 51,1.41796651351006,103.843458679904,763504,14.934292883741305,1.1666329051485156,8.0
YISHUN,4 ROOM,505C,YISHUN ST 51,10 TO 12,93.0,Model A,2016,1136,420000.0,505C YISHUN ST 51,1.41923754461468,103.844227928881,763505,15.070545264591438,1.2672241581941257,11.0
YISHUN,4 ROOM,609,YISHUN ST 61,01 TO 03,84.0,Simplified,1986,780,303000.0,609 YISHUN ST 61,1.42098979316417,103.836352971103,760609,15.3364031804196,0.5490018623529254,2.0
YISHUN,4 ROOM,639,YISHUN ST 61,07 TO 09,84.0,Simplified,1987,793,288000.0,639 YISHUN ST 61,1.42056023821885,103.838449241015,760639,15.2650216489271,0.7031506815459606,8.0
YISHUN,4 ROOM,602,YISHUN ST 61,07 TO 09,88.0,Simplified,1987,790,300000.0,602 YISHUN ST 61,1.42254719084625,103.83630530745,760602,15.509118761200275,0.6828901185749735,8.0
YISHUN,4 ROOM,729,YISHUN ST 71,01 TO 03,89.0,Simplified,1987,790,300000.0,729 YISHUN ST 71,1.4258528493391,103.831598317323,760729,15.938723903937753,0.5502560253653241,2.0
YISHUN,4 ROOM,715,YISHUN ST 71,01 TO 03,90.0,Simplified,1987,791,305000.0,715 YISHUN ST 71,1.42638911318203,103.826910837812,760715,16.078123436125455,0.9617058921867665,2.0
YISHUN,4 ROOM,762,YISHUN ST 72,01 TO 03,84.0,Simplified,1985,772,303000.0,762 YISHUN ST 72,1.42568741187326,103.834007618825,760762,15.885502880806799,0.43207911431940443,2.0
YISHUN,4 ROOM,752,YISHUN ST 72,04 TO 06,91.0,New Generation,1984,753,380000.0,752 YISHUN ST 72,1.42723761189081,103.834050197556,760752,16.056022233029985,0.26722114840915645,5.0
YISHUN,4 ROOM,759,YISHUN ST 72,07 TO 09,84.0,Simplified,1985,770,365000.0,759 YISHUN ST 72,1.42624600707611,103.833233454885,760759,15.957872746853257,0.4063998387083632,8.0
YISHUN,4 ROOM,829,YISHUN ST 81,01 TO 03,103.0,Model A,1988,799,359000.0,829 YISHUN ST 81,1.41454077208263,103.833346442271,760829,14.666092412126831,0.31869770291860133,2.0
YISHUN,5 ROOM,432C,YISHUN AVE 1,07 TO 09,112.0,Improved,2015,1131,485000.0,432C YISHUN AVE 1,1.41949570230706,103.845973427257,763432,15.090065365026303,1.4633438709536544,8.0
YISHUN,5 ROOM,432A,YISHUN AVE 1,01 TO 03,112.0,Improved,2015,1130,450000.0,432A YISHUN AVE 1,1.41930728950471,103.847043629046,761432,15.064750970607733,1.5779046212302037,2.0
YISHUN,5 ROOM,432B,YISHUN AVE 1,10 TO 12,112.0,Improved,2015,1130,508000.0,432B YISHUN AVE 1,1.41909993352842,103.846461812401,762432,15.043975499550546,1.510766166949726,11.0
YISHUN,5 ROOM,431A,YISHUN AVE 1,10 TO 12,112.0,Improved,2015,1130,499000.0,431A YISHUN AVE 1,1.41960682497896,103.84728823711,761431,15.097172088000821,1.6096269185602656,11.0
YISHUN,5 ROOM,432A,YISHUN AVE 1,01 TO 03,112.0,Improved,2015,1130,460000.0,432A YISHUN AVE 1,1.41930728950471,103.847043629046,761432,15.064750970607733,1.5779046212302037,2.0
YISHUN,5 ROOM,426D,YISHUN AVE 11,07 TO 09,112.0,Improved,2015,1125,505000.0,426D YISHUN AVE 11,1.42312201562129,103.84749822076,764426,15.487172111997412,1.5564850462022626,8.0
YISHUN,5 ROOM,426D,YISHUN AVE 11,10 TO 12,112.0,Improved,2015,1125,500000.0,426D YISHUN AVE 11,1.42312201562129,103.84749822076,764426,15.487172111997412,1.5564850462022626,11.0
YISHUN,5 ROOM,426D,YISHUN AVE 11,07 TO 09,112.0,Improved,2015,1124,505000.0,426D YISHUN AVE 11,1.42312201562129,103.84749822076,764426,15.487172111997412,1.5564850462022626,8.0
YISHUN,5 ROOM,426D,YISHUN AVE 11,10 TO 12,112.0,Improved,2015,1124,505000.0,426D YISHUN AVE 11,1.42312201562129,103.84749822076,764426,15.487172111997412,1.5564850462022626,11.0
YISHUN,5 ROOM,396,YISHUN AVE 6,01 TO 03,122.0,Improved,1988,805,351000.0,396 YISHUN AVE 6,1.42835946189422,103.847037323224,760396,16.070817928212705,1.3429286158686278,2.0
YISHUN,5 ROOM,173,YISHUN AVE 7,04 TO 06,121.0,Improved,1987,796,388000.0,173 YISHUN AVE 7,1.43706628176725,103.831120689838,760173,17.181322432966972,0.7079777075678485,5.0
YISHUN,5 ROOM,318C,YISHUN AVE 9,01 TO 03,112.0,Improved,2015,1132,525000.0,318C YISHUN AVE 9,1.43338279018701,103.843517908933,763318,16.645394910094176,1.0427744003886112,2.0
YISHUN,5 ROOM,317A,YISHUN AVE 9,13 TO 15,112.0,Improved,2015,1132,535000.0,317A YISHUN AVE 9,1.43450592896688,103.843292004282,761317,16.771453446845275,1.0795831881376021,14.0
YISHUN,5 ROOM,315B,YISHUN AVE 9,01 TO 03,112.0,Improved,2015,1132,475000.0,315B YISHUN AVE 9,1.43193085614681,103.842565042895,762315,16.49021997502255,0.8847298300520294,2.0
YISHUN,5 ROOM,315B,YISHUN AVE 9,04 TO 06,112.0,Improved,2015,1131,535000.0,315B YISHUN AVE 9,1.43193085614681,103.842565042895,762315,16.49021997502255,0.8847298300520294,5.0
YISHUN,5 ROOM,318C,YISHUN AVE 9,07 TO 09,112.0,Improved,2015,1131,520000.0,318C YISHUN AVE 9,1.43338279018701,103.843517908933,763318,16.645394910094176,1.0427744003886112,8.0
YISHUN,5 ROOM,317A,YISHUN AVE 9,07 TO 09,112.0,Improved,2015,1131,540000.0,317A YISHUN AVE 9,1.43450592896688,103.843292004282,761317,16.771453446845275,1.0795831881376021,8.0
YISHUN,5 ROOM,323,YISHUN CTRL,04 TO 06,122.0,Improved,1988,805,458000.0,323 YISHUN CTRL,1.42817915274422,103.841271522781,760323,16.083352355259102,0.7106202353013994,5.0
YISHUN,5 ROOM,342A,YISHUN RING RD,04 TO 06,113.0,Premium Apartment,2016,1135,520000.0,342A YISHUN RING RD,1.43059711114855,103.84446482342,761342,16.330711083849675,1.0593523917358572,5.0
YISHUN,5 ROOM,367,YISHUN RING RD,04 TO 06,121.0,Improved,1988,806,415000.0,367 YISHUN RING RD,1.42959194827855,103.845121454277,760367,16.21571547834187,1.1246650019336708,5.0
YISHUN,5 ROOM,795,YISHUN RING RD,07 TO 09,122.0,Improved,1987,788,493000.0,795 YISHUN RING RD,1.41969431223035,103.83255122685,760795,15.24585494436335,0.2613461428622579,8.0
YISHUN,5 ROOM,167,YISHUN RING RD,04 TO 06,121.0,Improved,1987,798,380000.0,167 YISHUN RING RD,1.43661282967317,103.832356503845,760167,17.11371745887742,0.7993907514683236,5.0
YISHUN,5 ROOM,798,YISHUN RING RD,01 TO 03,123.0,Improved,1986,783,461000.0,798 YISHUN RING RD,1.41887402381764,103.833291182064,760798,15.144309606001338,0.16932617727243418,2.0
YISHUN,5 ROOM,308,YISHUN RING RD,10 TO 12,122.0,Improved,1988,803,415000.0,308 YISHUN RING RD,1.43122983753347,103.840559963761,760308,16.42740805987563,0.6486619171873566,11.0
YISHUN,5 ROOM,155,YISHUN ST 11,10 TO 12,121.0,Improved,1985,765,480000.0,155 YISHUN ST 11,1.43188685735306,103.834255994974,760155,16.566662847104194,0.2842063033920112,11.0
YISHUN,5 ROOM,161,YISHUN ST 11,07 TO 09,125.0,Improved,1985,767,480000.0,161 YISHUN ST 11,1.4327862752601,103.833132900961,760161,16.680826609062617,0.42603317072546276,8.0
YISHUN,5 ROOM,298,YISHUN ST 20,10 TO 12,112.0,Improved,2000,952,460000.0,298 YISHUN ST 20,1.43580262017873,103.835071687249,760298,16.989239672147438,0.7071873136333788,11.0
YISHUN,5 ROOM,212,YISHUN ST 21,04 TO 06,121.0,Improved,1985,765,438000.0,212 YISHUN ST 21,1.43178338863003,103.837440290013,760212,16.517990808725862,0.3754991521196186,5.0
YISHUN,5 ROOM,221,YISHUN ST 21,07 TO 09,121.0,Improved,1985,767,390000.0,221 YISHUN ST 21,1.43372181338636,103.836068035067,760221,16.747516468935043,0.49022705624126844,8.0
YISHUN,5 ROOM,333A,YISHUN ST 31,10 TO 12,112.0,Improved,2015,1133,531888.0,333A YISHUN ST 31,1.43199924808838,103.844936720419,761333,16.484039275645745,1.14000917206368,11.0
YISHUN,5 ROOM,335C,YISHUN ST 31,10 TO 12,112.0,Improved,2015,1132,538888.0,335C YISHUN ST 31,1.43248777014111,103.844367368405,763335,16.541220370728542,1.094400732877591,11.0
YISHUN,5 ROOM,336C,YISHUN ST 31,13 TO 15,112.0,Improved,2015,1132,520000.0,336C YISHUN ST 31,1.43184054730221,103.844133465,763336,16.47060784777819,1.0491518997625602,14.0
YISHUN,5 ROOM,504D,YISHUN ST 51,07 TO 09,112.0,Improved,2016,1137,520000.0,504D YISHUN ST 51,1.41833362541375,103.843721655882,764504,14.973324272001433,1.1987280663903417,8.0
YISHUN,5 ROOM,644,YISHUN ST 61,01 TO 03,121.0,Improved,1988,803,395000.0,644 YISHUN ST 61,1.42170773456657,103.837474519148,760644,15.402635218221581,0.6934254178017598,2.0
YISHUN,5 ROOM,850,YISHUN ST 81,04 TO 06,122.0,Improved,1988,805,443000.0,850 YISHUN ST 81,1.41603095097186,103.836239123144,760850,14.789908909677385,0.39226792304102553,5.0
YISHUN,5 ROOM,873,YISHUN ST 81,04 TO 06,122.0,Improved,1988,802,445000.0,873 YISHUN ST 81,1.4146948005698,103.836950254279,760873,14.633378024390934,0.5330683091281222,5.0
YISHUN,EXECUTIVE,652,YISHUN AVE 4,07 TO 09,169.0,Apartment,1992,852,780000.0,652 YISHUN AVE 4,1.42377923058461,103.840051834366,760652,15.60583713629895,0.8434227536571792,8.0
YISHUN,EXECUTIVE,405,YISHUN AVE 6,01 TO 03,148.0,Maisonette,1988,806,540000.0,405 YISHUN AVE 6,1.42684012912743,103.849273522587,760405,15.896144111121117,1.6122816464494687,2.0
YISHUN,EXECUTIVE,406,YISHUN AVE 6,01 TO 03,142.0,Apartment,1988,806,575000.0,406 YISHUN AVE 6,1.42607011749044,103.849303010046,760406,15.81048218523806,1.633020594403791,2.0
YISHUN,EXECUTIVE,643,YISHUN ST 61,10 TO 12,146.0,Maisonette,1987,795,575000.0,643 YISHUN ST 61,1.42133515867973,103.837436986724,760643,15.361844077517032,0.6622401090142139,11.0
YISHUN,EXECUTIVE,614,YISHUN ST 61,04 TO 06,146.0,Maisonette,1987,790,568888.0,614 YISHUN ST 61,1.4198290672055,103.836032497982,760614,15.212108758669771,0.4348563672952972,5.0
YISHUN,EXECUTIVE,643,YISHUN ST 61,10 TO 12,142.0,Apartment,1987,794,540000.0,643 YISHUN ST 61,1.42133515867973,103.837436986724,760643,15.361844077517032,0.6622401090142139,11.0
YISHUN,EXECUTIVE,724,YISHUN ST 71,04 TO 06,145.0,Apartment,1986,780,535000.0,724 YISHUN ST 71,1.42647481851247,103.82991593847,760724,16.034134830153434,0.6549514560188602,5.0
YISHUN,MULTI-GENERATION,633,YISHUN ST 61,01 TO 03,171.0,Multi Generation,1987,797,775000.0,633 YISHUN ST 61,1.41865757414383,103.839842120968,760633,15.040294294517908,0.7758562663570907,2.0
